id,proveedor,pagina,imagen,nombre_original,url
AIM-P001-001,Designs Aimari,1,AIM-P001-001.jpg,Guadalcacin Blue,https://media.designsaimari.com/products/cmsak7fn30l21np01zwgewh86/previews/1785600117219-5d6524ef-6818-4bc4-adfc-e7b18cf1879c.jpg?variante=1
AIM-P001-002,Designs Aimari,1,AIM-P001-002.jpg,Argentina Drexx,https://media.designsaimari.com/products/cmsaibco10koxnp01tazeaomx/previews/1785596944633-4145288c-feda-44b0-8a09-ec6e43657692.jpg?variante=2
AIM-P001-003,Designs Aimari,1,AIM-P001-003.jpg,Ballbreakers DUO Kit,https://media.designsaimari.com/products/cms9vwm0p0ibxpc01anhrzy2i/previews/1785559301285-bc3edbc9-9a8b-4589-b622-2b336c039461.jpg?variante=3
AIM-P001-004,Designs Aimari,1,AIM-P001-004.jpg,CRISTO CONVITERO MIXQUEÑO,https://media.designsaimari.com/products/cms9hnwec0f6fnp01ioeq0fqd/previews/1785535382850-695a7d83-e5a0-4c01-b81a-b2f027847228.jpg?variante=4
AIM-P001-005,Designs Aimari,1,AIM-P001-005.jpg,Africa del Sur,https://media.designsaimari.com/products/cms9hehwz0fgopc01wnm830ux/previews/1785534942474-7e7be854-ce32-4c81-bd61-c1bd7ba9e26f.jpg?variante=5
AIM-P001-006,Designs Aimari,1,AIM-P001-006.jpg,Senegal AFCON 2025,https://media.designsaimari.com/products/cms9h7pnh0fdtpc0127zbcpca/previews/1785534627438-5984abaf-b0ee-4111-8393-01aa79d816a9.jpg?variante=6
AIM-P001-007,Designs Aimari,1,AIM-P001-007.jpg,Jersey Blue And Red Sport,https://media.designsaimari.com/products/cms9gsy0k0ex4np01jwy2ukxq/previews/1785533935986-564c723a-0d55-4b30-8698-3867f7ae3305.jpg?variante=7
AIM-P001-008,Designs Aimari,1,AIM-P001-008.jpg,Sport Red Dark GB,https://media.designsaimari.com/products/cms9g214x0ejnnp01z4zgpt6s/previews/1785532681139-4c0217c8-7240-40e4-b04e-04ac03224f07.jpg?variante=8
AIM-P001-009,Designs Aimari,1,AIM-P001-009.jpg,River Plate 26-27,https://media.designsaimari.com/products/cms9f3zaq0e41np017jhwtf3e/previews/1785531091798-b7019670-a9f6-43c4-a5f4-ee4a45132fe5.jpg?variante=9
AIM-P001-010,Designs Aimari,1,AIM-P001-010.jpg,Deportivo Escolar,https://media.designsaimari.com/products/cms9edtb80drhnp0187n9gm2k/previews/1785529871436-771503ae-69b4-4037-92e9-b2a2ef61a9ab.jpg?variante=10
AIM-P001-011,Designs Aimari,1,AIM-P001-011.jpg,CAJN Concept Lobo,https://media.designsaimari.com/products/cms9dbhff0dfgnp018dtsv5to/previews/1785528082763-20b50ad8-3e61-4556-b929-dabb8cc136b5.jpg?variante=11
AIM-P001-012,Designs Aimari,1,AIM-P001-012.jpg,MANTO rashguard,https://media.designsaimari.com/products/cms9criyd0d4hnp01o0u9cbcn/previews/1785527151433-1febca0c-04e8-4039-b9be-79f487b5c67a.jpg?variante=12
AIM-P001-013,Designs Aimari,1,AIM-P001-013.jpg,Sport Grunge Amarillo,https://media.designsaimari.com/products/cms9cjdq20d0nnp01i0tgatih/previews/1785526772019-9b5c91f8-ac1c-430d-92ed-ed9f7b4a1490.jpg?variante=13
AIM-P001-014,Designs Aimari,1,AIM-P001-014.jpg,Jersey Sport Coral,https://media.designsaimari.com/products/cms9bz4fz0cq2np01f1uzqveh/previews/1785525826105-d454807c-ee57-4fe6-ac02-25e27bce8c33.jpg?variante=14
AIM-P001-015,Designs Aimari,1,AIM-P001-015.jpg,San Lorenzo Cuervo Rojo,https://media.designsaimari.com/products/cms9azmwb0cy6pc01bfvgm460/previews/1785524170846-79dbdbbe-d3d4-4626-b193-f9f08603dd02.jpg?variante=15
AIM-P001-016,Designs Aimari,1,AIM-P001-016.jpg,Inter Milan 2026-2027,https://media.designsaimari.com/products/cms9a5uj50c7xpc01xf543rvt/previews/1785522780738-5e461cdc-8a43-45b8-a490-05cc8ec65832.jpg?variante=16
AIM-P001-017,Designs Aimari,1,AIM-P001-017.jpg,Sports Design Red,https://media.designsaimari.com/products/cms99tfra0bxanp01y4ehyk9r/previews/1785522201735-2ad8d531-9e77-4c17-8c72-dd58ed291739.jpg?variante=17
AIM-P001-018,Designs Aimari,1,AIM-P001-018.jpg,Enmanuel F.C Herraientas,https://media.designsaimari.com/products/cms99fxon0bubpc01zjuz274e/previews/1785521572161-e20c7037-a51d-40d7-93c2-88e9e1570605.jpg?variante=18
AIM-P001-019,Designs Aimari,1,AIM-P001-019.jpg,Guardian del Camino Design,https://media.designsaimari.com/products/cms97b8tm0b3ipc01vwko8rej/previews/1785517995841-ce572dd6-7dae-4cfc-9f95-8148e49de387.jpg?variante=19
AIM-P001-020,Designs Aimari,1,AIM-P001-020.jpg,Deportivo Red,https://media.designsaimari.com/products/cms96t50e0aownp01ad8227x3/previews/1785517154513-e1c027d5-6771-444f-9687-9e777224b7c3.jpg?variante=20
AIM-P001-021,Designs Aimari,1,AIM-P001-021.jpg,Bélgica Concept,https://media.designsaimari.com/products/cms94pmfs09s0pc01ugxxpvd5/previews/1785513633055-ab4438ce-f216-48b2-9d36-22b7f66eaf89.jpg?variante=21
AIM-P001-022,Designs Aimari,1,AIM-P001-022.jpg,Manchester City Home,https://media.designsaimari.com/products/cms940eao0982np01i29okyem/previews/1785512825647-cafc3e51-e705-4c8c-8223-dd920fff368b.jpg?variante=22
AIM-P001-023,Designs Aimari,1,AIM-P001-023.png,Trazo Abstracto,https://media.designsaimari.com/products/cms93qs6o08yynp01mgwvxk4n/previews/1785512000536-20c08dd1-6411-41f9-8dc3-b623e7c5234d.png?variante=23
AIM-P001-024,Designs Aimari,1,AIM-P001-024.jpg,Jersey Grunge Concept,https://media.designsaimari.com/products/cms92qc5t08fqnp018mt35idk/previews/1785510301382-af6ba113-74c3-440b-92e8-27fe3814aa49.jpg?variante=24
AIM-P001-025,Designs Aimari,1,AIM-P001-025.jpg,Manchas Sports azul,https://media.designsaimari.com/products/cms90fq2v0786np013u2bukxl/previews/1785506445256-faa084d5-e84a-4930-9072-0bb4552c20e8.jpg?variante=25
AIM-P001-026,Designs Aimari,1,AIM-P001-026.jpg,Maradona Futbol,https://media.designsaimari.com/products/cms8zq95a06vnnp01gu2yydf4/previews/1785505267008-e18e441e-47e8-4139-bcd4-da99f00f06b2.jpg?variante=26
AIM-P001-027,Designs Aimari,1,AIM-P001-027.jpg,Bélgica Flamas Concept 2026,https://media.designsaimari.com/products/cms8z3hnk06oynp01d5j2rpdx/previews/1785504195975-61c6bad8-5412-433e-820e-0ce5deaaf95b.jpg?variante=27
AIM-P001-028,Designs Aimari,1,AIM-P001-028.jpg,Geometrico Blue Calabera,https://media.designsaimari.com/products/cms8y1zo606q4pc01xhxpx1yi/previews/1785502445330-f5011dc5-7fb6-44e7-9c7b-3da2b7f15292.jpg?variante=28
AIM-P001-029,Designs Aimari,1,AIM-P001-029.jpg,LUFFY SPORT AURA,https://media.designsaimari.com/products/cms824ksb021kpc01n31o8tqw/previews/1785448819218-4444f8d9-6efd-45cb-9247-61fd9e492f00.jpg?variante=29
AIM-P001-030,Designs Aimari,1,AIM-P001-030.jpg,Sports Relámpago,https://media.designsaimari.com/products/cms81fwyn01aanp019kltkiy5/previews/1785447668262-f074b00c-e3af-4048-b275-71155e26ebf2.jpg?variante=30
AIM-P001-031,Designs Aimari,1,AIM-P001-031.jpg,Garra de Tigre,https://media.designsaimari.com/products/cms81ada501okpc014xkplzwm/previews/1785447408985-7731acc6-72ad-4a04-80a8-a959a136b2da.jpg?variante=31
AIM-P001-032,Designs Aimari,1,AIM-P001-032.jpg,Jambados FC,https://media.designsaimari.com/products/cms7zc0aa00kipc01yn4a6n8h/previews/1785444127140-10ca6913-c2ea-4bd6-81d4-94de37564154.jpg?variante=32
AIM-P001-033,Designs Aimari,1,AIM-P001-033.jpg,Barcelona Fc,https://media.designsaimari.com/products/cms7xzpey005fr10191ykk3ay/previews/1785441872637-18bece46-60d8-4d36-8aa6-ded9ecf84956.jpg?variante=33
AIM-P001-034,Designs Aimari,1,AIM-P001-034.png,Argentina Gold,https://media.designsaimari.com/products/cms7xuk8v009fpi016bqcryil/previews/1785441650004-141a35ba-d7b8-4ee1-ba3c-4d9e8239c6fb.png?variante=34
AIM-P001-035,Designs Aimari,1,AIM-P001-035.jpg,Lines Sport,https://media.designsaimari.com/products/cms7xfina000gpi01n34d4ktc/previews/1785440930726-e0ff23ec-73f9-4f8f-a006-99f2270935b3.jpg?variante=35
AIM-P001-036,Designs Aimari,1,AIM-P001-036.jpg,Pointillizer Blue,https://media.designsaimari.com/products/cms7x2mjr0039p8010dovi18a/previews/1785440331953-d0afacb8-7f53-4463-9658-38caf1c6446d.jpg?variante=36
AIM-P001-037,Designs Aimari,1,AIM-P001-037.jpg,ATLÉTICO GRAU 2026,https://media.designsaimari.com/products/cms7vfx8e02tfns01uy0vjfdd/previews/1785437590480-8a7c91b9-aad3-4c66-b9d2-a97ece5f786a.jpg?variante=37
AIM-P001-038,Designs Aimari,1,AIM-P001-038.jpg,Forta Run Fest,https://media.designsaimari.com/products/cms7sagtq01iwp3015sz16e4u/previews/1785432297120-34035a0c-63ac-4478-9953-e93d1559c9c8.jpg?variante=38
AIM-P001-039,Designs Aimari,1,AIM-P001-039.jpg,Capitana Carter,https://media.designsaimari.com/products/cms7rl7uj00ylp301dvop4ezf/previews/1785431118982-3003fbc1-ec56-4c42-b835-660ef8f95f88.jpg?variante=39
AIM-P001-040,Designs Aimari,1,AIM-P001-040.jpg,CS Cartaginés 2026-2027 Away,https://media.designsaimari.com/products/cms7re95c00vbp30128mdjkf8/previews/1785430794965-c8f52fca-1d04-4374-bfb1-cb2d65c7ccd2.jpg?variante=40
AIM-P001-041,Designs Aimari,1,AIM-P001-041.jpg,Jersey Escolar,https://media.designsaimari.com/products/cms7rbfdx00tmp30168dnxqg4/previews/1785430663647-55a84c1b-31c7-44b8-a5a6-272d868da4f1.jpg?variante=41
AIM-P001-042,Designs Aimari,1,AIM-P001-042.jpg,Monte de Sion Gris,https://media.designsaimari.com/products/cms7pttah01n0ny0174qyikss/previews/1785428161331-191ca451-7401-4da2-b8b9-77906be801ff.jpg?variante=42
AIM-P001-043,Designs Aimari,1,AIM-P001-043.jpg,Juventus Concepto Versace,https://media.designsaimari.com/products/cms7pi3vh0186ny018fb7t1iz/previews/1785427614642-39318fe2-e1f2-441d-9f1f-daae1d86d223.jpg?variante=43
AIM-P001-044,Designs Aimari,1,AIM-P001-044.jpg,Warrior Sports,https://media.designsaimari.com/products/cms7p7dma01lkpg01i8o5fvg5/previews/1785427134175-43a67230-1875-4b21-be34-ffe6b3f2c5c7.jpg?variante=44
AIM-P001-045,Designs Aimari,1,AIM-P001-045.jpg,Jersey Samurai,https://media.designsaimari.com/products/cms7kx3n600iypi01c8t7yea0/previews/1785419918609-00322c72-bbf3-48a1-9623-ca01ab4d77e9.jpg?variante=45
AIM-P001-046,Designs Aimari,1,AIM-P001-046.jpg,Cañeras Sports Degrade,https://media.designsaimari.com/products/cms7kfsz30avbpb01qpta3sfz/previews/1785419114787-6d256c10-fc70-4a1d-8643-f9f8e10fb7f5.jpg?variante=46
AIM-P001-047,Designs Aimari,1,AIM-P001-047.png,Deportivo Antigua GFC,https://media.designsaimari.com/products/cms7k4tj90aptpb010rtwilij/previews/1785418626267-0c7dfd90-cbd4-4d79-9e67-79645d732235.png?variante=47
AIM-P001-048,Designs Aimari,1,AIM-P001-048.jpg,Atlante  FC 26-27,https://media.designsaimari.com/products/cms6mm9ea0545tg01p616n1c4/previews/1785362303699-d874076e-e00b-4cc4-8cc6-c90e7ca16494.jpg?variante=48
AIM-P001-049,Designs Aimari,1,AIM-P001-049.jpg,Sports Grunge Purple,https://media.designsaimari.com/products/cms6lu54a04p9tg01zmrciwp9/previews/1785360993178-474bd586-7796-453c-98da-87cbc9ab6f01.jpg?variante=49
AIM-P001-050,Designs Aimari,1,AIM-P001-050.jpg,Jersey España Neón,https://media.designsaimari.com/products/cms6ldepr04lipb01d4152pfh/previews/1785360212645-9f86be59-cbd6-44f4-b2f0-113f81ccdebe.jpg?variante=50
AIM-P001-051,Designs Aimari,1,AIM-P001-051.jpg,Manchester United Dark Red Diamond,https://media.designsaimari.com/products/cms6kq4rj044apb014gmzlh0g/previews/1785359124711-f9971bd6-94a3-438a-b443-ba09259c368a.jpg?variante=51
AIM-P001-052,Designs Aimari,1,AIM-P001-052.jpg,PSG Jordan Billion Blue,https://media.designsaimari.com/products/cms6k4o8s03xptg016lv4arxs/previews/1785358123669-286bd7b0-361c-49dd-8e53-2fac012e322d.jpg?variante=52
AIM-P001-053,Designs Aimari,1,AIM-P001-053.jpg,Club Sport Cartaginés,https://media.designsaimari.com/products/cms6k1dlz03uvpb01zrl5sw9r/previews/1785357972965-018081e4-490e-4a38-9077-3300825bc467.jpg?variante=53
AIM-P001-054,Designs Aimari,1,AIM-P001-054.jpg,Paris Saint Germain,https://media.designsaimari.com/products/cms6gq7wl0291pb01dsokkrnn/previews/1785352411290-5c1c6983-b3f4-4c1d-b44c-360412ba3b02.jpg?variante=54
AIM-P001-055,Designs Aimari,1,AIM-P001-055.jpg,GEOMETRICA SPORT,https://media.designsaimari.com/products/cms6ghnrd0256pb01o3x7xzkt/previews/1785352010971-f788de30-c596-400a-99a3-af0748cd8094.jpg?variante=55
AIM-P001-056,Designs Aimari,1,AIM-P001-056.jpg,Guatemala 2026,https://media.designsaimari.com/products/cms6eb7cn00vmpb01ntvqtwhs/previews/1785348350978-0dfb00e0-22a2-4720-a8d7-81f51cbd427f.jpg?variante=56
AIM-P001-057,Designs Aimari,1,AIM-P001-057.jpg,Guatemala 2026-2027 Home,https://media.designsaimari.com/products/cms6cghhf009lo901ltt2ti5j/previews/1785345238271-a08c7dc9-7c65-4f40-89cd-7550aad2e50d.jpg?variante=57
AIM-P001-058,Designs Aimari,1,AIM-P001-058.jpg,Independiente Medellín,https://media.designsaimari.com/products/cms6c239y002so90140t3hsbv/previews/1785344567018-468c45fa-8239-4ca7-8315-1769e57b2c7b.jpg?variante=58
AIM-P001-059,Designs Aimari,1,AIM-P001-059.jpg,Wonder Woman,https://media.designsaimari.com/products/cms6b94uc000cqs01w0ted3ar/previews/1785343215271-b32e6b63-b6b0-4902-94c6-49b22af434a1.jpg?variante=59
AIM-P001-060,Designs Aimari,1,AIM-P001-060.jpg,C. Deportivo Ferrocarril Fans 2026,https://media.designsaimari.com/products/cms6a4guc00bxs801axq5q8f2/previews/1785341319944-12145ecd-7777-40c6-b0d1-a8fce25f5169.jpg?variante=60
AIM-P002-061,Designs Aimari,2,AIM-P002-061.jpg,Gladeador Black Sports,https://media.designsaimari.com/products/cms69jrtx003ms801dwqyjcdn/previews/1785402791807-bf0c4cd6-2e49-41e7-8f77-7345606ec4ff.jpg?variante=61
AIM-P002-062,Designs Aimari,2,AIM-P002-062.jpg,Águila Concept,https://media.designsaimari.com/products/cms68vqq10009l2019rpohle2/previews/1785339231947-dd8b2a70-2a71-4f4d-aec3-db42063fcc54.jpg?variante=62
AIM-P002-063,Designs Aimari,2,AIM-P002-063.jpg,Zabdi FC,https://media.designsaimari.com/products/cms68l6dx080xqp01yl60g4u7/previews/1785338738658-055407a9-33ea-431b-be41-caba7b5a44bf.jpg?variante=63
AIM-P002-064,Designs Aimari,2,AIM-P002-064.jpg,SAN MARTÍN DE TUCUMÁN,https://media.designsaimari.com/products/cms68glhk08jsn101jtgdulci/previews/1785338524392-c806424c-7a0e-4cb5-b042-a903c5cd9de4.jpg?variante=64
AIM-P002-065,Designs Aimari,2,AIM-P002-065.jpg,Sporting Royal Green GEO,https://media.designsaimari.com/products/cms67xs3y08e7n101c0r9yupy/previews/1785337646562-f191df0a-f656-4e33-87aa-72458475e8f0.jpg?variante=65
AIM-P002-066,Designs Aimari,2,AIM-P002-066.jpg,Pattern Geometrico Morado,https://media.designsaimari.com/products/cms673zfs076rqp01j3r73icj/previews/1785336256564-602c9738-89fb-4f42-aa91-52d0da44ccdc.jpg?variante=66
AIM-P002-067,Designs Aimari,2,AIM-P002-067.jpg,Atlético de San Luis Local 202627,https://media.designsaimari.com/products/cms670af80732qp01rpfkqmnk/previews/1785336084213-b6a17519-169f-4b0f-b66e-ed32b2f78577.jpg?variante=67
AIM-P002-068,Designs Aimari,2,AIM-P002-068.jpg,Jersey Tiger Patron,https://media.designsaimari.com/products/cms66yvem07o5n101p1tov980/previews/1785336018069-59f62ce3-8640-4ee6-91e4-6074ee8d43d4.gif?variante=68
AIM-P002-069,Designs Aimari,2,AIM-P002-069.jpg,Sports Colors,https://media.designsaimari.com/products/cms65ipoy070sn101hirr3h5t/previews/1785333584371-c6156381-f930-4eb0-ae2e-adcbf8312b33.jpg?variante=69
AIM-P002-070,Designs Aimari,2,AIM-P002-070.jpg,Pointillizer Celeste,https://media.designsaimari.com/products/cms64lf8u06mmn101x3ek9omp/previews/1785332031129-e11ed45c-9c6b-4ac6-a6a5-9b7cfdbae487.jpg?variante=70
AIM-P002-071,Designs Aimari,2,AIM-P002-071.jpg,Barca Spider Man 2026,https://media.designsaimari.com/products/cms5zyjfd04xgqp01vsyfxgea/previews/1785324244971-2156220d-52b6-45c4-9a13-b6b73ce558ac.jpg?variante=71
AIM-P002-072,Designs Aimari,2,AIM-P002-072.jpg,Watford Goalkeeper Home Kit 26-27,https://media.designsaimari.com/products/cms5auiip01huqp01gr1i6ine/previews/1785282067322-c5919906-c4ce-4044-a0c2-4cb851cf66bc.jpg?variante=72
AIM-P002-073,Designs Aimari,2,AIM-P002-073.jpg,Comunicaciones FC Local 2026-27,https://media.designsaimari.com/products/cms57287200lzn1011v7cyzpx/previews/1785430564281-d87994b2-e034-4e27-b14b-1cbffffd0ee2.jpg?variante=73
AIM-P002-074,Designs Aimari,2,AIM-P002-074.jpg,Comunicaciones FC Thirt 26-27,https://media.designsaimari.com/products/cms56v6bf00amqp01mb3dwhcj/previews/1785275379156-29934ad5-641d-4c0d-b346-f45d4c2fa2a8.jpg?variante=74
AIM-P002-075,Designs Aimari,2,AIM-P002-075.jpg,Real Juventud,https://media.designsaimari.com/products/cms56gwgb00cxn101bw0xe2hp/previews/1785274713179-ab1ade0d-829f-46b1-af42-d7640c575690.jpg?variante=75
AIM-P002-076,Designs Aimari,2,AIM-P002-076.jpg,Voley Gradient,https://media.designsaimari.com/products/cms5489ze03y7qm01wgbxszwc/previews/1785270951912-7a8b5ae9-45fc-46ef-87a9-34b539720d4a.jpg?variante=76
AIM-P002-077,Designs Aimari,2,AIM-P002-077.jpg,PAISES BAJOS 1988,https://media.designsaimari.com/products/cms53f9zr03igmw01b0u5mxid/previews/1785269599432-3d710c81-20a4-43fc-a717-ccb9134ee0d7.jpg?variante=77
AIM-P002-078,Designs Aimari,2,AIM-P002-078.jpg,Geometric Concept Celeste,https://media.designsaimari.com/products/cms52sxqd035nmw01eclwc10l/previews/1785268556247-8b159daa-a9ea-4f8a-ac3b-89f9899835ca.jpg?variante=78
AIM-P002-079,Designs Aimari,2,AIM-P002-079.png,Electric Design,https://media.designsaimari.com/products/cms4vt1i100kcp701r85lz727/preview.png?variante=79
AIM-P002-080,Designs Aimari,2,AIM-P002-080.jpg,Interclasse Leon Fuego,https://media.designsaimari.com/products/cms4vf0q6006ppe01x7dzvq2n/preview.jpg?variante=80
AIM-P002-081,Designs Aimari,2,AIM-P002-081.jpg,Señora del Rosario,https://media.designsaimari.com/products/cms4ux0f203ijrz01635guqjy/preview.jpg?variante=81
AIM-P002-082,Designs Aimari,2,AIM-P002-082.jpg,ISLANDIA 2026,https://media.designsaimari.com/products/cms4skl8e00ndlj01axe461k3/preview.jpg?variante=82
AIM-P002-083,Designs Aimari,2,AIM-P002-083.jpg,Night Light Runners,https://media.designsaimari.com/products/cms4s5gae00gll201sqn4q2xo/preview.jpg?variante=83
AIM-P002-084,Designs Aimari,2,AIM-P002-084.jpg,Juego de Tronos,https://media.designsaimari.com/products/cms4qksi007qnly01ileq6vb5/preview.jpg?variante=84
AIM-P002-085,Designs Aimari,2,AIM-P002-085.jpg,Barcelona SC 101 Años,https://media.designsaimari.com/products/cms3u309l00jsly010aqael18/preview.jpg?variante=85
AIM-P002-086,Designs Aimari,2,AIM-P002-086.jpg,Huracan Concept,https://media.designsaimari.com/products/cms3t163w002lls01gmld4qjl/preview.jpg?variante=86
AIM-P002-087,Designs Aimari,2,AIM-P002-087.jpg,Sporting Azul,https://media.designsaimari.com/products/cms3sbb77001zjn01fi5frbw5/preview.jpg?variante=87
AIM-P002-088,Designs Aimari,2,AIM-P002-088.jpg,RAYO CONCEPT,https://media.designsaimari.com/products/cms3s2js4045po301bl8epxuk/preview.jpg?variante=88
AIM-P002-089,Designs Aimari,2,AIM-P002-089.jpg,BasketBall Fenix Pink Concept,https://media.designsaimari.com/products/cms3riwsz0496ml014p83a3te/preview.jpg?variante=89
AIM-P002-090,Designs Aimari,2,AIM-P002-090.jpg,Night light,https://media.designsaimari.com/products/cms3qq12z03noml01xouahq5b/preview.jpg?variante=90
AIM-P002-091,Designs Aimari,2,AIM-P002-091.jpg,Jersey Taller,https://media.designsaimari.com/products/cms3nv3ua022mml01iegn90wf/preview.jpg?variante=91
AIM-P002-092,Designs Aimari,2,AIM-P002-092.jpg,Wayyu Design Abstract,https://media.designsaimari.com/products/cms3mcnqr01e3o301omku0bn3/preview.jpg?variante=92
AIM-P002-093,Designs Aimari,2,AIM-P002-093.jpg,Hexagono Sports,https://media.designsaimari.com/products/cms3lhw9l0129ml016pfgt7gt/preview.jpg?variante=93
AIM-P002-094,Designs Aimari,2,AIM-P002-094.png,Pointillizer concept blue,https://media.designsaimari.com/products/cms3kn9sk00gqml013x97i7ex/preview.png?variante=94
AIM-P002-095,Designs Aimari,2,AIM-P002-095.jpg,Deportivo Neon Bicolor,https://media.designsaimari.com/products/cms3jhlss01nhpb01k2gurgnb/preview.jpg?variante=95
AIM-P002-096,Designs Aimari,2,AIM-P002-096.jpg,Argentina Rosas Blue,https://media.designsaimari.com/products/cms3ifr9m012apb011n0tvmx8/preview.jpg?variante=96
AIM-P002-097,Designs Aimari,2,AIM-P002-097.jpg,Federación Ovetense,https://media.designsaimari.com/products/cms3hfr7i00kip601xzyqt1ov/preview.jpg?variante=97
AIM-P002-098,Designs Aimari,2,AIM-P002-098.jpg,Sport Verde,https://media.designsaimari.com/products/cms3fdbul00cpmt01mc7axalm/preview.jpg?variante=98
AIM-P002-099,Designs Aimari,2,AIM-P002-099.jpg,Argelia Mundial 2026,https://media.designsaimari.com/products/cms3ec5rj0athjf01wfkvcjzq/previews/1785258627879-f95a5ee1-3310-4ec2-82e2-ff1c95e21b29.jpg?variante=99
AIM-P002-100,Designs Aimari,2,AIM-P002-100.png,Juniors Lion,https://media.designsaimari.com/products/cms3cns4t09wcjf01uoqoory9/preview.png?variante=100
AIM-P002-101,Designs Aimari,2,AIM-P002-101.jpg,Guadalcacin Blue (Variante 101) (Variante 101),https://media.designsaimari.com/products/cmsak7fn30l21np01zwgewh86/previews/1785600117219-5d6524ef-6818-4bc4-adfc-e7b18cf1879c.jpg?variante=101
AIM-P002-102,Designs Aimari,2,AIM-P002-102.jpg,Argentina Drexx (Variante 102) (Variante 102),https://media.designsaimari.com/products/cmsaibco10koxnp01tazeaomx/previews/1785596944633-4145288c-feda-44b0-8a09-ec6e43657692.jpg?variante=102
AIM-P002-103,Designs Aimari,2,AIM-P002-103.jpg,Ballbreakers DUO Kit (Variante 103) (Variante 103),https://media.designsaimari.com/products/cms9vwm0p0ibxpc01anhrzy2i/previews/1785559301285-bc3edbc9-9a8b-4589-b622-2b336c039461.jpg?variante=103
AIM-P002-104,Designs Aimari,2,AIM-P002-104.jpg,CRISTO CONVITERO MIXQUEÑO (Variante 104) (Variante 104),https://media.designsaimari.com/products/cms9hnwec0f6fnp01ioeq0fqd/previews/1785535382850-695a7d83-e5a0-4c01-b81a-b2f027847228.jpg?variante=104
AIM-P002-105,Designs Aimari,2,AIM-P002-105.jpg,Africa del Sur (Variante 105) (Variante 105),https://media.designsaimari.com/products/cms9hehwz0fgopc01wnm830ux/previews/1785534942474-7e7be854-ce32-4c81-bd61-c1bd7ba9e26f.jpg?variante=105
AIM-P002-106,Designs Aimari,2,AIM-P002-106.jpg,Senegal AFCON 2025 (Variante 106) (Variante 106),https://media.designsaimari.com/products/cms9h7pnh0fdtpc0127zbcpca/previews/1785534627438-5984abaf-b0ee-4111-8393-01aa79d816a9.jpg?variante=106
AIM-P002-107,Designs Aimari,2,AIM-P002-107.jpg,Jersey Blue And Red Sport (Variante 107) (Variante 107),https://media.designsaimari.com/products/cms9gsy0k0ex4np01jwy2ukxq/previews/1785533935986-564c723a-0d55-4b30-8698-3867f7ae3305.jpg?variante=107
AIM-P002-108,Designs Aimari,2,AIM-P002-108.jpg,Sport Red Dark GB (Variante 108) (Variante 108),https://media.designsaimari.com/products/cms9g214x0ejnnp01z4zgpt6s/previews/1785532681139-4c0217c8-7240-40e4-b04e-04ac03224f07.jpg?variante=108
AIM-P002-109,Designs Aimari,2,AIM-P002-109.jpg,River Plate 26-27 (Variante 109) (Variante 109),https://media.designsaimari.com/products/cms9f3zaq0e41np017jhwtf3e/previews/1785531091798-b7019670-a9f6-43c4-a5f4-ee4a45132fe5.jpg?variante=109
AIM-P002-110,Designs Aimari,2,AIM-P002-110.jpg,Deportivo Escolar (Variante 110) (Variante 110),https://media.designsaimari.com/products/cms9edtb80drhnp0187n9gm2k/previews/1785529871436-771503ae-69b4-4037-92e9-b2a2ef61a9ab.jpg?variante=110
AIM-P002-111,Designs Aimari,2,AIM-P002-111.jpg,CAJN Concept Lobo (Variante 111) (Variante 111),https://media.designsaimari.com/products/cms9dbhff0dfgnp018dtsv5to/previews/1785528082763-20b50ad8-3e61-4556-b929-dabb8cc136b5.jpg?variante=111
AIM-P002-112,Designs Aimari,2,AIM-P002-112.jpg,MANTO rashguard (Variante 112) (Variante 112),https://media.designsaimari.com/products/cms9criyd0d4hnp01o0u9cbcn/previews/1785527151433-1febca0c-04e8-4039-b9be-79f487b5c67a.jpg?variante=112
AIM-P002-113,Designs Aimari,2,AIM-P002-113.jpg,Sport Grunge Amarillo (Variante 113) (Variante 113),https://media.designsaimari.com/products/cms9cjdq20d0nnp01i0tgatih/previews/1785526772019-9b5c91f8-ac1c-430d-92ed-ed9f7b4a1490.jpg?variante=113
AIM-P002-114,Designs Aimari,2,AIM-P002-114.jpg,Jersey Sport Coral (Variante 114) (Variante 114),https://media.designsaimari.com/products/cms9bz4fz0cq2np01f1uzqveh/previews/1785525826105-d454807c-ee57-4fe6-ac02-25e27bce8c33.jpg?variante=114
AIM-P002-115,Designs Aimari,2,AIM-P002-115.jpg,San Lorenzo Cuervo Rojo (Variante 115) (Variante 115),https://media.designsaimari.com/products/cms9azmwb0cy6pc01bfvgm460/previews/1785524170846-79dbdbbe-d3d4-4626-b193-f9f08603dd02.jpg?variante=115
AIM-P002-116,Designs Aimari,2,AIM-P002-116.jpg,Inter Milan 2026-2027 (Variante 116) (Variante 116),https://media.designsaimari.com/products/cms9a5uj50c7xpc01xf543rvt/previews/1785522780738-5e461cdc-8a43-45b8-a490-05cc8ec65832.jpg?variante=116
AIM-P002-117,Designs Aimari,2,AIM-P002-117.jpg,Sports Design Red (Variante 117) (Variante 117),https://media.designsaimari.com/products/cms99tfra0bxanp01y4ehyk9r/previews/1785522201735-2ad8d531-9e77-4c17-8c72-dd58ed291739.jpg?variante=117
AIM-P002-118,Designs Aimari,2,AIM-P002-118.jpg,Enmanuel F.C Herraientas (Variante 118) (Variante 118),https://media.designsaimari.com/products/cms99fxon0bubpc01zjuz274e/previews/1785521572161-e20c7037-a51d-40d7-93c2-88e9e1570605.jpg?variante=118
AIM-P002-119,Designs Aimari,2,AIM-P002-119.jpg,Guardian del Camino Design (Variante 119) (Variante 119),https://media.designsaimari.com/products/cms97b8tm0b3ipc01vwko8rej/previews/1785517995841-ce572dd6-7dae-4cfc-9f95-8148e49de387.jpg?variante=119
AIM-P002-120,Designs Aimari,2,AIM-P002-120.jpg,Deportivo Red (Variante 120) (Variante 120),https://media.designsaimari.com/products/cms96t50e0aownp01ad8227x3/previews/1785517154513-e1c027d5-6771-444f-9687-9e777224b7c3.jpg?variante=120
AIM-P003-121,Designs Aimari,3,AIM-P003-121.jpg,Bélgica Concept (Variante 121) (Variante 121),https://media.designsaimari.com/products/cms94pmfs09s0pc01ugxxpvd5/previews/1785513633055-ab4438ce-f216-48b2-9d36-22b7f66eaf89.jpg?variante=121
AIM-P003-122,Designs Aimari,3,AIM-P003-122.jpg,Manchester City Home (Variante 122) (Variante 122),https://media.designsaimari.com/products/cms940eao0982np01i29okyem/previews/1785512825647-cafc3e51-e705-4c8c-8223-dd920fff368b.jpg?variante=122
AIM-P003-123,Designs Aimari,3,AIM-P003-123.png,Trazo Abstracto (Variante 123) (Variante 123),https://media.designsaimari.com/products/cms93qs6o08yynp01mgwvxk4n/previews/1785512000536-20c08dd1-6411-41f9-8dc3-b623e7c5234d.png?variante=123
AIM-P003-124,Designs Aimari,3,AIM-P003-124.jpg,Jersey Grunge Concept (Variante 124) (Variante 124),https://media.designsaimari.com/products/cms92qc5t08fqnp018mt35idk/previews/1785510301382-af6ba113-74c3-440b-92e8-27fe3814aa49.jpg?variante=124
AIM-P003-125,Designs Aimari,3,AIM-P003-125.jpg,Manchas Sports azul (Variante 125) (Variante 125),https://media.designsaimari.com/products/cms90fq2v0786np013u2bukxl/previews/1785506445256-faa084d5-e84a-4930-9072-0bb4552c20e8.jpg?variante=125
AIM-P003-126,Designs Aimari,3,AIM-P003-126.jpg,Maradona Futbol (Variante 126) (Variante 126),https://media.designsaimari.com/products/cms8zq95a06vnnp01gu2yydf4/previews/1785505267008-e18e441e-47e8-4139-bcd4-da99f00f06b2.jpg?variante=126
AIM-P003-127,Designs Aimari,3,AIM-P003-127.jpg,Bélgica Flamas Concept 2026 (Variante 127) (Variante 127),https://media.designsaimari.com/products/cms8z3hnk06oynp01d5j2rpdx/previews/1785504195975-61c6bad8-5412-433e-820e-0ce5deaaf95b.jpg?variante=127
AIM-P003-128,Designs Aimari,3,AIM-P003-128.jpg,Geometrico Blue Calabera (Variante 128) (Variante 128),https://media.designsaimari.com/products/cms8y1zo606q4pc01xhxpx1yi/previews/1785502445330-f5011dc5-7fb6-44e7-9c7b-3da2b7f15292.jpg?variante=128
AIM-P003-129,Designs Aimari,3,AIM-P003-129.jpg,LUFFY SPORT AURA (Variante 129) (Variante 129),https://media.designsaimari.com/products/cms824ksb021kpc01n31o8tqw/previews/1785448819218-4444f8d9-6efd-45cb-9247-61fd9e492f00.jpg?variante=129
AIM-P003-130,Designs Aimari,3,AIM-P003-130.jpg,Sports Relámpago (Variante 130) (Variante 130),https://media.designsaimari.com/products/cms81fwyn01aanp019kltkiy5/previews/1785447668262-f074b00c-e3af-4048-b275-71155e26ebf2.jpg?variante=130
AIM-P003-131,Designs Aimari,3,AIM-P003-131.jpg,Garra de Tigre (Variante 131) (Variante 131),https://media.designsaimari.com/products/cms81ada501okpc014xkplzwm/previews/1785447408985-7731acc6-72ad-4a04-80a8-a959a136b2da.jpg?variante=131
AIM-P003-132,Designs Aimari,3,AIM-P003-132.jpg,Jambados FC (Variante 132) (Variante 132),https://media.designsaimari.com/products/cms7zc0aa00kipc01yn4a6n8h/previews/1785444127140-10ca6913-c2ea-4bd6-81d4-94de37564154.jpg?variante=132
AIM-P003-133,Designs Aimari,3,AIM-P003-133.jpg,Barcelona Fc (Variante 133) (Variante 133),https://media.designsaimari.com/products/cms7xzpey005fr10191ykk3ay/previews/1785441872637-18bece46-60d8-4d36-8aa6-ded9ecf84956.jpg?variante=133
AIM-P003-134,Designs Aimari,3,AIM-P003-134.png,Argentina Gold (Variante 134) (Variante 134),https://media.designsaimari.com/products/cms7xuk8v009fpi016bqcryil/previews/1785441650004-141a35ba-d7b8-4ee1-ba3c-4d9e8239c6fb.png?variante=134
AIM-P003-135,Designs Aimari,3,AIM-P003-135.jpg,Lines Sport (Variante 135) (Variante 135),https://media.designsaimari.com/products/cms7xfina000gpi01n34d4ktc/previews/1785440930726-e0ff23ec-73f9-4f8f-a006-99f2270935b3.jpg?variante=135
AIM-P003-136,Designs Aimari,3,AIM-P003-136.jpg,Pointillizer Blue (Variante 136) (Variante 136),https://media.designsaimari.com/products/cms7x2mjr0039p8010dovi18a/previews/1785440331953-d0afacb8-7f53-4463-9658-38caf1c6446d.jpg?variante=136
AIM-P003-137,Designs Aimari,3,AIM-P003-137.jpg,ATLÉTICO GRAU 2026 (Variante 137) (Variante 137),https://media.designsaimari.com/products/cms7vfx8e02tfns01uy0vjfdd/previews/1785437590480-8a7c91b9-aad3-4c66-b9d2-a97ece5f786a.jpg?variante=137
AIM-P003-138,Designs Aimari,3,AIM-P003-138.jpg,Forta Run Fest (Variante 138) (Variante 138),https://media.designsaimari.com/products/cms7sagtq01iwp3015sz16e4u/previews/1785432297120-34035a0c-63ac-4478-9953-e93d1559c9c8.jpg?variante=138
AIM-P003-139,Designs Aimari,3,AIM-P003-139.jpg,Capitana Carter (Variante 139) (Variante 139),https://media.designsaimari.com/products/cms7rl7uj00ylp301dvop4ezf/previews/1785431118982-3003fbc1-ec56-4c42-b835-660ef8f95f88.jpg?variante=139
AIM-P003-140,Designs Aimari,3,AIM-P003-140.jpg,CS Cartaginés 2026-2027 Away (Variante 140) (Variante 140),https://media.designsaimari.com/products/cms7re95c00vbp30128mdjkf8/previews/1785430794965-c8f52fca-1d04-4374-bfb1-cb2d65c7ccd2.jpg?variante=140
AIM-P003-141,Designs Aimari,3,AIM-P003-141.jpg,Jersey Escolar (Variante 141) (Variante 141),https://media.designsaimari.com/products/cms7rbfdx00tmp30168dnxqg4/previews/1785430663647-55a84c1b-31c7-44b8-a5a6-272d868da4f1.jpg?variante=141
AIM-P003-142,Designs Aimari,3,AIM-P003-142.jpg,Monte de Sion Gris (Variante 142) (Variante 142),https://media.designsaimari.com/products/cms7pttah01n0ny0174qyikss/previews/1785428161331-191ca451-7401-4da2-b8b9-77906be801ff.jpg?variante=142
AIM-P003-143,Designs Aimari,3,AIM-P003-143.jpg,Juventus Concepto Versace (Variante 143) (Variante 143),https://media.designsaimari.com/products/cms7pi3vh0186ny018fb7t1iz/previews/1785427614642-39318fe2-e1f2-441d-9f1f-daae1d86d223.jpg?variante=143
AIM-P003-144,Designs Aimari,3,AIM-P003-144.jpg,Warrior Sports (Variante 144) (Variante 144),https://media.designsaimari.com/products/cms7p7dma01lkpg01i8o5fvg5/previews/1785427134175-43a67230-1875-4b21-be34-ffe6b3f2c5c7.jpg?variante=144
AIM-P003-145,Designs Aimari,3,AIM-P003-145.jpg,Jersey Samurai (Variante 145) (Variante 145),https://media.designsaimari.com/products/cms7kx3n600iypi01c8t7yea0/previews/1785419918609-00322c72-bbf3-48a1-9623-ca01ab4d77e9.jpg?variante=145
AIM-P003-146,Designs Aimari,3,AIM-P003-146.jpg,Cañeras Sports Degrade (Variante 146) (Variante 146),https://media.designsaimari.com/products/cms7kfsz30avbpb01qpta3sfz/previews/1785419114787-6d256c10-fc70-4a1d-8643-f9f8e10fb7f5.jpg?variante=146
AIM-P003-147,Designs Aimari,3,AIM-P003-147.png,Deportivo Antigua GFC (Variante 147) (Variante 147),https://media.designsaimari.com/products/cms7k4tj90aptpb010rtwilij/previews/1785418626267-0c7dfd90-cbd4-4d79-9e67-79645d732235.png?variante=147
AIM-P003-148,Designs Aimari,3,AIM-P003-148.jpg,Atlante  FC 26-27 (Variante 148) (Variante 148),https://media.designsaimari.com/products/cms6mm9ea0545tg01p616n1c4/previews/1785362303699-d874076e-e00b-4cc4-8cc6-c90e7ca16494.jpg?variante=148
AIM-P003-149,Designs Aimari,3,AIM-P003-149.jpg,Sports Grunge Purple (Variante 149) (Variante 149),https://media.designsaimari.com/products/cms6lu54a04p9tg01zmrciwp9/previews/1785360993178-474bd586-7796-453c-98da-87cbc9ab6f01.jpg?variante=149
AIM-P003-150,Designs Aimari,3,AIM-P003-150.jpg,Jersey España Neón (Variante 150) (Variante 150),https://media.designsaimari.com/products/cms6ldepr04lipb01d4152pfh/previews/1785360212645-9f86be59-cbd6-44f4-b2f0-113f81ccdebe.jpg?variante=150
AIM-P003-151,Designs Aimari,3,AIM-P003-151.jpg,Manchester United Dark Red Diamond (Variante 151) (Variante 151),https://media.designsaimari.com/products/cms6kq4rj044apb014gmzlh0g/previews/1785359124711-f9971bd6-94a3-438a-b443-ba09259c368a.jpg?variante=151
AIM-P003-152,Designs Aimari,3,AIM-P003-152.jpg,PSG Jordan Billion Blue (Variante 152) (Variante 152),https://media.designsaimari.com/products/cms6k4o8s03xptg016lv4arxs/previews/1785358123669-286bd7b0-361c-49dd-8e53-2fac012e322d.jpg?variante=152
AIM-P003-153,Designs Aimari,3,AIM-P003-153.jpg,Club Sport Cartaginés (Variante 153) (Variante 153),https://media.designsaimari.com/products/cms6k1dlz03uvpb01zrl5sw9r/previews/1785357972965-018081e4-490e-4a38-9077-3300825bc467.jpg?variante=153
AIM-P003-154,Designs Aimari,3,AIM-P003-154.jpg,Paris Saint Germain (Variante 154) (Variante 154),https://media.designsaimari.com/products/cms6gq7wl0291pb01dsokkrnn/previews/1785352411290-5c1c6983-b3f4-4c1d-b44c-360412ba3b02.jpg?variante=154
AIM-P003-155,Designs Aimari,3,AIM-P003-155.jpg,GEOMETRICA SPORT (Variante 155) (Variante 155),https://media.designsaimari.com/products/cms6ghnrd0256pb01o3x7xzkt/previews/1785352010971-f788de30-c596-400a-99a3-af0748cd8094.jpg?variante=155
AIM-P003-156,Designs Aimari,3,AIM-P003-156.jpg,Guatemala 2026 (Variante 156) (Variante 156),https://media.designsaimari.com/products/cms6eb7cn00vmpb01ntvqtwhs/previews/1785348350978-0dfb00e0-22a2-4720-a8d7-81f51cbd427f.jpg?variante=156
AIM-P003-157,Designs Aimari,3,AIM-P003-157.jpg,Guatemala 2026-2027 Home (Variante 157) (Variante 157),https://media.designsaimari.com/products/cms6cghhf009lo901ltt2ti5j/previews/1785345238271-a08c7dc9-7c65-4f40-89cd-7550aad2e50d.jpg?variante=157
AIM-P003-158,Designs Aimari,3,AIM-P003-158.jpg,Independiente Medellín (Variante 158) (Variante 158),https://media.designsaimari.com/products/cms6c239y002so90140t3hsbv/previews/1785344567018-468c45fa-8239-4ca7-8315-1769e57b2c7b.jpg?variante=158
AIM-P003-159,Designs Aimari,3,AIM-P003-159.jpg,Wonder Woman (Variante 159) (Variante 159),https://media.designsaimari.com/products/cms6b94uc000cqs01w0ted3ar/previews/1785343215271-b32e6b63-b6b0-4902-94c6-49b22af434a1.jpg?variante=159
AIM-P003-160,Designs Aimari,3,AIM-P003-160.jpg,C. Deportivo Ferrocarril Fans 2026 (Variante 160) (Variante 160),https://media.designsaimari.com/products/cms6a4guc00bxs801axq5q8f2/previews/1785341319944-12145ecd-7777-40c6-b0d1-a8fce25f5169.jpg?variante=160
AIM-P003-161,Designs Aimari,3,AIM-P003-161.jpg,Gladeador Black Sports (Variante 161) (Variante 161),https://media.designsaimari.com/products/cms69jrtx003ms801dwqyjcdn/previews/1785402791807-bf0c4cd6-2e49-41e7-8f77-7345606ec4ff.jpg?variante=161
AIM-P003-162,Designs Aimari,3,AIM-P003-162.jpg,Águila Concept (Variante 162) (Variante 162),https://media.designsaimari.com/products/cms68vqq10009l2019rpohle2/previews/1785339231947-dd8b2a70-2a71-4f4d-aec3-db42063fcc54.jpg?variante=162
AIM-P003-163,Designs Aimari,3,AIM-P003-163.jpg,Zabdi FC (Variante 163) (Variante 163),https://media.designsaimari.com/products/cms68l6dx080xqp01yl60g4u7/previews/1785338738658-055407a9-33ea-431b-be41-caba7b5a44bf.jpg?variante=163
AIM-P003-164,Designs Aimari,3,AIM-P003-164.jpg,SAN MARTÍN DE TUCUMÁN (Variante 164) (Variante 164),https://media.designsaimari.com/products/cms68glhk08jsn101jtgdulci/previews/1785338524392-c806424c-7a0e-4cb5-b042-a903c5cd9de4.jpg?variante=164
AIM-P003-165,Designs Aimari,3,AIM-P003-165.jpg,Sporting Royal Green GEO (Variante 165) (Variante 165),https://media.designsaimari.com/products/cms67xs3y08e7n101c0r9yupy/previews/1785337646562-f191df0a-f656-4e33-87aa-72458475e8f0.jpg?variante=165
AIM-P003-166,Designs Aimari,3,AIM-P003-166.jpg,Pattern Geometrico Morado (Variante 166) (Variante 166),https://media.designsaimari.com/products/cms673zfs076rqp01j3r73icj/previews/1785336256564-602c9738-89fb-4f42-aa91-52d0da44ccdc.jpg?variante=166
AIM-P003-167,Designs Aimari,3,AIM-P003-167.jpg,Atlético de San Luis Local 202627 (Variante 167) (Variante 167),https://media.designsaimari.com/products/cms670af80732qp01rpfkqmnk/previews/1785336084213-b6a17519-169f-4b0f-b66e-ed32b2f78577.jpg?variante=167
AIM-P003-168,Designs Aimari,3,AIM-P003-168.jpg,Jersey Tiger Patron (Variante 168) (Variante 168),https://media.designsaimari.com/products/cms66yvem07o5n101p1tov980/previews/1785336018069-59f62ce3-8640-4ee6-91e4-6074ee8d43d4.gif?variante=168
AIM-P003-169,Designs Aimari,3,AIM-P003-169.jpg,Sports Colors (Variante 169) (Variante 169),https://media.designsaimari.com/products/cms65ipoy070sn101hirr3h5t/previews/1785333584371-c6156381-f930-4eb0-ae2e-adcbf8312b33.jpg?variante=169
AIM-P003-170,Designs Aimari,3,AIM-P003-170.jpg,Pointillizer Celeste (Variante 170) (Variante 170),https://media.designsaimari.com/products/cms64lf8u06mmn101x3ek9omp/previews/1785332031129-e11ed45c-9c6b-4ac6-a6a5-9b7cfdbae487.jpg?variante=170
AIM-P003-171,Designs Aimari,3,AIM-P003-171.jpg,Barca Spider Man 2026 (Variante 171) (Variante 171),https://media.designsaimari.com/products/cms5zyjfd04xgqp01vsyfxgea/previews/1785324244971-2156220d-52b6-45c4-9a13-b6b73ce558ac.jpg?variante=171
AIM-P003-172,Designs Aimari,3,AIM-P003-172.jpg,Watford Goalkeeper Home Kit 26-27 (Variante 172) (Variante 172),https://media.designsaimari.com/products/cms5auiip01huqp01gr1i6ine/previews/1785282067322-c5919906-c4ce-4044-a0c2-4cb851cf66bc.jpg?variante=172
AIM-P003-173,Designs Aimari,3,AIM-P003-173.jpg,Comunicaciones FC Local 2026-27 (Variante 173) (Variante 173),https://media.designsaimari.com/products/cms57287200lzn1011v7cyzpx/previews/1785430564281-d87994b2-e034-4e27-b14b-1cbffffd0ee2.jpg?variante=173
AIM-P003-174,Designs Aimari,3,AIM-P003-174.jpg,Comunicaciones FC Thirt 26-27 (Variante 174) (Variante 174),https://media.designsaimari.com/products/cms56v6bf00amqp01mb3dwhcj/previews/1785275379156-29934ad5-641d-4c0d-b346-f45d4c2fa2a8.jpg?variante=174
AIM-P003-175,Designs Aimari,3,AIM-P003-175.jpg,Real Juventud (Variante 175) (Variante 175),https://media.designsaimari.com/products/cms56gwgb00cxn101bw0xe2hp/previews/1785274713179-ab1ade0d-829f-46b1-af42-d7640c575690.jpg?variante=175
AIM-P003-176,Designs Aimari,3,AIM-P003-176.jpg,Voley Gradient (Variante 176) (Variante 176),https://media.designsaimari.com/products/cms5489ze03y7qm01wgbxszwc/previews/1785270951912-7a8b5ae9-45fc-46ef-87a9-34b539720d4a.jpg?variante=176
AIM-P003-177,Designs Aimari,3,AIM-P003-177.jpg,PAISES BAJOS 1988 (Variante 177) (Variante 177),https://media.designsaimari.com/products/cms53f9zr03igmw01b0u5mxid/previews/1785269599432-3d710c81-20a4-43fc-a717-ccb9134ee0d7.jpg?variante=177
AIM-P003-178,Designs Aimari,3,AIM-P003-178.jpg,Geometric Concept Celeste (Variante 178) (Variante 178),https://media.designsaimari.com/products/cms52sxqd035nmw01eclwc10l/previews/1785268556247-8b159daa-a9ea-4f8a-ac3b-89f9899835ca.jpg?variante=178
AIM-P003-179,Designs Aimari,3,AIM-P003-179.png,Electric Design (Variante 179) (Variante 179),https://media.designsaimari.com/products/cms4vt1i100kcp701r85lz727/preview.png?variante=179
AIM-P003-180,Designs Aimari,3,AIM-P003-180.jpg,Interclasse Leon Fuego (Variante 180) (Variante 180),https://media.designsaimari.com/products/cms4vf0q6006ppe01x7dzvq2n/preview.jpg?variante=180
AIM-P004-181,Designs Aimari,4,AIM-P004-181.jpg,Señora del Rosario (Variante 181) (Variante 181),https://media.designsaimari.com/products/cms4ux0f203ijrz01635guqjy/preview.jpg?variante=181
AIM-P004-182,Designs Aimari,4,AIM-P004-182.jpg,ISLANDIA 2026 (Variante 182) (Variante 182),https://media.designsaimari.com/products/cms4skl8e00ndlj01axe461k3/preview.jpg?variante=182
AIM-P004-183,Designs Aimari,4,AIM-P004-183.jpg,Night Light Runners (Variante 183) (Variante 183),https://media.designsaimari.com/products/cms4s5gae00gll201sqn4q2xo/preview.jpg?variante=183
AIM-P004-184,Designs Aimari,4,AIM-P004-184.jpg,Juego de Tronos (Variante 184) (Variante 184),https://media.designsaimari.com/products/cms4qksi007qnly01ileq6vb5/preview.jpg?variante=184
AIM-P004-185,Designs Aimari,4,AIM-P004-185.jpg,Barcelona SC 101 Años (Variante 185) (Variante 185),https://media.designsaimari.com/products/cms3u309l00jsly010aqael18/preview.jpg?variante=185
AIM-P004-186,Designs Aimari,4,AIM-P004-186.jpg,Huracan Concept (Variante 186) (Variante 186),https://media.designsaimari.com/products/cms3t163w002lls01gmld4qjl/preview.jpg?variante=186
AIM-P004-187,Designs Aimari,4,AIM-P004-187.jpg,Sporting Azul (Variante 187) (Variante 187),https://media.designsaimari.com/products/cms3sbb77001zjn01fi5frbw5/preview.jpg?variante=187
AIM-P004-188,Designs Aimari,4,AIM-P004-188.jpg,RAYO CONCEPT (Variante 188) (Variante 188),https://media.designsaimari.com/products/cms3s2js4045po301bl8epxuk/preview.jpg?variante=188
AIM-P004-189,Designs Aimari,4,AIM-P004-189.jpg,BasketBall Fenix Pink Concept (Variante 189) (Variante 189),https://media.designsaimari.com/products/cms3riwsz0496ml014p83a3te/preview.jpg?variante=189
AIM-P004-190,Designs Aimari,4,AIM-P004-190.jpg,Night light (Variante 190) (Variante 190),https://media.designsaimari.com/products/cms3qq12z03noml01xouahq5b/preview.jpg?variante=190
AIM-P004-191,Designs Aimari,4,AIM-P004-191.jpg,Jersey Taller (Variante 191) (Variante 191),https://media.designsaimari.com/products/cms3nv3ua022mml01iegn90wf/preview.jpg?variante=191
AIM-P004-192,Designs Aimari,4,AIM-P004-192.jpg,Wayyu Design Abstract (Variante 192) (Variante 192),https://media.designsaimari.com/products/cms3mcnqr01e3o301omku0bn3/preview.jpg?variante=192
AIM-P004-193,Designs Aimari,4,AIM-P004-193.jpg,Hexagono Sports (Variante 193) (Variante 193),https://media.designsaimari.com/products/cms3lhw9l0129ml016pfgt7gt/preview.jpg?variante=193
AIM-P004-194,Designs Aimari,4,AIM-P004-194.png,Pointillizer concept blue (Variante 194) (Variante 194),https://media.designsaimari.com/products/cms3kn9sk00gqml013x97i7ex/preview.png?variante=194
AIM-P004-195,Designs Aimari,4,AIM-P004-195.jpg,Deportivo Neon Bicolor (Variante 195) (Variante 195),https://media.designsaimari.com/products/cms3jhlss01nhpb01k2gurgnb/preview.jpg?variante=195
AIM-P004-196,Designs Aimari,4,AIM-P004-196.jpg,Argentina Rosas Blue (Variante 196) (Variante 196),https://media.designsaimari.com/products/cms3ifr9m012apb011n0tvmx8/preview.jpg?variante=196
AIM-P004-197,Designs Aimari,4,AIM-P004-197.jpg,Federación Ovetense (Variante 197) (Variante 197),https://media.designsaimari.com/products/cms3hfr7i00kip601xzyqt1ov/preview.jpg?variante=197
AIM-P004-198,Designs Aimari,4,AIM-P004-198.jpg,Sport Verde (Variante 198) (Variante 198),https://media.designsaimari.com/products/cms3fdbul00cpmt01mc7axalm/preview.jpg?variante=198
AIM-P004-199,Designs Aimari,4,AIM-P004-199.jpg,Argelia Mundial 2026 (Variante 199) (Variante 199),https://media.designsaimari.com/products/cms3ec5rj0athjf01wfkvcjzq/previews/1785258627879-f95a5ee1-3310-4ec2-82e2-ff1c95e21b29.jpg?variante=199
AIM-P004-200,Designs Aimari,4,AIM-P004-200.png,Juniors Lion (Variante 200) (Variante 200),https://media.designsaimari.com/products/cms3cns4t09wcjf01uoqoory9/preview.png?variante=200
AIM-P004-201,Designs Aimari,4,AIM-P004-201.jpg,Guadalcacin Blue (Variante 201) (Variante 201),https://media.designsaimari.com/products/cmsak7fn30l21np01zwgewh86/previews/1785600117219-5d6524ef-6818-4bc4-adfc-e7b18cf1879c.jpg?variante=201
AIM-P004-202,Designs Aimari,4,AIM-P004-202.jpg,Argentina Drexx (Variante 202) (Variante 202),https://media.designsaimari.com/products/cmsaibco10koxnp01tazeaomx/previews/1785596944633-4145288c-feda-44b0-8a09-ec6e43657692.jpg?variante=202
AIM-P004-203,Designs Aimari,4,AIM-P004-203.jpg,Ballbreakers DUO Kit (Variante 203) (Variante 203),https://media.designsaimari.com/products/cms9vwm0p0ibxpc01anhrzy2i/previews/1785559301285-bc3edbc9-9a8b-4589-b622-2b336c039461.jpg?variante=203
AIM-P004-204,Designs Aimari,4,AIM-P004-204.jpg,CRISTO CONVITERO MIXQUEÑO (Variante 204) (Variante 204),https://media.designsaimari.com/products/cms9hnwec0f6fnp01ioeq0fqd/previews/1785535382850-695a7d83-e5a0-4c01-b81a-b2f027847228.jpg?variante=204
AIM-P004-205,Designs Aimari,4,AIM-P004-205.jpg,Africa del Sur (Variante 205) (Variante 205),https://media.designsaimari.com/products/cms9hehwz0fgopc01wnm830ux/previews/1785534942474-7e7be854-ce32-4c81-bd61-c1bd7ba9e26f.jpg?variante=205
AIM-P004-206,Designs Aimari,4,AIM-P004-206.jpg,Senegal AFCON 2025 (Variante 206) (Variante 206),https://media.designsaimari.com/products/cms9h7pnh0fdtpc0127zbcpca/previews/1785534627438-5984abaf-b0ee-4111-8393-01aa79d816a9.jpg?variante=206
AIM-P004-207,Designs Aimari,4,AIM-P004-207.jpg,Jersey Blue And Red Sport (Variante 207) (Variante 207),https://media.designsaimari.com/products/cms9gsy0k0ex4np01jwy2ukxq/previews/1785533935986-564c723a-0d55-4b30-8698-3867f7ae3305.jpg?variante=207
AIM-P004-208,Designs Aimari,4,AIM-P004-208.jpg,Sport Red Dark GB (Variante 208) (Variante 208),https://media.designsaimari.com/products/cms9g214x0ejnnp01z4zgpt6s/previews/1785532681139-4c0217c8-7240-40e4-b04e-04ac03224f07.jpg?variante=208
AIM-P004-209,Designs Aimari,4,AIM-P004-209.jpg,River Plate 26-27 (Variante 209) (Variante 209),https://media.designsaimari.com/products/cms9f3zaq0e41np017jhwtf3e/previews/1785531091798-b7019670-a9f6-43c4-a5f4-ee4a45132fe5.jpg?variante=209
AIM-P004-210,Designs Aimari,4,AIM-P004-210.jpg,Deportivo Escolar (Variante 210) (Variante 210),https://media.designsaimari.com/products/cms9edtb80drhnp0187n9gm2k/previews/1785529871436-771503ae-69b4-4037-92e9-b2a2ef61a9ab.jpg?variante=210
AIM-P004-211,Designs Aimari,4,AIM-P004-211.jpg,CAJN Concept Lobo (Variante 211) (Variante 211),https://media.designsaimari.com/products/cms9dbhff0dfgnp018dtsv5to/previews/1785528082763-20b50ad8-3e61-4556-b929-dabb8cc136b5.jpg?variante=211
AIM-P004-212,Designs Aimari,4,AIM-P004-212.jpg,MANTO rashguard (Variante 212) (Variante 212),https://media.designsaimari.com/products/cms9criyd0d4hnp01o0u9cbcn/previews/1785527151433-1febca0c-04e8-4039-b9be-79f487b5c67a.jpg?variante=212
AIM-P004-213,Designs Aimari,4,AIM-P004-213.jpg,Sport Grunge Amarillo (Variante 213) (Variante 213),https://media.designsaimari.com/products/cms9cjdq20d0nnp01i0tgatih/previews/1785526772019-9b5c91f8-ac1c-430d-92ed-ed9f7b4a1490.jpg?variante=213
AIM-P004-214,Designs Aimari,4,AIM-P004-214.jpg,Jersey Sport Coral (Variante 214) (Variante 214),https://media.designsaimari.com/products/cms9bz4fz0cq2np01f1uzqveh/previews/1785525826105-d454807c-ee57-4fe6-ac02-25e27bce8c33.jpg?variante=214
AIM-P004-215,Designs Aimari,4,AIM-P004-215.jpg,San Lorenzo Cuervo Rojo (Variante 215) (Variante 215),https://media.designsaimari.com/products/cms9azmwb0cy6pc01bfvgm460/previews/1785524170846-79dbdbbe-d3d4-4626-b193-f9f08603dd02.jpg?variante=215
AIM-P004-216,Designs Aimari,4,AIM-P004-216.jpg,Inter Milan 2026-2027 (Variante 216) (Variante 216),https://media.designsaimari.com/products/cms9a5uj50c7xpc01xf543rvt/previews/1785522780738-5e461cdc-8a43-45b8-a490-05cc8ec65832.jpg?variante=216
AIM-P004-217,Designs Aimari,4,AIM-P004-217.jpg,Sports Design Red (Variante 217) (Variante 217),https://media.designsaimari.com/products/cms99tfra0bxanp01y4ehyk9r/previews/1785522201735-2ad8d531-9e77-4c17-8c72-dd58ed291739.jpg?variante=217
AIM-P004-218,Designs Aimari,4,AIM-P004-218.jpg,Enmanuel F.C Herraientas (Variante 218) (Variante 218),https://media.designsaimari.com/products/cms99fxon0bubpc01zjuz274e/previews/1785521572161-e20c7037-a51d-40d7-93c2-88e9e1570605.jpg?variante=218
AIM-P004-219,Designs Aimari,4,AIM-P004-219.jpg,Guardian del Camino Design (Variante 219) (Variante 219),https://media.designsaimari.com/products/cms97b8tm0b3ipc01vwko8rej/previews/1785517995841-ce572dd6-7dae-4cfc-9f95-8148e49de387.jpg?variante=219
AIM-P004-220,Designs Aimari,4,AIM-P004-220.jpg,Deportivo Red (Variante 220) (Variante 220),https://media.designsaimari.com/products/cms96t50e0aownp01ad8227x3/previews/1785517154513-e1c027d5-6771-444f-9687-9e777224b7c3.jpg?variante=220
AIM-P004-221,Designs Aimari,4,AIM-P004-221.jpg,Bélgica Concept (Variante 221) (Variante 221),https://media.designsaimari.com/products/cms94pmfs09s0pc01ugxxpvd5/previews/1785513633055-ab4438ce-f216-48b2-9d36-22b7f66eaf89.jpg?variante=221
AIM-P004-222,Designs Aimari,4,AIM-P004-222.jpg,Manchester City Home (Variante 222) (Variante 222),https://media.designsaimari.com/products/cms940eao0982np01i29okyem/previews/1785512825647-cafc3e51-e705-4c8c-8223-dd920fff368b.jpg?variante=222
AIM-P004-223,Designs Aimari,4,AIM-P004-223.png,Trazo Abstracto (Variante 223) (Variante 223),https://media.designsaimari.com/products/cms93qs6o08yynp01mgwvxk4n/previews/1785512000536-20c08dd1-6411-41f9-8dc3-b623e7c5234d.png?variante=223
AIM-P004-224,Designs Aimari,4,AIM-P004-224.jpg,Jersey Grunge Concept (Variante 224) (Variante 224),https://media.designsaimari.com/products/cms92qc5t08fqnp018mt35idk/previews/1785510301382-af6ba113-74c3-440b-92e8-27fe3814aa49.jpg?variante=224
AIM-P004-225,Designs Aimari,4,AIM-P004-225.jpg,Manchas Sports azul (Variante 225) (Variante 225),https://media.designsaimari.com/products/cms90fq2v0786np013u2bukxl/previews/1785506445256-faa084d5-e84a-4930-9072-0bb4552c20e8.jpg?variante=225
AIM-P004-226,Designs Aimari,4,AIM-P004-226.jpg,Maradona Futbol (Variante 226) (Variante 226),https://media.designsaimari.com/products/cms8zq95a06vnnp01gu2yydf4/previews/1785505267008-e18e441e-47e8-4139-bcd4-da99f00f06b2.jpg?variante=226
AIM-P004-227,Designs Aimari,4,AIM-P004-227.jpg,Bélgica Flamas Concept 2026 (Variante 227) (Variante 227),https://media.designsaimari.com/products/cms8z3hnk06oynp01d5j2rpdx/previews/1785504195975-61c6bad8-5412-433e-820e-0ce5deaaf95b.jpg?variante=227
AIM-P004-228,Designs Aimari,4,AIM-P004-228.jpg,Geometrico Blue Calabera (Variante 228) (Variante 228),https://media.designsaimari.com/products/cms8y1zo606q4pc01xhxpx1yi/previews/1785502445330-f5011dc5-7fb6-44e7-9c7b-3da2b7f15292.jpg?variante=228
AIM-P004-229,Designs Aimari,4,AIM-P004-229.jpg,LUFFY SPORT AURA (Variante 229) (Variante 229),https://media.designsaimari.com/products/cms824ksb021kpc01n31o8tqw/previews/1785448819218-4444f8d9-6efd-45cb-9247-61fd9e492f00.jpg?variante=229
AIM-P004-230,Designs Aimari,4,AIM-P004-230.jpg,Sports Relámpago (Variante 230) (Variante 230),https://media.designsaimari.com/products/cms81fwyn01aanp019kltkiy5/previews/1785447668262-f074b00c-e3af-4048-b275-71155e26ebf2.jpg?variante=230
AIM-P004-231,Designs Aimari,4,AIM-P004-231.jpg,Garra de Tigre (Variante 231) (Variante 231),https://media.designsaimari.com/products/cms81ada501okpc014xkplzwm/previews/1785447408985-7731acc6-72ad-4a04-80a8-a959a136b2da.jpg?variante=231
AIM-P004-232,Designs Aimari,4,AIM-P004-232.jpg,Jambados FC (Variante 232) (Variante 232),https://media.designsaimari.com/products/cms7zc0aa00kipc01yn4a6n8h/previews/1785444127140-10ca6913-c2ea-4bd6-81d4-94de37564154.jpg?variante=232
AIM-P004-233,Designs Aimari,4,AIM-P004-233.jpg,Barcelona Fc (Variante 233) (Variante 233),https://media.designsaimari.com/products/cms7xzpey005fr10191ykk3ay/previews/1785441872637-18bece46-60d8-4d36-8aa6-ded9ecf84956.jpg?variante=233
AIM-P004-234,Designs Aimari,4,AIM-P004-234.png,Argentina Gold (Variante 234) (Variante 234),https://media.designsaimari.com/products/cms7xuk8v009fpi016bqcryil/previews/1785441650004-141a35ba-d7b8-4ee1-ba3c-4d9e8239c6fb.png?variante=234
AIM-P004-235,Designs Aimari,4,AIM-P004-235.jpg,Lines Sport (Variante 235) (Variante 235),https://media.designsaimari.com/products/cms7xfina000gpi01n34d4ktc/previews/1785440930726-e0ff23ec-73f9-4f8f-a006-99f2270935b3.jpg?variante=235
AIM-P004-236,Designs Aimari,4,AIM-P004-236.jpg,Pointillizer Blue (Variante 236) (Variante 236),https://media.designsaimari.com/products/cms7x2mjr0039p8010dovi18a/previews/1785440331953-d0afacb8-7f53-4463-9658-38caf1c6446d.jpg?variante=236
AIM-P004-237,Designs Aimari,4,AIM-P004-237.jpg,ATLÉTICO GRAU 2026 (Variante 237) (Variante 237),https://media.designsaimari.com/products/cms7vfx8e02tfns01uy0vjfdd/previews/1785437590480-8a7c91b9-aad3-4c66-b9d2-a97ece5f786a.jpg?variante=237
AIM-P004-238,Designs Aimari,4,AIM-P004-238.jpg,Forta Run Fest (Variante 238) (Variante 238),https://media.designsaimari.com/products/cms7sagtq01iwp3015sz16e4u/previews/1785432297120-34035a0c-63ac-4478-9953-e93d1559c9c8.jpg?variante=238
AIM-P004-239,Designs Aimari,4,AIM-P004-239.jpg,Capitana Carter (Variante 239) (Variante 239),https://media.designsaimari.com/products/cms7rl7uj00ylp301dvop4ezf/previews/1785431118982-3003fbc1-ec56-4c42-b835-660ef8f95f88.jpg?variante=239
AIM-P004-240,Designs Aimari,4,AIM-P004-240.jpg,CS Cartaginés 2026-2027 Away (Variante 240) (Variante 240),https://media.designsaimari.com/products/cms7re95c00vbp30128mdjkf8/previews/1785430794965-c8f52fca-1d04-4374-bfb1-cb2d65c7ccd2.jpg?variante=240
AIM-P005-241,Designs Aimari,5,AIM-P005-241.jpg,Jersey Escolar (Variante 241) (Variante 241),https://media.designsaimari.com/products/cms7rbfdx00tmp30168dnxqg4/previews/1785430663647-55a84c1b-31c7-44b8-a5a6-272d868da4f1.jpg?variante=241
AIM-P005-242,Designs Aimari,5,AIM-P005-242.jpg,Monte de Sion Gris (Variante 242) (Variante 242),https://media.designsaimari.com/products/cms7pttah01n0ny0174qyikss/previews/1785428161331-191ca451-7401-4da2-b8b9-77906be801ff.jpg?variante=242
AIM-P005-243,Designs Aimari,5,AIM-P005-243.jpg,Juventus Concepto Versace (Variante 243) (Variante 243),https://media.designsaimari.com/products/cms7pi3vh0186ny018fb7t1iz/previews/1785427614642-39318fe2-e1f2-441d-9f1f-daae1d86d223.jpg?variante=243
AIM-P005-244,Designs Aimari,5,AIM-P005-244.jpg,Warrior Sports (Variante 244) (Variante 244),https://media.designsaimari.com/products/cms7p7dma01lkpg01i8o5fvg5/previews/1785427134175-43a67230-1875-4b21-be34-ffe6b3f2c5c7.jpg?variante=244
AIM-P005-245,Designs Aimari,5,AIM-P005-245.jpg,Jersey Samurai (Variante 245) (Variante 245),https://media.designsaimari.com/products/cms7kx3n600iypi01c8t7yea0/previews/1785419918609-00322c72-bbf3-48a1-9623-ca01ab4d77e9.jpg?variante=245
AIM-P005-246,Designs Aimari,5,AIM-P005-246.jpg,Cañeras Sports Degrade (Variante 246) (Variante 246),https://media.designsaimari.com/products/cms7kfsz30avbpb01qpta3sfz/previews/1785419114787-6d256c10-fc70-4a1d-8643-f9f8e10fb7f5.jpg?variante=246
AIM-P005-247,Designs Aimari,5,AIM-P005-247.png,Deportivo Antigua GFC (Variante 247) (Variante 247),https://media.designsaimari.com/products/cms7k4tj90aptpb010rtwilij/previews/1785418626267-0c7dfd90-cbd4-4d79-9e67-79645d732235.png?variante=247
AIM-P005-248,Designs Aimari,5,AIM-P005-248.jpg,Atlante  FC 26-27 (Variante 248) (Variante 248),https://media.designsaimari.com/products/cms6mm9ea0545tg01p616n1c4/previews/1785362303699-d874076e-e00b-4cc4-8cc6-c90e7ca16494.jpg?variante=248
AIM-P005-249,Designs Aimari,5,AIM-P005-249.jpg,Sports Grunge Purple (Variante 249) (Variante 249),https://media.designsaimari.com/products/cms6lu54a04p9tg01zmrciwp9/previews/1785360993178-474bd586-7796-453c-98da-87cbc9ab6f01.jpg?variante=249
AIM-P005-250,Designs Aimari,5,AIM-P005-250.jpg,Jersey España Neón (Variante 250) (Variante 250),https://media.designsaimari.com/products/cms6ldepr04lipb01d4152pfh/previews/1785360212645-9f86be59-cbd6-44f4-b2f0-113f81ccdebe.jpg?variante=250
AIM-P005-251,Designs Aimari,5,AIM-P005-251.jpg,Manchester United Dark Red Diamond (Variante 251) (Variante 251),https://media.designsaimari.com/products/cms6kq4rj044apb014gmzlh0g/previews/1785359124711-f9971bd6-94a3-438a-b443-ba09259c368a.jpg?variante=251
AIM-P005-252,Designs Aimari,5,AIM-P005-252.jpg,PSG Jordan Billion Blue (Variante 252) (Variante 252),https://media.designsaimari.com/products/cms6k4o8s03xptg016lv4arxs/previews/1785358123669-286bd7b0-361c-49dd-8e53-2fac012e322d.jpg?variante=252
AIM-P005-253,Designs Aimari,5,AIM-P005-253.jpg,Club Sport Cartaginés (Variante 253) (Variante 253),https://media.designsaimari.com/products/cms6k1dlz03uvpb01zrl5sw9r/previews/1785357972965-018081e4-490e-4a38-9077-3300825bc467.jpg?variante=253
AIM-P005-254,Designs Aimari,5,AIM-P005-254.jpg,Paris Saint Germain (Variante 254) (Variante 254),https://media.designsaimari.com/products/cms6gq7wl0291pb01dsokkrnn/previews/1785352411290-5c1c6983-b3f4-4c1d-b44c-360412ba3b02.jpg?variante=254
AIM-P005-255,Designs Aimari,5,AIM-P005-255.jpg,GEOMETRICA SPORT (Variante 255) (Variante 255),https://media.designsaimari.com/products/cms6ghnrd0256pb01o3x7xzkt/previews/1785352010971-f788de30-c596-400a-99a3-af0748cd8094.jpg?variante=255
AIM-P005-256,Designs Aimari,5,AIM-P005-256.jpg,Guatemala 2026 (Variante 256) (Variante 256),https://media.designsaimari.com/products/cms6eb7cn00vmpb01ntvqtwhs/previews/1785348350978-0dfb00e0-22a2-4720-a8d7-81f51cbd427f.jpg?variante=256
AIM-P005-257,Designs Aimari,5,AIM-P005-257.jpg,Guatemala 2026-2027 Home (Variante 257) (Variante 257),https://media.designsaimari.com/products/cms6cghhf009lo901ltt2ti5j/previews/1785345238271-a08c7dc9-7c65-4f40-89cd-7550aad2e50d.jpg?variante=257
AIM-P005-258,Designs Aimari,5,AIM-P005-258.jpg,Independiente Medellín (Variante 258) (Variante 258),https://media.designsaimari.com/products/cms6c239y002so90140t3hsbv/previews/1785344567018-468c45fa-8239-4ca7-8315-1769e57b2c7b.jpg?variante=258
AIM-P005-259,Designs Aimari,5,AIM-P005-259.jpg,Wonder Woman (Variante 259) (Variante 259),https://media.designsaimari.com/products/cms6b94uc000cqs01w0ted3ar/previews/1785343215271-b32e6b63-b6b0-4902-94c6-49b22af434a1.jpg?variante=259
AIM-P005-260,Designs Aimari,5,AIM-P005-260.jpg,C. Deportivo Ferrocarril Fans 2026 (Variante 260) (Variante 260),https://media.designsaimari.com/products/cms6a4guc00bxs801axq5q8f2/previews/1785341319944-12145ecd-7777-40c6-b0d1-a8fce25f5169.jpg?variante=260
AIM-P005-261,Designs Aimari,5,AIM-P005-261.jpg,Gladeador Black Sports (Variante 261) (Variante 261),https://media.designsaimari.com/products/cms69jrtx003ms801dwqyjcdn/previews/1785402791807-bf0c4cd6-2e49-41e7-8f77-7345606ec4ff.jpg?variante=261
AIM-P005-262,Designs Aimari,5,AIM-P005-262.jpg,Águila Concept (Variante 262) (Variante 262),https://media.designsaimari.com/products/cms68vqq10009l2019rpohle2/previews/1785339231947-dd8b2a70-2a71-4f4d-aec3-db42063fcc54.jpg?variante=262
AIM-P005-263,Designs Aimari,5,AIM-P005-263.jpg,Zabdi FC (Variante 263) (Variante 263),https://media.designsaimari.com/products/cms68l6dx080xqp01yl60g4u7/previews/1785338738658-055407a9-33ea-431b-be41-caba7b5a44bf.jpg?variante=263
AIM-P005-264,Designs Aimari,5,AIM-P005-264.jpg,SAN MARTÍN DE TUCUMÁN (Variante 264) (Variante 264),https://media.designsaimari.com/products/cms68glhk08jsn101jtgdulci/previews/1785338524392-c806424c-7a0e-4cb5-b042-a903c5cd9de4.jpg?variante=264
AIM-P005-265,Designs Aimari,5,AIM-P005-265.jpg,Sporting Royal Green GEO (Variante 265) (Variante 265),https://media.designsaimari.com/products/cms67xs3y08e7n101c0r9yupy/previews/1785337646562-f191df0a-f656-4e33-87aa-72458475e8f0.jpg?variante=265
AIM-P005-266,Designs Aimari,5,AIM-P005-266.jpg,Pattern Geometrico Morado (Variante 266) (Variante 266),https://media.designsaimari.com/products/cms673zfs076rqp01j3r73icj/previews/1785336256564-602c9738-89fb-4f42-aa91-52d0da44ccdc.jpg?variante=266
AIM-P005-267,Designs Aimari,5,AIM-P005-267.jpg,Atlético de San Luis Local 202627 (Variante 267) (Variante 267),https://media.designsaimari.com/products/cms670af80732qp01rpfkqmnk/previews/1785336084213-b6a17519-169f-4b0f-b66e-ed32b2f78577.jpg?variante=267
AIM-P005-268,Designs Aimari,5,AIM-P005-268.jpg,Jersey Tiger Patron (Variante 268) (Variante 268),https://media.designsaimari.com/products/cms66yvem07o5n101p1tov980/previews/1785336018069-59f62ce3-8640-4ee6-91e4-6074ee8d43d4.gif?variante=268
AIM-P005-269,Designs Aimari,5,AIM-P005-269.jpg,Sports Colors (Variante 269) (Variante 269),https://media.designsaimari.com/products/cms65ipoy070sn101hirr3h5t/previews/1785333584371-c6156381-f930-4eb0-ae2e-adcbf8312b33.jpg?variante=269
AIM-P005-270,Designs Aimari,5,AIM-P005-270.jpg,Pointillizer Celeste (Variante 270) (Variante 270),https://media.designsaimari.com/products/cms64lf8u06mmn101x3ek9omp/previews/1785332031129-e11ed45c-9c6b-4ac6-a6a5-9b7cfdbae487.jpg?variante=270
AIM-P005-271,Designs Aimari,5,AIM-P005-271.jpg,Barca Spider Man 2026 (Variante 271) (Variante 271),https://media.designsaimari.com/products/cms5zyjfd04xgqp01vsyfxgea/previews/1785324244971-2156220d-52b6-45c4-9a13-b6b73ce558ac.jpg?variante=271
AIM-P005-272,Designs Aimari,5,AIM-P005-272.jpg,Watford Goalkeeper Home Kit 26-27 (Variante 272) (Variante 272),https://media.designsaimari.com/products/cms5auiip01huqp01gr1i6ine/previews/1785282067322-c5919906-c4ce-4044-a0c2-4cb851cf66bc.jpg?variante=272
AIM-P005-273,Designs Aimari,5,AIM-P005-273.jpg,Comunicaciones FC Local 2026-27 (Variante 273) (Variante 273),https://media.designsaimari.com/products/cms57287200lzn1011v7cyzpx/previews/1785430564281-d87994b2-e034-4e27-b14b-1cbffffd0ee2.jpg?variante=273
AIM-P005-274,Designs Aimari,5,AIM-P005-274.jpg,Comunicaciones FC Thirt 26-27 (Variante 274) (Variante 274),https://media.designsaimari.com/products/cms56v6bf00amqp01mb3dwhcj/previews/1785275379156-29934ad5-641d-4c0d-b346-f45d4c2fa2a8.jpg?variante=274
AIM-P005-275,Designs Aimari,5,AIM-P005-275.jpg,Real Juventud (Variante 275) (Variante 275),https://media.designsaimari.com/products/cms56gwgb00cxn101bw0xe2hp/previews/1785274713179-ab1ade0d-829f-46b1-af42-d7640c575690.jpg?variante=275
AIM-P005-276,Designs Aimari,5,AIM-P005-276.jpg,Voley Gradient (Variante 276) (Variante 276),https://media.designsaimari.com/products/cms5489ze03y7qm01wgbxszwc/previews/1785270951912-7a8b5ae9-45fc-46ef-87a9-34b539720d4a.jpg?variante=276
AIM-P005-277,Designs Aimari,5,AIM-P005-277.jpg,PAISES BAJOS 1988 (Variante 277) (Variante 277),https://media.designsaimari.com/products/cms53f9zr03igmw01b0u5mxid/previews/1785269599432-3d710c81-20a4-43fc-a717-ccb9134ee0d7.jpg?variante=277
AIM-P005-278,Designs Aimari,5,AIM-P005-278.jpg,Geometric Concept Celeste (Variante 278) (Variante 278),https://media.designsaimari.com/products/cms52sxqd035nmw01eclwc10l/previews/1785268556247-8b159daa-a9ea-4f8a-ac3b-89f9899835ca.jpg?variante=278
AIM-P005-279,Designs Aimari,5,AIM-P005-279.png,Electric Design (Variante 279) (Variante 279),https://media.designsaimari.com/products/cms4vt1i100kcp701r85lz727/preview.png?variante=279
AIM-P005-280,Designs Aimari,5,AIM-P005-280.jpg,Interclasse Leon Fuego (Variante 280) (Variante 280),https://media.designsaimari.com/products/cms4vf0q6006ppe01x7dzvq2n/preview.jpg?variante=280
AIM-P005-281,Designs Aimari,5,AIM-P005-281.jpg,Señora del Rosario (Variante 281) (Variante 281),https://media.designsaimari.com/products/cms4ux0f203ijrz01635guqjy/preview.jpg?variante=281
AIM-P005-282,Designs Aimari,5,AIM-P005-282.jpg,ISLANDIA 2026 (Variante 282) (Variante 282),https://media.designsaimari.com/products/cms4skl8e00ndlj01axe461k3/preview.jpg?variante=282
AIM-P005-283,Designs Aimari,5,AIM-P005-283.jpg,Night Light Runners (Variante 283) (Variante 283),https://media.designsaimari.com/products/cms4s5gae00gll201sqn4q2xo/preview.jpg?variante=283
AIM-P005-284,Designs Aimari,5,AIM-P005-284.jpg,Juego de Tronos (Variante 284) (Variante 284),https://media.designsaimari.com/products/cms4qksi007qnly01ileq6vb5/preview.jpg?variante=284
AIM-P005-285,Designs Aimari,5,AIM-P005-285.jpg,Barcelona SC 101 Años (Variante 285) (Variante 285),https://media.designsaimari.com/products/cms3u309l00jsly010aqael18/preview.jpg?variante=285
AIM-P005-286,Designs Aimari,5,AIM-P005-286.jpg,Huracan Concept (Variante 286) (Variante 286),https://media.designsaimari.com/products/cms3t163w002lls01gmld4qjl/preview.jpg?variante=286
AIM-P005-287,Designs Aimari,5,AIM-P005-287.jpg,Sporting Azul (Variante 287) (Variante 287),https://media.designsaimari.com/products/cms3sbb77001zjn01fi5frbw5/preview.jpg?variante=287
AIM-P005-288,Designs Aimari,5,AIM-P005-288.jpg,RAYO CONCEPT (Variante 288) (Variante 288),https://media.designsaimari.com/products/cms3s2js4045po301bl8epxuk/preview.jpg?variante=288
AIM-P005-289,Designs Aimari,5,AIM-P005-289.jpg,BasketBall Fenix Pink Concept (Variante 289) (Variante 289),https://media.designsaimari.com/products/cms3riwsz0496ml014p83a3te/preview.jpg?variante=289
AIM-P005-290,Designs Aimari,5,AIM-P005-290.jpg,Night light (Variante 290) (Variante 290),https://media.designsaimari.com/products/cms3qq12z03noml01xouahq5b/preview.jpg?variante=290
AIM-P005-291,Designs Aimari,5,AIM-P005-291.jpg,Jersey Taller (Variante 291) (Variante 291),https://media.designsaimari.com/products/cms3nv3ua022mml01iegn90wf/preview.jpg?variante=291
AIM-P005-292,Designs Aimari,5,AIM-P005-292.jpg,Wayyu Design Abstract (Variante 292) (Variante 292),https://media.designsaimari.com/products/cms3mcnqr01e3o301omku0bn3/preview.jpg?variante=292
AIM-P005-293,Designs Aimari,5,AIM-P005-293.jpg,Hexagono Sports (Variante 293) (Variante 293),https://media.designsaimari.com/products/cms3lhw9l0129ml016pfgt7gt/preview.jpg?variante=293
AIM-P005-294,Designs Aimari,5,AIM-P005-294.png,Pointillizer concept blue (Variante 294) (Variante 294),https://media.designsaimari.com/products/cms3kn9sk00gqml013x97i7ex/preview.png?variante=294
AIM-P005-295,Designs Aimari,5,AIM-P005-295.jpg,Deportivo Neon Bicolor (Variante 295) (Variante 295),https://media.designsaimari.com/products/cms3jhlss01nhpb01k2gurgnb/preview.jpg?variante=295
AIM-P005-296,Designs Aimari,5,AIM-P005-296.jpg,Argentina Rosas Blue (Variante 296) (Variante 296),https://media.designsaimari.com/products/cms3ifr9m012apb011n0tvmx8/preview.jpg?variante=296
AIM-P005-297,Designs Aimari,5,AIM-P005-297.jpg,Federación Ovetense (Variante 297) (Variante 297),https://media.designsaimari.com/products/cms3hfr7i00kip601xzyqt1ov/preview.jpg?variante=297
AIM-P005-298,Designs Aimari,5,AIM-P005-298.jpg,Sport Verde (Variante 298) (Variante 298),https://media.designsaimari.com/products/cms3fdbul00cpmt01mc7axalm/preview.jpg?variante=298
AIM-P005-299,Designs Aimari,5,AIM-P005-299.jpg,Argelia Mundial 2026 (Variante 299) (Variante 299),https://media.designsaimari.com/products/cms3ec5rj0athjf01wfkvcjzq/previews/1785258627879-f95a5ee1-3310-4ec2-82e2-ff1c95e21b29.jpg?variante=299
AIM-P005-300,Designs Aimari,5,AIM-P005-300.png,Juniors Lion (Variante 300) (Variante 300),https://media.designsaimari.com/products/cms3cns4t09wcjf01uoqoory9/preview.png?variante=300
AIM-P006-301,Designs Aimari,6,AIM-P006-301.jpg,Guadalcacin Blue (Variante 301) (Variante 301),https://media.designsaimari.com/products/cmsak7fn30l21np01zwgewh86/previews/1785600117219-5d6524ef-6818-4bc4-adfc-e7b18cf1879c.jpg?variante=301
AIM-P006-302,Designs Aimari,6,AIM-P006-302.jpg,Argentina Drexx (Variante 302) (Variante 302),https://media.designsaimari.com/products/cmsaibco10koxnp01tazeaomx/previews/1785596944633-4145288c-feda-44b0-8a09-ec6e43657692.jpg?variante=302
AIM-P006-303,Designs Aimari,6,AIM-P006-303.jpg,Ballbreakers DUO Kit (Variante 303) (Variante 303),https://media.designsaimari.com/products/cms9vwm0p0ibxpc01anhrzy2i/previews/1785559301285-bc3edbc9-9a8b-4589-b622-2b336c039461.jpg?variante=303
AIM-P006-304,Designs Aimari,6,AIM-P006-304.jpg,CRISTO CONVITERO MIXQUEÑO (Variante 304) (Variante 304),https://media.designsaimari.com/products/cms9hnwec0f6fnp01ioeq0fqd/previews/1785535382850-695a7d83-e5a0-4c01-b81a-b2f027847228.jpg?variante=304
AIM-P006-305,Designs Aimari,6,AIM-P006-305.jpg,Africa del Sur (Variante 305) (Variante 305),https://media.designsaimari.com/products/cms9hehwz0fgopc01wnm830ux/previews/1785534942474-7e7be854-ce32-4c81-bd61-c1bd7ba9e26f.jpg?variante=305
AIM-P006-306,Designs Aimari,6,AIM-P006-306.jpg,Senegal AFCON 2025 (Variante 306) (Variante 306),https://media.designsaimari.com/products/cms9h7pnh0fdtpc0127zbcpca/previews/1785534627438-5984abaf-b0ee-4111-8393-01aa79d816a9.jpg?variante=306
AIM-P006-307,Designs Aimari,6,AIM-P006-307.jpg,Jersey Blue And Red Sport (Variante 307) (Variante 307),https://media.designsaimari.com/products/cms9gsy0k0ex4np01jwy2ukxq/previews/1785533935986-564c723a-0d55-4b30-8698-3867f7ae3305.jpg?variante=307
AIM-P006-308,Designs Aimari,6,AIM-P006-308.jpg,Sport Red Dark GB (Variante 308) (Variante 308),https://media.designsaimari.com/products/cms9g214x0ejnnp01z4zgpt6s/previews/1785532681139-4c0217c8-7240-40e4-b04e-04ac03224f07.jpg?variante=308
AIM-P006-309,Designs Aimari,6,AIM-P006-309.jpg,River Plate 26-27 (Variante 309) (Variante 309),https://media.designsaimari.com/products/cms9f3zaq0e41np017jhwtf3e/previews/1785531091798-b7019670-a9f6-43c4-a5f4-ee4a45132fe5.jpg?variante=309
AIM-P006-310,Designs Aimari,6,AIM-P006-310.jpg,Deportivo Escolar (Variante 310) (Variante 310),https://media.designsaimari.com/products/cms9edtb80drhnp0187n9gm2k/previews/1785529871436-771503ae-69b4-4037-92e9-b2a2ef61a9ab.jpg?variante=310
AIM-P006-311,Designs Aimari,6,AIM-P006-311.jpg,CAJN Concept Lobo (Variante 311) (Variante 311),https://media.designsaimari.com/products/cms9dbhff0dfgnp018dtsv5to/previews/1785528082763-20b50ad8-3e61-4556-b929-dabb8cc136b5.jpg?variante=311
AIM-P006-312,Designs Aimari,6,AIM-P006-312.jpg,MANTO rashguard (Variante 312) (Variante 312),https://media.designsaimari.com/products/cms9criyd0d4hnp01o0u9cbcn/previews/1785527151433-1febca0c-04e8-4039-b9be-79f487b5c67a.jpg?variante=312
AIM-P006-313,Designs Aimari,6,AIM-P006-313.jpg,Sport Grunge Amarillo (Variante 313) (Variante 313),https://media.designsaimari.com/products/cms9cjdq20d0nnp01i0tgatih/previews/1785526772019-9b5c91f8-ac1c-430d-92ed-ed9f7b4a1490.jpg?variante=313
AIM-P006-314,Designs Aimari,6,AIM-P006-314.jpg,Jersey Sport Coral (Variante 314) (Variante 314),https://media.designsaimari.com/products/cms9bz4fz0cq2np01f1uzqveh/previews/1785525826105-d454807c-ee57-4fe6-ac02-25e27bce8c33.jpg?variante=314
AIM-P006-315,Designs Aimari,6,AIM-P006-315.jpg,San Lorenzo Cuervo Rojo (Variante 315) (Variante 315),https://media.designsaimari.com/products/cms9azmwb0cy6pc01bfvgm460/previews/1785524170846-79dbdbbe-d3d4-4626-b193-f9f08603dd02.jpg?variante=315
AIM-P006-316,Designs Aimari,6,AIM-P006-316.jpg,Inter Milan 2026-2027 (Variante 316) (Variante 316),https://media.designsaimari.com/products/cms9a5uj50c7xpc01xf543rvt/previews/1785522780738-5e461cdc-8a43-45b8-a490-05cc8ec65832.jpg?variante=316
AIM-P006-317,Designs Aimari,6,AIM-P006-317.jpg,Sports Design Red (Variante 317) (Variante 317),https://media.designsaimari.com/products/cms99tfra0bxanp01y4ehyk9r/previews/1785522201735-2ad8d531-9e77-4c17-8c72-dd58ed291739.jpg?variante=317
AIM-P006-318,Designs Aimari,6,AIM-P006-318.jpg,Enmanuel F.C Herraientas (Variante 318) (Variante 318),https://media.designsaimari.com/products/cms99fxon0bubpc01zjuz274e/previews/1785521572161-e20c7037-a51d-40d7-93c2-88e9e1570605.jpg?variante=318
AIM-P006-319,Designs Aimari,6,AIM-P006-319.jpg,Guardian del Camino Design (Variante 319) (Variante 319),https://media.designsaimari.com/products/cms97b8tm0b3ipc01vwko8rej/previews/1785517995841-ce572dd6-7dae-4cfc-9f95-8148e49de387.jpg?variante=319
AIM-P006-320,Designs Aimari,6,AIM-P006-320.jpg,Deportivo Red (Variante 320) (Variante 320),https://media.designsaimari.com/products/cms96t50e0aownp01ad8227x3/previews/1785517154513-e1c027d5-6771-444f-9687-9e777224b7c3.jpg?variante=320
AIM-P006-321,Designs Aimari,6,AIM-P006-321.jpg,Bélgica Concept (Variante 321) (Variante 321),https://media.designsaimari.com/products/cms94pmfs09s0pc01ugxxpvd5/previews/1785513633055-ab4438ce-f216-48b2-9d36-22b7f66eaf89.jpg?variante=321
AIM-P006-322,Designs Aimari,6,AIM-P006-322.jpg,Manchester City Home (Variante 322) (Variante 322),https://media.designsaimari.com/products/cms940eao0982np01i29okyem/previews/1785512825647-cafc3e51-e705-4c8c-8223-dd920fff368b.jpg?variante=322
AIM-P006-323,Designs Aimari,6,AIM-P006-323.png,Trazo Abstracto (Variante 323) (Variante 323),https://media.designsaimari.com/products/cms93qs6o08yynp01mgwvxk4n/previews/1785512000536-20c08dd1-6411-41f9-8dc3-b623e7c5234d.png?variante=323
AIM-P006-324,Designs Aimari,6,AIM-P006-324.jpg,Jersey Grunge Concept (Variante 324) (Variante 324),https://media.designsaimari.com/products/cms92qc5t08fqnp018mt35idk/previews/1785510301382-af6ba113-74c3-440b-92e8-27fe3814aa49.jpg?variante=324
AIM-P006-325,Designs Aimari,6,AIM-P006-325.jpg,Manchas Sports azul (Variante 325) (Variante 325),https://media.designsaimari.com/products/cms90fq2v0786np013u2bukxl/previews/1785506445256-faa084d5-e84a-4930-9072-0bb4552c20e8.jpg?variante=325
AIM-P006-326,Designs Aimari,6,AIM-P006-326.jpg,Maradona Futbol (Variante 326) (Variante 326),https://media.designsaimari.com/products/cms8zq95a06vnnp01gu2yydf4/previews/1785505267008-e18e441e-47e8-4139-bcd4-da99f00f06b2.jpg?variante=326
AIM-P006-327,Designs Aimari,6,AIM-P006-327.jpg,Bélgica Flamas Concept 2026 (Variante 327) (Variante 327),https://media.designsaimari.com/products/cms8z3hnk06oynp01d5j2rpdx/previews/1785504195975-61c6bad8-5412-433e-820e-0ce5deaaf95b.jpg?variante=327
AIM-P006-328,Designs Aimari,6,AIM-P006-328.jpg,Geometrico Blue Calabera (Variante 328) (Variante 328),https://media.designsaimari.com/products/cms8y1zo606q4pc01xhxpx1yi/previews/1785502445330-f5011dc5-7fb6-44e7-9c7b-3da2b7f15292.jpg?variante=328
AIM-P006-329,Designs Aimari,6,AIM-P006-329.jpg,LUFFY SPORT AURA (Variante 329) (Variante 329),https://media.designsaimari.com/products/cms824ksb021kpc01n31o8tqw/previews/1785448819218-4444f8d9-6efd-45cb-9247-61fd9e492f00.jpg?variante=329
AIM-P006-330,Designs Aimari,6,AIM-P006-330.jpg,Sports Relámpago (Variante 330) (Variante 330),https://media.designsaimari.com/products/cms81fwyn01aanp019kltkiy5/previews/1785447668262-f074b00c-e3af-4048-b275-71155e26ebf2.jpg?variante=330
AIM-P006-331,Designs Aimari,6,AIM-P006-331.jpg,Garra de Tigre (Variante 331) (Variante 331),https://media.designsaimari.com/products/cms81ada501okpc014xkplzwm/previews/1785447408985-7731acc6-72ad-4a04-80a8-a959a136b2da.jpg?variante=331
AIM-P006-332,Designs Aimari,6,AIM-P006-332.jpg,Jambados FC (Variante 332) (Variante 332),https://media.designsaimari.com/products/cms7zc0aa00kipc01yn4a6n8h/previews/1785444127140-10ca6913-c2ea-4bd6-81d4-94de37564154.jpg?variante=332
AIM-P006-333,Designs Aimari,6,AIM-P006-333.jpg,Barcelona Fc (Variante 333) (Variante 333),https://media.designsaimari.com/products/cms7xzpey005fr10191ykk3ay/previews/1785441872637-18bece46-60d8-4d36-8aa6-ded9ecf84956.jpg?variante=333
AIM-P006-334,Designs Aimari,6,AIM-P006-334.png,Argentina Gold (Variante 334) (Variante 334),https://media.designsaimari.com/products/cms7xuk8v009fpi016bqcryil/previews/1785441650004-141a35ba-d7b8-4ee1-ba3c-4d9e8239c6fb.png?variante=334
AIM-P006-335,Designs Aimari,6,AIM-P006-335.jpg,Lines Sport (Variante 335) (Variante 335),https://media.designsaimari.com/products/cms7xfina000gpi01n34d4ktc/previews/1785440930726-e0ff23ec-73f9-4f8f-a006-99f2270935b3.jpg?variante=335
AIM-P006-336,Designs Aimari,6,AIM-P006-336.jpg,Pointillizer Blue (Variante 336) (Variante 336),https://media.designsaimari.com/products/cms7x2mjr0039p8010dovi18a/previews/1785440331953-d0afacb8-7f53-4463-9658-38caf1c6446d.jpg?variante=336
AIM-P006-337,Designs Aimari,6,AIM-P006-337.jpg,ATLÉTICO GRAU 2026 (Variante 337) (Variante 337),https://media.designsaimari.com/products/cms7vfx8e02tfns01uy0vjfdd/previews/1785437590480-8a7c91b9-aad3-4c66-b9d2-a97ece5f786a.jpg?variante=337
AIM-P006-338,Designs Aimari,6,AIM-P006-338.jpg,Forta Run Fest (Variante 338) (Variante 338),https://media.designsaimari.com/products/cms7sagtq01iwp3015sz16e4u/previews/1785432297120-34035a0c-63ac-4478-9953-e93d1559c9c8.jpg?variante=338
AIM-P006-339,Designs Aimari,6,AIM-P006-339.jpg,Capitana Carter (Variante 339) (Variante 339),https://media.designsaimari.com/products/cms7rl7uj00ylp301dvop4ezf/previews/1785431118982-3003fbc1-ec56-4c42-b835-660ef8f95f88.jpg?variante=339
AIM-P006-340,Designs Aimari,6,AIM-P006-340.jpg,CS Cartaginés 2026-2027 Away (Variante 340) (Variante 340),https://media.designsaimari.com/products/cms7re95c00vbp30128mdjkf8/previews/1785430794965-c8f52fca-1d04-4374-bfb1-cb2d65c7ccd2.jpg?variante=340
AIM-P006-341,Designs Aimari,6,AIM-P006-341.jpg,Jersey Escolar (Variante 341) (Variante 341),https://media.designsaimari.com/products/cms7rbfdx00tmp30168dnxqg4/previews/1785430663647-55a84c1b-31c7-44b8-a5a6-272d868da4f1.jpg?variante=341
AIM-P006-342,Designs Aimari,6,AIM-P006-342.jpg,Monte de Sion Gris (Variante 342) (Variante 342),https://media.designsaimari.com/products/cms7pttah01n0ny0174qyikss/previews/1785428161331-191ca451-7401-4da2-b8b9-77906be801ff.jpg?variante=342
AIM-P006-343,Designs Aimari,6,AIM-P006-343.jpg,Juventus Concepto Versace (Variante 343) (Variante 343),https://media.designsaimari.com/products/cms7pi3vh0186ny018fb7t1iz/previews/1785427614642-39318fe2-e1f2-441d-9f1f-daae1d86d223.jpg?variante=343
AIM-P006-344,Designs Aimari,6,AIM-P006-344.jpg,Warrior Sports (Variante 344) (Variante 344),https://media.designsaimari.com/products/cms7p7dma01lkpg01i8o5fvg5/previews/1785427134175-43a67230-1875-4b21-be34-ffe6b3f2c5c7.jpg?variante=344
AIM-P006-345,Designs Aimari,6,AIM-P006-345.jpg,Jersey Samurai (Variante 345) (Variante 345),https://media.designsaimari.com/products/cms7kx3n600iypi01c8t7yea0/previews/1785419918609-00322c72-bbf3-48a1-9623-ca01ab4d77e9.jpg?variante=345
AIM-P006-346,Designs Aimari,6,AIM-P006-346.jpg,Cañeras Sports Degrade (Variante 346) (Variante 346),https://media.designsaimari.com/products/cms7kfsz30avbpb01qpta3sfz/previews/1785419114787-6d256c10-fc70-4a1d-8643-f9f8e10fb7f5.jpg?variante=346
AIM-P006-347,Designs Aimari,6,AIM-P006-347.png,Deportivo Antigua GFC (Variante 347) (Variante 347),https://media.designsaimari.com/products/cms7k4tj90aptpb010rtwilij/previews/1785418626267-0c7dfd90-cbd4-4d79-9e67-79645d732235.png?variante=347
AIM-P006-348,Designs Aimari,6,AIM-P006-348.jpg,Atlante  FC 26-27 (Variante 348) (Variante 348),https://media.designsaimari.com/products/cms6mm9ea0545tg01p616n1c4/previews/1785362303699-d874076e-e00b-4cc4-8cc6-c90e7ca16494.jpg?variante=348
AIM-P006-349,Designs Aimari,6,AIM-P006-349.jpg,Sports Grunge Purple (Variante 349) (Variante 349),https://media.designsaimari.com/products/cms6lu54a04p9tg01zmrciwp9/previews/1785360993178-474bd586-7796-453c-98da-87cbc9ab6f01.jpg?variante=349
AIM-P006-350,Designs Aimari,6,AIM-P006-350.jpg,Jersey España Neón (Variante 350) (Variante 350),https://media.designsaimari.com/products/cms6ldepr04lipb01d4152pfh/previews/1785360212645-9f86be59-cbd6-44f4-b2f0-113f81ccdebe.jpg?variante=350
AIM-P006-351,Designs Aimari,6,AIM-P006-351.jpg,Manchester United Dark Red Diamond (Variante 351) (Variante 351),https://media.designsaimari.com/products/cms6kq4rj044apb014gmzlh0g/previews/1785359124711-f9971bd6-94a3-438a-b443-ba09259c368a.jpg?variante=351
AIM-P006-352,Designs Aimari,6,AIM-P006-352.jpg,PSG Jordan Billion Blue (Variante 352) (Variante 352),https://media.designsaimari.com/products/cms6k4o8s03xptg016lv4arxs/previews/1785358123669-286bd7b0-361c-49dd-8e53-2fac012e322d.jpg?variante=352
AIM-P006-353,Designs Aimari,6,AIM-P006-353.jpg,Club Sport Cartaginés (Variante 353) (Variante 353),https://media.designsaimari.com/products/cms6k1dlz03uvpb01zrl5sw9r/previews/1785357972965-018081e4-490e-4a38-9077-3300825bc467.jpg?variante=353
AIM-P006-354,Designs Aimari,6,AIM-P006-354.jpg,Paris Saint Germain (Variante 354) (Variante 354),https://media.designsaimari.com/products/cms6gq7wl0291pb01dsokkrnn/previews/1785352411290-5c1c6983-b3f4-4c1d-b44c-360412ba3b02.jpg?variante=354
AIM-P006-355,Designs Aimari,6,AIM-P006-355.jpg,GEOMETRICA SPORT (Variante 355) (Variante 355),https://media.designsaimari.com/products/cms6ghnrd0256pb01o3x7xzkt/previews/1785352010971-f788de30-c596-400a-99a3-af0748cd8094.jpg?variante=355
AIM-P006-356,Designs Aimari,6,AIM-P006-356.jpg,Guatemala 2026 (Variante 356) (Variante 356),https://media.designsaimari.com/products/cms6eb7cn00vmpb01ntvqtwhs/previews/1785348350978-0dfb00e0-22a2-4720-a8d7-81f51cbd427f.jpg?variante=356
AIM-P006-357,Designs Aimari,6,AIM-P006-357.jpg,Guatemala 2026-2027 Home (Variante 357) (Variante 357),https://media.designsaimari.com/products/cms6cghhf009lo901ltt2ti5j/previews/1785345238271-a08c7dc9-7c65-4f40-89cd-7550aad2e50d.jpg?variante=357
AIM-P006-358,Designs Aimari,6,AIM-P006-358.jpg,Independiente Medellín (Variante 358) (Variante 358),https://media.designsaimari.com/products/cms6c239y002so90140t3hsbv/previews/1785344567018-468c45fa-8239-4ca7-8315-1769e57b2c7b.jpg?variante=358
AIM-P006-359,Designs Aimari,6,AIM-P006-359.jpg,Wonder Woman (Variante 359) (Variante 359),https://media.designsaimari.com/products/cms6b94uc000cqs01w0ted3ar/previews/1785343215271-b32e6b63-b6b0-4902-94c6-49b22af434a1.jpg?variante=359
AIM-P006-360,Designs Aimari,6,AIM-P006-360.jpg,C. Deportivo Ferrocarril Fans 2026 (Variante 360) (Variante 360),https://media.designsaimari.com/products/cms6a4guc00bxs801axq5q8f2/previews/1785341319944-12145ecd-7777-40c6-b0d1-a8fce25f5169.jpg?variante=360
AIM-P007-361,Designs Aimari,7,AIM-P007-361.jpg,Gladeador Black Sports (Variante 361) (Variante 361),https://media.designsaimari.com/products/cms69jrtx003ms801dwqyjcdn/previews/1785402791807-bf0c4cd6-2e49-41e7-8f77-7345606ec4ff.jpg?variante=361
AIM-P007-362,Designs Aimari,7,AIM-P007-362.jpg,Águila Concept (Variante 362) (Variante 362),https://media.designsaimari.com/products/cms68vqq10009l2019rpohle2/previews/1785339231947-dd8b2a70-2a71-4f4d-aec3-db42063fcc54.jpg?variante=362
AIM-P007-363,Designs Aimari,7,AIM-P007-363.jpg,Zabdi FC (Variante 363) (Variante 363),https://media.designsaimari.com/products/cms68l6dx080xqp01yl60g4u7/previews/1785338738658-055407a9-33ea-431b-be41-caba7b5a44bf.jpg?variante=363
AIM-P007-364,Designs Aimari,7,AIM-P007-364.jpg,SAN MARTÍN DE TUCUMÁN (Variante 364) (Variante 364),https://media.designsaimari.com/products/cms68glhk08jsn101jtgdulci/previews/1785338524392-c806424c-7a0e-4cb5-b042-a903c5cd9de4.jpg?variante=364
AIM-P007-365,Designs Aimari,7,AIM-P007-365.jpg,Sporting Royal Green GEO (Variante 365) (Variante 365),https://media.designsaimari.com/products/cms67xs3y08e7n101c0r9yupy/previews/1785337646562-f191df0a-f656-4e33-87aa-72458475e8f0.jpg?variante=365
AIM-P007-366,Designs Aimari,7,AIM-P007-366.jpg,Pattern Geometrico Morado (Variante 366) (Variante 366),https://media.designsaimari.com/products/cms673zfs076rqp01j3r73icj/previews/1785336256564-602c9738-89fb-4f42-aa91-52d0da44ccdc.jpg?variante=366
AIM-P007-367,Designs Aimari,7,AIM-P007-367.jpg,Atlético de San Luis Local 202627 (Variante 367) (Variante 367),https://media.designsaimari.com/products/cms670af80732qp01rpfkqmnk/previews/1785336084213-b6a17519-169f-4b0f-b66e-ed32b2f78577.jpg?variante=367
AIM-P007-368,Designs Aimari,7,AIM-P007-368.jpg,Jersey Tiger Patron (Variante 368) (Variante 368),https://media.designsaimari.com/products/cms66yvem07o5n101p1tov980/previews/1785336018069-59f62ce3-8640-4ee6-91e4-6074ee8d43d4.gif?variante=368
AIM-P007-369,Designs Aimari,7,AIM-P007-369.jpg,Sports Colors (Variante 369) (Variante 369),https://media.designsaimari.com/products/cms65ipoy070sn101hirr3h5t/previews/1785333584371-c6156381-f930-4eb0-ae2e-adcbf8312b33.jpg?variante=369
AIM-P007-370,Designs Aimari,7,AIM-P007-370.jpg,Pointillizer Celeste (Variante 370) (Variante 370),https://media.designsaimari.com/products/cms64lf8u06mmn101x3ek9omp/previews/1785332031129-e11ed45c-9c6b-4ac6-a6a5-9b7cfdbae487.jpg?variante=370
AIM-P007-371,Designs Aimari,7,AIM-P007-371.jpg,Barca Spider Man 2026 (Variante 371) (Variante 371),https://media.designsaimari.com/products/cms5zyjfd04xgqp01vsyfxgea/previews/1785324244971-2156220d-52b6-45c4-9a13-b6b73ce558ac.jpg?variante=371
AIM-P007-372,Designs Aimari,7,AIM-P007-372.jpg,Watford Goalkeeper Home Kit 26-27 (Variante 372) (Variante 372),https://media.designsaimari.com/products/cms5auiip01huqp01gr1i6ine/previews/1785282067322-c5919906-c4ce-4044-a0c2-4cb851cf66bc.jpg?variante=372
AIM-P007-373,Designs Aimari,7,AIM-P007-373.jpg,Comunicaciones FC Local 2026-27 (Variante 373) (Variante 373),https://media.designsaimari.com/products/cms57287200lzn1011v7cyzpx/previews/1785430564281-d87994b2-e034-4e27-b14b-1cbffffd0ee2.jpg?variante=373
AIM-P007-374,Designs Aimari,7,AIM-P007-374.jpg,Comunicaciones FC Thirt 26-27 (Variante 374) (Variante 374),https://media.designsaimari.com/products/cms56v6bf00amqp01mb3dwhcj/previews/1785275379156-29934ad5-641d-4c0d-b346-f45d4c2fa2a8.jpg?variante=374
AIM-P007-375,Designs Aimari,7,AIM-P007-375.jpg,Real Juventud (Variante 375) (Variante 375),https://media.designsaimari.com/products/cms56gwgb00cxn101bw0xe2hp/previews/1785274713179-ab1ade0d-829f-46b1-af42-d7640c575690.jpg?variante=375
AIM-P007-376,Designs Aimari,7,AIM-P007-376.jpg,Voley Gradient (Variante 376) (Variante 376),https://media.designsaimari.com/products/cms5489ze03y7qm01wgbxszwc/previews/1785270951912-7a8b5ae9-45fc-46ef-87a9-34b539720d4a.jpg?variante=376
AIM-P007-377,Designs Aimari,7,AIM-P007-377.jpg,PAISES BAJOS 1988 (Variante 377) (Variante 377),https://media.designsaimari.com/products/cms53f9zr03igmw01b0u5mxid/previews/1785269599432-3d710c81-20a4-43fc-a717-ccb9134ee0d7.jpg?variante=377
AIM-P007-378,Designs Aimari,7,AIM-P007-378.jpg,Geometric Concept Celeste (Variante 378) (Variante 378),https://media.designsaimari.com/products/cms52sxqd035nmw01eclwc10l/previews/1785268556247-8b159daa-a9ea-4f8a-ac3b-89f9899835ca.jpg?variante=378
AIM-P007-379,Designs Aimari,7,AIM-P007-379.png,Electric Design (Variante 379) (Variante 379),https://media.designsaimari.com/products/cms4vt1i100kcp701r85lz727/preview.png?variante=379
AIM-P007-380,Designs Aimari,7,AIM-P007-380.jpg,Interclasse Leon Fuego (Variante 380) (Variante 380),https://media.designsaimari.com/products/cms4vf0q6006ppe01x7dzvq2n/preview.jpg?variante=380
AIM-P007-381,Designs Aimari,7,AIM-P007-381.jpg,Señora del Rosario (Variante 381) (Variante 381),https://media.designsaimari.com/products/cms4ux0f203ijrz01635guqjy/preview.jpg?variante=381
AIM-P007-382,Designs Aimari,7,AIM-P007-382.jpg,ISLANDIA 2026 (Variante 382) (Variante 382),https://media.designsaimari.com/products/cms4skl8e00ndlj01axe461k3/preview.jpg?variante=382
AIM-P007-383,Designs Aimari,7,AIM-P007-383.jpg,Night Light Runners (Variante 383) (Variante 383),https://media.designsaimari.com/products/cms4s5gae00gll201sqn4q2xo/preview.jpg?variante=383
AIM-P007-384,Designs Aimari,7,AIM-P007-384.jpg,Juego de Tronos (Variante 384) (Variante 384),https://media.designsaimari.com/products/cms4qksi007qnly01ileq6vb5/preview.jpg?variante=384
AIM-P007-385,Designs Aimari,7,AIM-P007-385.jpg,Barcelona SC 101 Años (Variante 385) (Variante 385),https://media.designsaimari.com/products/cms3u309l00jsly010aqael18/preview.jpg?variante=385
AIM-P007-386,Designs Aimari,7,AIM-P007-386.jpg,Huracan Concept (Variante 386) (Variante 386),https://media.designsaimari.com/products/cms3t163w002lls01gmld4qjl/preview.jpg?variante=386
AIM-P007-387,Designs Aimari,7,AIM-P007-387.jpg,Sporting Azul (Variante 387) (Variante 387),https://media.designsaimari.com/products/cms3sbb77001zjn01fi5frbw5/preview.jpg?variante=387
AIM-P007-388,Designs Aimari,7,AIM-P007-388.jpg,RAYO CONCEPT (Variante 388) (Variante 388),https://media.designsaimari.com/products/cms3s2js4045po301bl8epxuk/preview.jpg?variante=388
AIM-P007-389,Designs Aimari,7,AIM-P007-389.jpg,BasketBall Fenix Pink Concept (Variante 389) (Variante 389),https://media.designsaimari.com/products/cms3riwsz0496ml014p83a3te/preview.jpg?variante=389
AIM-P007-390,Designs Aimari,7,AIM-P007-390.jpg,Night light (Variante 390) (Variante 390),https://media.designsaimari.com/products/cms3qq12z03noml01xouahq5b/preview.jpg?variante=390
AIM-P007-391,Designs Aimari,7,AIM-P007-391.jpg,Jersey Taller (Variante 391) (Variante 391),https://media.designsaimari.com/products/cms3nv3ua022mml01iegn90wf/preview.jpg?variante=391
AIM-P007-392,Designs Aimari,7,AIM-P007-392.jpg,Wayyu Design Abstract (Variante 392) (Variante 392),https://media.designsaimari.com/products/cms3mcnqr01e3o301omku0bn3/preview.jpg?variante=392
AIM-P007-393,Designs Aimari,7,AIM-P007-393.jpg,Hexagono Sports (Variante 393) (Variante 393),https://media.designsaimari.com/products/cms3lhw9l0129ml016pfgt7gt/preview.jpg?variante=393
AIM-P007-394,Designs Aimari,7,AIM-P007-394.png,Pointillizer concept blue (Variante 394) (Variante 394),https://media.designsaimari.com/products/cms3kn9sk00gqml013x97i7ex/preview.png?variante=394
AIM-P007-395,Designs Aimari,7,AIM-P007-395.jpg,Deportivo Neon Bicolor (Variante 395) (Variante 395),https://media.designsaimari.com/products/cms3jhlss01nhpb01k2gurgnb/preview.jpg?variante=395
AIM-P007-396,Designs Aimari,7,AIM-P007-396.jpg,Argentina Rosas Blue (Variante 396) (Variante 396),https://media.designsaimari.com/products/cms3ifr9m012apb011n0tvmx8/preview.jpg?variante=396
AIM-P007-397,Designs Aimari,7,AIM-P007-397.jpg,Federación Ovetense (Variante 397) (Variante 397),https://media.designsaimari.com/products/cms3hfr7i00kip601xzyqt1ov/preview.jpg?variante=397
AIM-P007-398,Designs Aimari,7,AIM-P007-398.jpg,Sport Verde (Variante 398) (Variante 398),https://media.designsaimari.com/products/cms3fdbul00cpmt01mc7axalm/preview.jpg?variante=398
AIM-P007-399,Designs Aimari,7,AIM-P007-399.jpg,Argelia Mundial 2026 (Variante 399) (Variante 399),https://media.designsaimari.com/products/cms3ec5rj0athjf01wfkvcjzq/previews/1785258627879-f95a5ee1-3310-4ec2-82e2-ff1c95e21b29.jpg?variante=399
AIM-P007-400,Designs Aimari,7,AIM-P007-400.png,Juniors Lion (Variante 400) (Variante 400),https://media.designsaimari.com/products/cms3cns4t09wcjf01uoqoory9/preview.png?variante=400
AIM-P007-401,Designs Aimari,7,AIM-P007-401.jpg,Guadalcacin Blue (Variante 401) (Variante 401),https://media.designsaimari.com/products/cmsak7fn30l21np01zwgewh86/previews/1785600117219-5d6524ef-6818-4bc4-adfc-e7b18cf1879c.jpg?variante=401
AIM-P007-402,Designs Aimari,7,AIM-P007-402.jpg,Argentina Drexx (Variante 402) (Variante 402),https://media.designsaimari.com/products/cmsaibco10koxnp01tazeaomx/previews/1785596944633-4145288c-feda-44b0-8a09-ec6e43657692.jpg?variante=402
AIM-P007-403,Designs Aimari,7,AIM-P007-403.jpg,Ballbreakers DUO Kit (Variante 403) (Variante 403),https://media.designsaimari.com/products/cms9vwm0p0ibxpc01anhrzy2i/previews/1785559301285-bc3edbc9-9a8b-4589-b622-2b336c039461.jpg?variante=403
AIM-P007-404,Designs Aimari,7,AIM-P007-404.jpg,CRISTO CONVITERO MIXQUEÑO (Variante 404) (Variante 404),https://media.designsaimari.com/products/cms9hnwec0f6fnp01ioeq0fqd/previews/1785535382850-695a7d83-e5a0-4c01-b81a-b2f027847228.jpg?variante=404
AIM-P007-405,Designs Aimari,7,AIM-P007-405.jpg,Africa del Sur (Variante 405) (Variante 405),https://media.designsaimari.com/products/cms9hehwz0fgopc01wnm830ux/previews/1785534942474-7e7be854-ce32-4c81-bd61-c1bd7ba9e26f.jpg?variante=405
AIM-P007-406,Designs Aimari,7,AIM-P007-406.jpg,Senegal AFCON 2025 (Variante 406) (Variante 406),https://media.designsaimari.com/products/cms9h7pnh0fdtpc0127zbcpca/previews/1785534627438-5984abaf-b0ee-4111-8393-01aa79d816a9.jpg?variante=406
AIM-P007-407,Designs Aimari,7,AIM-P007-407.jpg,Jersey Blue And Red Sport (Variante 407) (Variante 407),https://media.designsaimari.com/products/cms9gsy0k0ex4np01jwy2ukxq/previews/1785533935986-564c723a-0d55-4b30-8698-3867f7ae3305.jpg?variante=407
AIM-P007-408,Designs Aimari,7,AIM-P007-408.jpg,Sport Red Dark GB (Variante 408) (Variante 408),https://media.designsaimari.com/products/cms9g214x0ejnnp01z4zgpt6s/previews/1785532681139-4c0217c8-7240-40e4-b04e-04ac03224f07.jpg?variante=408
AIM-P007-409,Designs Aimari,7,AIM-P007-409.jpg,River Plate 26-27 (Variante 409) (Variante 409),https://media.designsaimari.com/products/cms9f3zaq0e41np017jhwtf3e/previews/1785531091798-b7019670-a9f6-43c4-a5f4-ee4a45132fe5.jpg?variante=409
AIM-P007-410,Designs Aimari,7,AIM-P007-410.jpg,Deportivo Escolar (Variante 410) (Variante 410),https://media.designsaimari.com/products/cms9edtb80drhnp0187n9gm2k/previews/1785529871436-771503ae-69b4-4037-92e9-b2a2ef61a9ab.jpg?variante=410
AIM-P007-411,Designs Aimari,7,AIM-P007-411.jpg,CAJN Concept Lobo (Variante 411) (Variante 411),https://media.designsaimari.com/products/cms9dbhff0dfgnp018dtsv5to/previews/1785528082763-20b50ad8-3e61-4556-b929-dabb8cc136b5.jpg?variante=411
AIM-P007-412,Designs Aimari,7,AIM-P007-412.jpg,MANTO rashguard (Variante 412) (Variante 412),https://media.designsaimari.com/products/cms9criyd0d4hnp01o0u9cbcn/previews/1785527151433-1febca0c-04e8-4039-b9be-79f487b5c67a.jpg?variante=412
AIM-P007-413,Designs Aimari,7,AIM-P007-413.jpg,Sport Grunge Amarillo (Variante 413) (Variante 413),https://media.designsaimari.com/products/cms9cjdq20d0nnp01i0tgatih/previews/1785526772019-9b5c91f8-ac1c-430d-92ed-ed9f7b4a1490.jpg?variante=413
AIM-P007-414,Designs Aimari,7,AIM-P007-414.jpg,Jersey Sport Coral (Variante 414) (Variante 414),https://media.designsaimari.com/products/cms9bz4fz0cq2np01f1uzqveh/previews/1785525826105-d454807c-ee57-4fe6-ac02-25e27bce8c33.jpg?variante=414
AIM-P007-415,Designs Aimari,7,AIM-P007-415.jpg,San Lorenzo Cuervo Rojo (Variante 415) (Variante 415),https://media.designsaimari.com/products/cms9azmwb0cy6pc01bfvgm460/previews/1785524170846-79dbdbbe-d3d4-4626-b193-f9f08603dd02.jpg?variante=415
AIM-P007-416,Designs Aimari,7,AIM-P007-416.jpg,Inter Milan 2026-2027 (Variante 416) (Variante 416),https://media.designsaimari.com/products/cms9a5uj50c7xpc01xf543rvt/previews/1785522780738-5e461cdc-8a43-45b8-a490-05cc8ec65832.jpg?variante=416
AIM-P007-417,Designs Aimari,7,AIM-P007-417.jpg,Sports Design Red (Variante 417) (Variante 417),https://media.designsaimari.com/products/cms99tfra0bxanp01y4ehyk9r/previews/1785522201735-2ad8d531-9e77-4c17-8c72-dd58ed291739.jpg?variante=417
AIM-P007-418,Designs Aimari,7,AIM-P007-418.jpg,Enmanuel F.C Herraientas (Variante 418) (Variante 418),https://media.designsaimari.com/products/cms99fxon0bubpc01zjuz274e/previews/1785521572161-e20c7037-a51d-40d7-93c2-88e9e1570605.jpg?variante=418
AIM-P007-419,Designs Aimari,7,AIM-P007-419.jpg,Guardian del Camino Design (Variante 419) (Variante 419),https://media.designsaimari.com/products/cms97b8tm0b3ipc01vwko8rej/previews/1785517995841-ce572dd6-7dae-4cfc-9f95-8148e49de387.jpg?variante=419
AIM-P007-420,Designs Aimari,7,AIM-P007-420.jpg,Deportivo Red (Variante 420) (Variante 420),https://media.designsaimari.com/products/cms96t50e0aownp01ad8227x3/previews/1785517154513-e1c027d5-6771-444f-9687-9e777224b7c3.jpg?variante=420
AIM-P008-421,Designs Aimari,8,AIM-P008-421.jpg,Bélgica Concept (Variante 421) (Variante 421),https://media.designsaimari.com/products/cms94pmfs09s0pc01ugxxpvd5/previews/1785513633055-ab4438ce-f216-48b2-9d36-22b7f66eaf89.jpg?variante=421
AIM-P008-422,Designs Aimari,8,AIM-P008-422.jpg,Manchester City Home (Variante 422) (Variante 422),https://media.designsaimari.com/products/cms940eao0982np01i29okyem/previews/1785512825647-cafc3e51-e705-4c8c-8223-dd920fff368b.jpg?variante=422
AIM-P008-423,Designs Aimari,8,AIM-P008-423.png,Trazo Abstracto (Variante 423) (Variante 423),https://media.designsaimari.com/products/cms93qs6o08yynp01mgwvxk4n/previews/1785512000536-20c08dd1-6411-41f9-8dc3-b623e7c5234d.png?variante=423
AIM-P008-424,Designs Aimari,8,AIM-P008-424.jpg,Jersey Grunge Concept (Variante 424) (Variante 424),https://media.designsaimari.com/products/cms92qc5t08fqnp018mt35idk/previews/1785510301382-af6ba113-74c3-440b-92e8-27fe3814aa49.jpg?variante=424
AIM-P008-425,Designs Aimari,8,AIM-P008-425.jpg,Manchas Sports azul (Variante 425) (Variante 425),https://media.designsaimari.com/products/cms90fq2v0786np013u2bukxl/previews/1785506445256-faa084d5-e84a-4930-9072-0bb4552c20e8.jpg?variante=425
AIM-P008-426,Designs Aimari,8,AIM-P008-426.jpg,Maradona Futbol (Variante 426) (Variante 426),https://media.designsaimari.com/products/cms8zq95a06vnnp01gu2yydf4/previews/1785505267008-e18e441e-47e8-4139-bcd4-da99f00f06b2.jpg?variante=426
AIM-P008-427,Designs Aimari,8,AIM-P008-427.jpg,Bélgica Flamas Concept 2026 (Variante 427) (Variante 427),https://media.designsaimari.com/products/cms8z3hnk06oynp01d5j2rpdx/previews/1785504195975-61c6bad8-5412-433e-820e-0ce5deaaf95b.jpg?variante=427
AIM-P008-428,Designs Aimari,8,AIM-P008-428.jpg,Geometrico Blue Calabera (Variante 428) (Variante 428),https://media.designsaimari.com/products/cms8y1zo606q4pc01xhxpx1yi/previews/1785502445330-f5011dc5-7fb6-44e7-9c7b-3da2b7f15292.jpg?variante=428
AIM-P008-429,Designs Aimari,8,AIM-P008-429.jpg,LUFFY SPORT AURA (Variante 429) (Variante 429),https://media.designsaimari.com/products/cms824ksb021kpc01n31o8tqw/previews/1785448819218-4444f8d9-6efd-45cb-9247-61fd9e492f00.jpg?variante=429
AIM-P008-430,Designs Aimari,8,AIM-P008-430.jpg,Sports Relámpago (Variante 430) (Variante 430),https://media.designsaimari.com/products/cms81fwyn01aanp019kltkiy5/previews/1785447668262-f074b00c-e3af-4048-b275-71155e26ebf2.jpg?variante=430
AIM-P008-431,Designs Aimari,8,AIM-P008-431.jpg,Garra de Tigre (Variante 431) (Variante 431),https://media.designsaimari.com/products/cms81ada501okpc014xkplzwm/previews/1785447408985-7731acc6-72ad-4a04-80a8-a959a136b2da.jpg?variante=431
AIM-P008-432,Designs Aimari,8,AIM-P008-432.jpg,Jambados FC (Variante 432) (Variante 432),https://media.designsaimari.com/products/cms7zc0aa00kipc01yn4a6n8h/previews/1785444127140-10ca6913-c2ea-4bd6-81d4-94de37564154.jpg?variante=432
AIM-P008-433,Designs Aimari,8,AIM-P008-433.jpg,Barcelona Fc (Variante 433) (Variante 433),https://media.designsaimari.com/products/cms7xzpey005fr10191ykk3ay/previews/1785441872637-18bece46-60d8-4d36-8aa6-ded9ecf84956.jpg?variante=433
AIM-P008-434,Designs Aimari,8,AIM-P008-434.png,Argentina Gold (Variante 434) (Variante 434),https://media.designsaimari.com/products/cms7xuk8v009fpi016bqcryil/previews/1785441650004-141a35ba-d7b8-4ee1-ba3c-4d9e8239c6fb.png?variante=434
AIM-P008-435,Designs Aimari,8,AIM-P008-435.jpg,Lines Sport (Variante 435) (Variante 435),https://media.designsaimari.com/products/cms7xfina000gpi01n34d4ktc/previews/1785440930726-e0ff23ec-73f9-4f8f-a006-99f2270935b3.jpg?variante=435
AIM-P008-436,Designs Aimari,8,AIM-P008-436.jpg,Pointillizer Blue (Variante 436) (Variante 436),https://media.designsaimari.com/products/cms7x2mjr0039p8010dovi18a/previews/1785440331953-d0afacb8-7f53-4463-9658-38caf1c6446d.jpg?variante=436
AIM-P008-437,Designs Aimari,8,AIM-P008-437.jpg,ATLÉTICO GRAU 2026 (Variante 437) (Variante 437),https://media.designsaimari.com/products/cms7vfx8e02tfns01uy0vjfdd/previews/1785437590480-8a7c91b9-aad3-4c66-b9d2-a97ece5f786a.jpg?variante=437
AIM-P008-438,Designs Aimari,8,AIM-P008-438.jpg,Forta Run Fest (Variante 438) (Variante 438),https://media.designsaimari.com/products/cms7sagtq01iwp3015sz16e4u/previews/1785432297120-34035a0c-63ac-4478-9953-e93d1559c9c8.jpg?variante=438
AIM-P008-439,Designs Aimari,8,AIM-P008-439.jpg,Capitana Carter (Variante 439) (Variante 439),https://media.designsaimari.com/products/cms7rl7uj00ylp301dvop4ezf/previews/1785431118982-3003fbc1-ec56-4c42-b835-660ef8f95f88.jpg?variante=439
AIM-P008-440,Designs Aimari,8,AIM-P008-440.jpg,CS Cartaginés 2026-2027 Away (Variante 440) (Variante 440),https://media.designsaimari.com/products/cms7re95c00vbp30128mdjkf8/previews/1785430794965-c8f52fca-1d04-4374-bfb1-cb2d65c7ccd2.jpg?variante=440
AIM-P008-441,Designs Aimari,8,AIM-P008-441.jpg,Jersey Escolar (Variante 441) (Variante 441),https://media.designsaimari.com/products/cms7rbfdx00tmp30168dnxqg4/previews/1785430663647-55a84c1b-31c7-44b8-a5a6-272d868da4f1.jpg?variante=441
AIM-P008-442,Designs Aimari,8,AIM-P008-442.jpg,Monte de Sion Gris (Variante 442) (Variante 442),https://media.designsaimari.com/products/cms7pttah01n0ny0174qyikss/previews/1785428161331-191ca451-7401-4da2-b8b9-77906be801ff.jpg?variante=442
AIM-P008-443,Designs Aimari,8,AIM-P008-443.jpg,Juventus Concepto Versace (Variante 443) (Variante 443),https://media.designsaimari.com/products/cms7pi3vh0186ny018fb7t1iz/previews/1785427614642-39318fe2-e1f2-441d-9f1f-daae1d86d223.jpg?variante=443
AIM-P008-444,Designs Aimari,8,AIM-P008-444.jpg,Warrior Sports (Variante 444) (Variante 444),https://media.designsaimari.com/products/cms7p7dma01lkpg01i8o5fvg5/previews/1785427134175-43a67230-1875-4b21-be34-ffe6b3f2c5c7.jpg?variante=444
AIM-P008-445,Designs Aimari,8,AIM-P008-445.jpg,Jersey Samurai (Variante 445) (Variante 445),https://media.designsaimari.com/products/cms7kx3n600iypi01c8t7yea0/previews/1785419918609-00322c72-bbf3-48a1-9623-ca01ab4d77e9.jpg?variante=445
AIM-P008-446,Designs Aimari,8,AIM-P008-446.jpg,Cañeras Sports Degrade (Variante 446) (Variante 446),https://media.designsaimari.com/products/cms7kfsz30avbpb01qpta3sfz/previews/1785419114787-6d256c10-fc70-4a1d-8643-f9f8e10fb7f5.jpg?variante=446
AIM-P008-447,Designs Aimari,8,AIM-P008-447.png,Deportivo Antigua GFC (Variante 447) (Variante 447),https://media.designsaimari.com/products/cms7k4tj90aptpb010rtwilij/previews/1785418626267-0c7dfd90-cbd4-4d79-9e67-79645d732235.png?variante=447
AIM-P008-448,Designs Aimari,8,AIM-P008-448.jpg,Atlante  FC 26-27 (Variante 448) (Variante 448),https://media.designsaimari.com/products/cms6mm9ea0545tg01p616n1c4/previews/1785362303699-d874076e-e00b-4cc4-8cc6-c90e7ca16494.jpg?variante=448
AIM-P008-449,Designs Aimari,8,AIM-P008-449.jpg,Sports Grunge Purple (Variante 449) (Variante 449),https://media.designsaimari.com/products/cms6lu54a04p9tg01zmrciwp9/previews/1785360993178-474bd586-7796-453c-98da-87cbc9ab6f01.jpg?variante=449
AIM-P008-450,Designs Aimari,8,AIM-P008-450.jpg,Jersey España Neón (Variante 450) (Variante 450),https://media.designsaimari.com/products/cms6ldepr04lipb01d4152pfh/previews/1785360212645-9f86be59-cbd6-44f4-b2f0-113f81ccdebe.jpg?variante=450
AIM-P008-451,Designs Aimari,8,AIM-P008-451.jpg,Manchester United Dark Red Diamond (Variante 451) (Variante 451),https://media.designsaimari.com/products/cms6kq4rj044apb014gmzlh0g/previews/1785359124711-f9971bd6-94a3-438a-b443-ba09259c368a.jpg?variante=451
AIM-P008-452,Designs Aimari,8,AIM-P008-452.jpg,PSG Jordan Billion Blue (Variante 452) (Variante 452),https://media.designsaimari.com/products/cms6k4o8s03xptg016lv4arxs/previews/1785358123669-286bd7b0-361c-49dd-8e53-2fac012e322d.jpg?variante=452
AIM-P008-453,Designs Aimari,8,AIM-P008-453.jpg,Club Sport Cartaginés (Variante 453) (Variante 453),https://media.designsaimari.com/products/cms6k1dlz03uvpb01zrl5sw9r/previews/1785357972965-018081e4-490e-4a38-9077-3300825bc467.jpg?variante=453
AIM-P008-454,Designs Aimari,8,AIM-P008-454.jpg,Paris Saint Germain (Variante 454) (Variante 454),https://media.designsaimari.com/products/cms6gq7wl0291pb01dsokkrnn/previews/1785352411290-5c1c6983-b3f4-4c1d-b44c-360412ba3b02.jpg?variante=454
AIM-P008-455,Designs Aimari,8,AIM-P008-455.jpg,GEOMETRICA SPORT (Variante 455) (Variante 455),https://media.designsaimari.com/products/cms6ghnrd0256pb01o3x7xzkt/previews/1785352010971-f788de30-c596-400a-99a3-af0748cd8094.jpg?variante=455
AIM-P008-456,Designs Aimari,8,AIM-P008-456.jpg,Guatemala 2026 (Variante 456) (Variante 456),https://media.designsaimari.com/products/cms6eb7cn00vmpb01ntvqtwhs/previews/1785348350978-0dfb00e0-22a2-4720-a8d7-81f51cbd427f.jpg?variante=456
AIM-P008-457,Designs Aimari,8,AIM-P008-457.jpg,Guatemala 2026-2027 Home (Variante 457) (Variante 457),https://media.designsaimari.com/products/cms6cghhf009lo901ltt2ti5j/previews/1785345238271-a08c7dc9-7c65-4f40-89cd-7550aad2e50d.jpg?variante=457
AIM-P008-458,Designs Aimari,8,AIM-P008-458.jpg,Independiente Medellín (Variante 458) (Variante 458),https://media.designsaimari.com/products/cms6c239y002so90140t3hsbv/previews/1785344567018-468c45fa-8239-4ca7-8315-1769e57b2c7b.jpg?variante=458
AIM-P008-459,Designs Aimari,8,AIM-P008-459.jpg,Wonder Woman (Variante 459) (Variante 459),https://media.designsaimari.com/products/cms6b94uc000cqs01w0ted3ar/previews/1785343215271-b32e6b63-b6b0-4902-94c6-49b22af434a1.jpg?variante=459
AIM-P008-460,Designs Aimari,8,AIM-P008-460.jpg,C. Deportivo Ferrocarril Fans 2026 (Variante 460) (Variante 460),https://media.designsaimari.com/products/cms6a4guc00bxs801axq5q8f2/previews/1785341319944-12145ecd-7777-40c6-b0d1-a8fce25f5169.jpg?variante=460
AIM-P008-461,Designs Aimari,8,AIM-P008-461.jpg,Gladeador Black Sports (Variante 461) (Variante 461),https://media.designsaimari.com/products/cms69jrtx003ms801dwqyjcdn/previews/1785402791807-bf0c4cd6-2e49-41e7-8f77-7345606ec4ff.jpg?variante=461
AIM-P008-462,Designs Aimari,8,AIM-P008-462.jpg,Águila Concept (Variante 462) (Variante 462),https://media.designsaimari.com/products/cms68vqq10009l2019rpohle2/previews/1785339231947-dd8b2a70-2a71-4f4d-aec3-db42063fcc54.jpg?variante=462
AIM-P008-463,Designs Aimari,8,AIM-P008-463.jpg,Zabdi FC (Variante 463) (Variante 463),https://media.designsaimari.com/products/cms68l6dx080xqp01yl60g4u7/previews/1785338738658-055407a9-33ea-431b-be41-caba7b5a44bf.jpg?variante=463
AIM-P008-464,Designs Aimari,8,AIM-P008-464.jpg,SAN MARTÍN DE TUCUMÁN (Variante 464) (Variante 464),https://media.designsaimari.com/products/cms68glhk08jsn101jtgdulci/previews/1785338524392-c806424c-7a0e-4cb5-b042-a903c5cd9de4.jpg?variante=464
AIM-P008-465,Designs Aimari,8,AIM-P008-465.jpg,Sporting Royal Green GEO (Variante 465) (Variante 465),https://media.designsaimari.com/products/cms67xs3y08e7n101c0r9yupy/previews/1785337646562-f191df0a-f656-4e33-87aa-72458475e8f0.jpg?variante=465
AIM-P008-466,Designs Aimari,8,AIM-P008-466.jpg,Pattern Geometrico Morado (Variante 466) (Variante 466),https://media.designsaimari.com/products/cms673zfs076rqp01j3r73icj/previews/1785336256564-602c9738-89fb-4f42-aa91-52d0da44ccdc.jpg?variante=466
AIM-P008-467,Designs Aimari,8,AIM-P008-467.jpg,Atlético de San Luis Local 202627 (Variante 467) (Variante 467),https://media.designsaimari.com/products/cms670af80732qp01rpfkqmnk/previews/1785336084213-b6a17519-169f-4b0f-b66e-ed32b2f78577.jpg?variante=467
AIM-P008-468,Designs Aimari,8,AIM-P008-468.jpg,Jersey Tiger Patron (Variante 468) (Variante 468),https://media.designsaimari.com/products/cms66yvem07o5n101p1tov980/previews/1785336018069-59f62ce3-8640-4ee6-91e4-6074ee8d43d4.gif?variante=468
AIM-P008-469,Designs Aimari,8,AIM-P008-469.jpg,Sports Colors (Variante 469) (Variante 469),https://media.designsaimari.com/products/cms65ipoy070sn101hirr3h5t/previews/1785333584371-c6156381-f930-4eb0-ae2e-adcbf8312b33.jpg?variante=469
AIM-P008-470,Designs Aimari,8,AIM-P008-470.jpg,Pointillizer Celeste (Variante 470) (Variante 470),https://media.designsaimari.com/products/cms64lf8u06mmn101x3ek9omp/previews/1785332031129-e11ed45c-9c6b-4ac6-a6a5-9b7cfdbae487.jpg?variante=470
AIM-P008-471,Designs Aimari,8,AIM-P008-471.jpg,Barca Spider Man 2026 (Variante 471) (Variante 471),https://media.designsaimari.com/products/cms5zyjfd04xgqp01vsyfxgea/previews/1785324244971-2156220d-52b6-45c4-9a13-b6b73ce558ac.jpg?variante=471
AIM-P008-472,Designs Aimari,8,AIM-P008-472.jpg,Watford Goalkeeper Home Kit 26-27 (Variante 472) (Variante 472),https://media.designsaimari.com/products/cms5auiip01huqp01gr1i6ine/previews/1785282067322-c5919906-c4ce-4044-a0c2-4cb851cf66bc.jpg?variante=472
AIM-P008-473,Designs Aimari,8,AIM-P008-473.jpg,Comunicaciones FC Local 2026-27 (Variante 473) (Variante 473),https://media.designsaimari.com/products/cms57287200lzn1011v7cyzpx/previews/1785430564281-d87994b2-e034-4e27-b14b-1cbffffd0ee2.jpg?variante=473
AIM-P008-474,Designs Aimari,8,AIM-P008-474.jpg,Comunicaciones FC Thirt 26-27 (Variante 474) (Variante 474),https://media.designsaimari.com/products/cms56v6bf00amqp01mb3dwhcj/previews/1785275379156-29934ad5-641d-4c0d-b346-f45d4c2fa2a8.jpg?variante=474
AIM-P008-475,Designs Aimari,8,AIM-P008-475.jpg,Real Juventud (Variante 475) (Variante 475),https://media.designsaimari.com/products/cms56gwgb00cxn101bw0xe2hp/previews/1785274713179-ab1ade0d-829f-46b1-af42-d7640c575690.jpg?variante=475
AIM-P008-476,Designs Aimari,8,AIM-P008-476.jpg,Voley Gradient (Variante 476) (Variante 476),https://media.designsaimari.com/products/cms5489ze03y7qm01wgbxszwc/previews/1785270951912-7a8b5ae9-45fc-46ef-87a9-34b539720d4a.jpg?variante=476
AIM-P008-477,Designs Aimari,8,AIM-P008-477.jpg,PAISES BAJOS 1988 (Variante 477) (Variante 477),https://media.designsaimari.com/products/cms53f9zr03igmw01b0u5mxid/previews/1785269599432-3d710c81-20a4-43fc-a717-ccb9134ee0d7.jpg?variante=477
AIM-P008-478,Designs Aimari,8,AIM-P008-478.jpg,Geometric Concept Celeste (Variante 478) (Variante 478),https://media.designsaimari.com/products/cms52sxqd035nmw01eclwc10l/previews/1785268556247-8b159daa-a9ea-4f8a-ac3b-89f9899835ca.jpg?variante=478
AIM-P008-479,Designs Aimari,8,AIM-P008-479.png,Electric Design (Variante 479) (Variante 479),https://media.designsaimari.com/products/cms4vt1i100kcp701r85lz727/preview.png?variante=479
AIM-P008-480,Designs Aimari,8,AIM-P008-480.jpg,Interclasse Leon Fuego (Variante 480) (Variante 480),https://media.designsaimari.com/products/cms4vf0q6006ppe01x7dzvq2n/preview.jpg?variante=480
AIM-P009-481,Designs Aimari,9,AIM-P009-481.jpg,Señora del Rosario (Variante 481) (Variante 481),https://media.designsaimari.com/products/cms4ux0f203ijrz01635guqjy/preview.jpg?variante=481
AIM-P009-482,Designs Aimari,9,AIM-P009-482.jpg,ISLANDIA 2026 (Variante 482) (Variante 482),https://media.designsaimari.com/products/cms4skl8e00ndlj01axe461k3/preview.jpg?variante=482
AIM-P009-483,Designs Aimari,9,AIM-P009-483.jpg,Night Light Runners (Variante 483) (Variante 483),https://media.designsaimari.com/products/cms4s5gae00gll201sqn4q2xo/preview.jpg?variante=483
AIM-P009-484,Designs Aimari,9,AIM-P009-484.jpg,Juego de Tronos (Variante 484) (Variante 484),https://media.designsaimari.com/products/cms4qksi007qnly01ileq6vb5/preview.jpg?variante=484
AIM-P009-485,Designs Aimari,9,AIM-P009-485.jpg,Barcelona SC 101 Años (Variante 485) (Variante 485),https://media.designsaimari.com/products/cms3u309l00jsly010aqael18/preview.jpg?variante=485
AIM-P009-486,Designs Aimari,9,AIM-P009-486.jpg,Huracan Concept (Variante 486) (Variante 486),https://media.designsaimari.com/products/cms3t163w002lls01gmld4qjl/preview.jpg?variante=486
AIM-P009-487,Designs Aimari,9,AIM-P009-487.jpg,Sporting Azul (Variante 487) (Variante 487),https://media.designsaimari.com/products/cms3sbb77001zjn01fi5frbw5/preview.jpg?variante=487
AIM-P009-488,Designs Aimari,9,AIM-P009-488.jpg,RAYO CONCEPT (Variante 488) (Variante 488),https://media.designsaimari.com/products/cms3s2js4045po301bl8epxuk/preview.jpg?variante=488
AIM-P009-489,Designs Aimari,9,AIM-P009-489.jpg,BasketBall Fenix Pink Concept (Variante 489) (Variante 489),https://media.designsaimari.com/products/cms3riwsz0496ml014p83a3te/preview.jpg?variante=489
AIM-P009-490,Designs Aimari,9,AIM-P009-490.jpg,Night light (Variante 490) (Variante 490),https://media.designsaimari.com/products/cms3qq12z03noml01xouahq5b/preview.jpg?variante=490
AIM-P009-491,Designs Aimari,9,AIM-P009-491.jpg,Jersey Taller (Variante 491) (Variante 491),https://media.designsaimari.com/products/cms3nv3ua022mml01iegn90wf/preview.jpg?variante=491
AIM-P009-492,Designs Aimari,9,AIM-P009-492.jpg,Wayyu Design Abstract (Variante 492) (Variante 492),https://media.designsaimari.com/products/cms3mcnqr01e3o301omku0bn3/preview.jpg?variante=492
AIM-P009-493,Designs Aimari,9,AIM-P009-493.jpg,Hexagono Sports (Variante 493) (Variante 493),https://media.designsaimari.com/products/cms3lhw9l0129ml016pfgt7gt/preview.jpg?variante=493
AIM-P009-494,Designs Aimari,9,AIM-P009-494.png,Pointillizer concept blue (Variante 494) (Variante 494),https://media.designsaimari.com/products/cms3kn9sk00gqml013x97i7ex/preview.png?variante=494
AIM-P009-495,Designs Aimari,9,AIM-P009-495.jpg,Deportivo Neon Bicolor (Variante 495) (Variante 495),https://media.designsaimari.com/products/cms3jhlss01nhpb01k2gurgnb/preview.jpg?variante=495
AIM-P009-496,Designs Aimari,9,AIM-P009-496.jpg,Argentina Rosas Blue (Variante 496) (Variante 496),https://media.designsaimari.com/products/cms3ifr9m012apb011n0tvmx8/preview.jpg?variante=496
AIM-P009-497,Designs Aimari,9,AIM-P009-497.jpg,Federación Ovetense (Variante 497) (Variante 497),https://media.designsaimari.com/products/cms3hfr7i00kip601xzyqt1ov/preview.jpg?variante=497
AIM-P009-498,Designs Aimari,9,AIM-P009-498.jpg,Sport Verde (Variante 498) (Variante 498),https://media.designsaimari.com/products/cms3fdbul00cpmt01mc7axalm/preview.jpg?variante=498
AIM-P009-499,Designs Aimari,9,AIM-P009-499.jpg,Argelia Mundial 2026 (Variante 499) (Variante 499),https://media.designsaimari.com/products/cms3ec5rj0athjf01wfkvcjzq/previews/1785258627879-f95a5ee1-3310-4ec2-82e2-ff1c95e21b29.jpg?variante=499
AIM-P009-500,Designs Aimari,9,AIM-P009-500.png,Juniors Lion (Variante 500) (Variante 500),https://media.designsaimari.com/products/cms3cns4t09wcjf01uoqoory9/preview.png?variante=500
AIM-P009-501,Designs Aimari,9,AIM-P009-501.jpg,Guadalcacin Blue (Variante 501) (Variante 501),https://media.designsaimari.com/products/cmsak7fn30l21np01zwgewh86/previews/1785600117219-5d6524ef-6818-4bc4-adfc-e7b18cf1879c.jpg?variante=501
AIM-P009-502,Designs Aimari,9,AIM-P009-502.jpg,Argentina Drexx (Variante 502) (Variante 502),https://media.designsaimari.com/products/cmsaibco10koxnp01tazeaomx/previews/1785596944633-4145288c-feda-44b0-8a09-ec6e43657692.jpg?variante=502
AIM-P009-503,Designs Aimari,9,AIM-P009-503.jpg,Ballbreakers DUO Kit (Variante 503) (Variante 503),https://media.designsaimari.com/products/cms9vwm0p0ibxpc01anhrzy2i/previews/1785559301285-bc3edbc9-9a8b-4589-b622-2b336c039461.jpg?variante=503
AIM-P009-504,Designs Aimari,9,AIM-P009-504.jpg,CRISTO CONVITERO MIXQUEÑO (Variante 504) (Variante 504),https://media.designsaimari.com/products/cms9hnwec0f6fnp01ioeq0fqd/previews/1785535382850-695a7d83-e5a0-4c01-b81a-b2f027847228.jpg?variante=504
AIM-P009-505,Designs Aimari,9,AIM-P009-505.jpg,Africa del Sur (Variante 505) (Variante 505),https://media.designsaimari.com/products/cms9hehwz0fgopc01wnm830ux/previews/1785534942474-7e7be854-ce32-4c81-bd61-c1bd7ba9e26f.jpg?variante=505
AIM-P009-506,Designs Aimari,9,AIM-P009-506.jpg,Senegal AFCON 2025 (Variante 506) (Variante 506),https://media.designsaimari.com/products/cms9h7pnh0fdtpc0127zbcpca/previews/1785534627438-5984abaf-b0ee-4111-8393-01aa79d816a9.jpg?variante=506
AIM-P009-507,Designs Aimari,9,AIM-P009-507.jpg,Jersey Blue And Red Sport (Variante 507) (Variante 507),https://media.designsaimari.com/products/cms9gsy0k0ex4np01jwy2ukxq/previews/1785533935986-564c723a-0d55-4b30-8698-3867f7ae3305.jpg?variante=507
AIM-P009-508,Designs Aimari,9,AIM-P009-508.jpg,Sport Red Dark GB (Variante 508) (Variante 508),https://media.designsaimari.com/products/cms9g214x0ejnnp01z4zgpt6s/previews/1785532681139-4c0217c8-7240-40e4-b04e-04ac03224f07.jpg?variante=508
AIM-P009-509,Designs Aimari,9,AIM-P009-509.jpg,River Plate 26-27 (Variante 509) (Variante 509),https://media.designsaimari.com/products/cms9f3zaq0e41np017jhwtf3e/previews/1785531091798-b7019670-a9f6-43c4-a5f4-ee4a45132fe5.jpg?variante=509
AIM-P009-510,Designs Aimari,9,AIM-P009-510.jpg,Deportivo Escolar (Variante 510) (Variante 510),https://media.designsaimari.com/products/cms9edtb80drhnp0187n9gm2k/previews/1785529871436-771503ae-69b4-4037-92e9-b2a2ef61a9ab.jpg?variante=510
AIM-P009-511,Designs Aimari,9,AIM-P009-511.jpg,CAJN Concept Lobo (Variante 511) (Variante 511),https://media.designsaimari.com/products/cms9dbhff0dfgnp018dtsv5to/previews/1785528082763-20b50ad8-3e61-4556-b929-dabb8cc136b5.jpg?variante=511
AIM-P009-512,Designs Aimari,9,AIM-P009-512.jpg,MANTO rashguard (Variante 512) (Variante 512),https://media.designsaimari.com/products/cms9criyd0d4hnp01o0u9cbcn/previews/1785527151433-1febca0c-04e8-4039-b9be-79f487b5c67a.jpg?variante=512
AIM-P009-513,Designs Aimari,9,AIM-P009-513.jpg,Sport Grunge Amarillo (Variante 513) (Variante 513),https://media.designsaimari.com/products/cms9cjdq20d0nnp01i0tgatih/previews/1785526772019-9b5c91f8-ac1c-430d-92ed-ed9f7b4a1490.jpg?variante=513
AIM-P009-514,Designs Aimari,9,AIM-P009-514.jpg,Jersey Sport Coral (Variante 514) (Variante 514),https://media.designsaimari.com/products/cms9bz4fz0cq2np01f1uzqveh/previews/1785525826105-d454807c-ee57-4fe6-ac02-25e27bce8c33.jpg?variante=514
AIM-P009-515,Designs Aimari,9,AIM-P009-515.jpg,San Lorenzo Cuervo Rojo (Variante 515) (Variante 515),https://media.designsaimari.com/products/cms9azmwb0cy6pc01bfvgm460/previews/1785524170846-79dbdbbe-d3d4-4626-b193-f9f08603dd02.jpg?variante=515
AIM-P009-516,Designs Aimari,9,AIM-P009-516.jpg,Inter Milan 2026-2027 (Variante 516) (Variante 516),https://media.designsaimari.com/products/cms9a5uj50c7xpc01xf543rvt/previews/1785522780738-5e461cdc-8a43-45b8-a490-05cc8ec65832.jpg?variante=516
AIM-P009-517,Designs Aimari,9,AIM-P009-517.jpg,Sports Design Red (Variante 517) (Variante 517),https://media.designsaimari.com/products/cms99tfra0bxanp01y4ehyk9r/previews/1785522201735-2ad8d531-9e77-4c17-8c72-dd58ed291739.jpg?variante=517
AIM-P009-518,Designs Aimari,9,AIM-P009-518.jpg,Enmanuel F.C Herraientas (Variante 518) (Variante 518),https://media.designsaimari.com/products/cms99fxon0bubpc01zjuz274e/previews/1785521572161-e20c7037-a51d-40d7-93c2-88e9e1570605.jpg?variante=518
AIM-P009-519,Designs Aimari,9,AIM-P009-519.jpg,Guardian del Camino Design (Variante 519) (Variante 519),https://media.designsaimari.com/products/cms97b8tm0b3ipc01vwko8rej/previews/1785517995841-ce572dd6-7dae-4cfc-9f95-8148e49de387.jpg?variante=519
AIM-P009-520,Designs Aimari,9,AIM-P009-520.jpg,Deportivo Red (Variante 520) (Variante 520),https://media.designsaimari.com/products/cms96t50e0aownp01ad8227x3/previews/1785517154513-e1c027d5-6771-444f-9687-9e777224b7c3.jpg?variante=520
AIM-P009-521,Designs Aimari,9,AIM-P009-521.jpg,Bélgica Concept (Variante 521) (Variante 521),https://media.designsaimari.com/products/cms94pmfs09s0pc01ugxxpvd5/previews/1785513633055-ab4438ce-f216-48b2-9d36-22b7f66eaf89.jpg?variante=521
AIM-P009-522,Designs Aimari,9,AIM-P009-522.jpg,Manchester City Home (Variante 522) (Variante 522),https://media.designsaimari.com/products/cms940eao0982np01i29okyem/previews/1785512825647-cafc3e51-e705-4c8c-8223-dd920fff368b.jpg?variante=522
AIM-P009-523,Designs Aimari,9,AIM-P009-523.png,Trazo Abstracto (Variante 523) (Variante 523),https://media.designsaimari.com/products/cms93qs6o08yynp01mgwvxk4n/previews/1785512000536-20c08dd1-6411-41f9-8dc3-b623e7c5234d.png?variante=523
AIM-P009-524,Designs Aimari,9,AIM-P009-524.jpg,Jersey Grunge Concept (Variante 524) (Variante 524),https://media.designsaimari.com/products/cms92qc5t08fqnp018mt35idk/previews/1785510301382-af6ba113-74c3-440b-92e8-27fe3814aa49.jpg?variante=524
AIM-P009-525,Designs Aimari,9,AIM-P009-525.jpg,Manchas Sports azul (Variante 525) (Variante 525),https://media.designsaimari.com/products/cms90fq2v0786np013u2bukxl/previews/1785506445256-faa084d5-e84a-4930-9072-0bb4552c20e8.jpg?variante=525
AIM-P009-526,Designs Aimari,9,AIM-P009-526.jpg,Maradona Futbol (Variante 526) (Variante 526),https://media.designsaimari.com/products/cms8zq95a06vnnp01gu2yydf4/previews/1785505267008-e18e441e-47e8-4139-bcd4-da99f00f06b2.jpg?variante=526
AIM-P009-527,Designs Aimari,9,AIM-P009-527.jpg,Bélgica Flamas Concept 2026 (Variante 527) (Variante 527),https://media.designsaimari.com/products/cms8z3hnk06oynp01d5j2rpdx/previews/1785504195975-61c6bad8-5412-433e-820e-0ce5deaaf95b.jpg?variante=527
AIM-P009-528,Designs Aimari,9,AIM-P009-528.jpg,Geometrico Blue Calabera (Variante 528) (Variante 528),https://media.designsaimari.com/products/cms8y1zo606q4pc01xhxpx1yi/previews/1785502445330-f5011dc5-7fb6-44e7-9c7b-3da2b7f15292.jpg?variante=528
AIM-P009-529,Designs Aimari,9,AIM-P009-529.jpg,LUFFY SPORT AURA (Variante 529) (Variante 529),https://media.designsaimari.com/products/cms824ksb021kpc01n31o8tqw/previews/1785448819218-4444f8d9-6efd-45cb-9247-61fd9e492f00.jpg?variante=529
AIM-P009-530,Designs Aimari,9,AIM-P009-530.jpg,Sports Relámpago (Variante 530) (Variante 530),https://media.designsaimari.com/products/cms81fwyn01aanp019kltkiy5/previews/1785447668262-f074b00c-e3af-4048-b275-71155e26ebf2.jpg?variante=530
AIM-P009-531,Designs Aimari,9,AIM-P009-531.jpg,Garra de Tigre (Variante 531) (Variante 531),https://media.designsaimari.com/products/cms81ada501okpc014xkplzwm/previews/1785447408985-7731acc6-72ad-4a04-80a8-a959a136b2da.jpg?variante=531
AIM-P009-532,Designs Aimari,9,AIM-P009-532.jpg,Jambados FC (Variante 532) (Variante 532),https://media.designsaimari.com/products/cms7zc0aa00kipc01yn4a6n8h/previews/1785444127140-10ca6913-c2ea-4bd6-81d4-94de37564154.jpg?variante=532
AIM-P009-533,Designs Aimari,9,AIM-P009-533.jpg,Barcelona Fc (Variante 533) (Variante 533),https://media.designsaimari.com/products/cms7xzpey005fr10191ykk3ay/previews/1785441872637-18bece46-60d8-4d36-8aa6-ded9ecf84956.jpg?variante=533
AIM-P009-534,Designs Aimari,9,AIM-P009-534.png,Argentina Gold (Variante 534) (Variante 534),https://media.designsaimari.com/products/cms7xuk8v009fpi016bqcryil/previews/1785441650004-141a35ba-d7b8-4ee1-ba3c-4d9e8239c6fb.png?variante=534
AIM-P009-535,Designs Aimari,9,AIM-P009-535.jpg,Lines Sport (Variante 535) (Variante 535),https://media.designsaimari.com/products/cms7xfina000gpi01n34d4ktc/previews/1785440930726-e0ff23ec-73f9-4f8f-a006-99f2270935b3.jpg?variante=535
AIM-P009-536,Designs Aimari,9,AIM-P009-536.jpg,Pointillizer Blue (Variante 536) (Variante 536),https://media.designsaimari.com/products/cms7x2mjr0039p8010dovi18a/previews/1785440331953-d0afacb8-7f53-4463-9658-38caf1c6446d.jpg?variante=536
AIM-P009-537,Designs Aimari,9,AIM-P009-537.jpg,ATLÉTICO GRAU 2026 (Variante 537) (Variante 537),https://media.designsaimari.com/products/cms7vfx8e02tfns01uy0vjfdd/previews/1785437590480-8a7c91b9-aad3-4c66-b9d2-a97ece5f786a.jpg?variante=537
AIM-P009-538,Designs Aimari,9,AIM-P009-538.jpg,Forta Run Fest (Variante 538) (Variante 538),https://media.designsaimari.com/products/cms7sagtq01iwp3015sz16e4u/previews/1785432297120-34035a0c-63ac-4478-9953-e93d1559c9c8.jpg?variante=538
AIM-P009-539,Designs Aimari,9,AIM-P009-539.jpg,Capitana Carter (Variante 539) (Variante 539),https://media.designsaimari.com/products/cms7rl7uj00ylp301dvop4ezf/previews/1785431118982-3003fbc1-ec56-4c42-b835-660ef8f95f88.jpg?variante=539
AIM-P009-540,Designs Aimari,9,AIM-P009-540.jpg,CS Cartaginés 2026-2027 Away (Variante 540) (Variante 540),https://media.designsaimari.com/products/cms7re95c00vbp30128mdjkf8/previews/1785430794965-c8f52fca-1d04-4374-bfb1-cb2d65c7ccd2.jpg?variante=540
AIM-P010-541,Designs Aimari,10,AIM-P010-541.jpg,Jersey Escolar (Variante 541) (Variante 541),https://media.designsaimari.com/products/cms7rbfdx00tmp30168dnxqg4/previews/1785430663647-55a84c1b-31c7-44b8-a5a6-272d868da4f1.jpg?variante=541
AIM-P010-542,Designs Aimari,10,AIM-P010-542.jpg,Monte de Sion Gris (Variante 542) (Variante 542),https://media.designsaimari.com/products/cms7pttah01n0ny0174qyikss/previews/1785428161331-191ca451-7401-4da2-b8b9-77906be801ff.jpg?variante=542
AIM-P010-543,Designs Aimari,10,AIM-P010-543.jpg,Juventus Concepto Versace (Variante 543) (Variante 543),https://media.designsaimari.com/products/cms7pi3vh0186ny018fb7t1iz/previews/1785427614642-39318fe2-e1f2-441d-9f1f-daae1d86d223.jpg?variante=543
AIM-P010-544,Designs Aimari,10,AIM-P010-544.jpg,Warrior Sports (Variante 544) (Variante 544),https://media.designsaimari.com/products/cms7p7dma01lkpg01i8o5fvg5/previews/1785427134175-43a67230-1875-4b21-be34-ffe6b3f2c5c7.jpg?variante=544
AIM-P010-545,Designs Aimari,10,AIM-P010-545.jpg,Jersey Samurai (Variante 545) (Variante 545),https://media.designsaimari.com/products/cms7kx3n600iypi01c8t7yea0/previews/1785419918609-00322c72-bbf3-48a1-9623-ca01ab4d77e9.jpg?variante=545
AIM-P010-546,Designs Aimari,10,AIM-P010-546.jpg,Cañeras Sports Degrade (Variante 546) (Variante 546),https://media.designsaimari.com/products/cms7kfsz30avbpb01qpta3sfz/previews/1785419114787-6d256c10-fc70-4a1d-8643-f9f8e10fb7f5.jpg?variante=546
AIM-P010-547,Designs Aimari,10,AIM-P010-547.png,Deportivo Antigua GFC (Variante 547) (Variante 547),https://media.designsaimari.com/products/cms7k4tj90aptpb010rtwilij/previews/1785418626267-0c7dfd90-cbd4-4d79-9e67-79645d732235.png?variante=547
AIM-P010-548,Designs Aimari,10,AIM-P010-548.jpg,Atlante  FC 26-27 (Variante 548) (Variante 548),https://media.designsaimari.com/products/cms6mm9ea0545tg01p616n1c4/previews/1785362303699-d874076e-e00b-4cc4-8cc6-c90e7ca16494.jpg?variante=548
AIM-P010-549,Designs Aimari,10,AIM-P010-549.jpg,Sports Grunge Purple (Variante 549) (Variante 549),https://media.designsaimari.com/products/cms6lu54a04p9tg01zmrciwp9/previews/1785360993178-474bd586-7796-453c-98da-87cbc9ab6f01.jpg?variante=549
AIM-P010-550,Designs Aimari,10,AIM-P010-550.jpg,Jersey España Neón (Variante 550) (Variante 550),https://media.designsaimari.com/products/cms6ldepr04lipb01d4152pfh/previews/1785360212645-9f86be59-cbd6-44f4-b2f0-113f81ccdebe.jpg?variante=550
AIM-P010-551,Designs Aimari,10,AIM-P010-551.jpg,Manchester United Dark Red Diamond (Variante 551) (Variante 551),https://media.designsaimari.com/products/cms6kq4rj044apb014gmzlh0g/previews/1785359124711-f9971bd6-94a3-438a-b443-ba09259c368a.jpg?variante=551
AIM-P010-552,Designs Aimari,10,AIM-P010-552.jpg,PSG Jordan Billion Blue (Variante 552) (Variante 552),https://media.designsaimari.com/products/cms6k4o8s03xptg016lv4arxs/previews/1785358123669-286bd7b0-361c-49dd-8e53-2fac012e322d.jpg?variante=552
AIM-P010-553,Designs Aimari,10,AIM-P010-553.jpg,Club Sport Cartaginés (Variante 553) (Variante 553),https://media.designsaimari.com/products/cms6k1dlz03uvpb01zrl5sw9r/previews/1785357972965-018081e4-490e-4a38-9077-3300825bc467.jpg?variante=553
AIM-P010-554,Designs Aimari,10,AIM-P010-554.jpg,Paris Saint Germain (Variante 554) (Variante 554),https://media.designsaimari.com/products/cms6gq7wl0291pb01dsokkrnn/previews/1785352411290-5c1c6983-b3f4-4c1d-b44c-360412ba3b02.jpg?variante=554
AIM-P010-555,Designs Aimari,10,AIM-P010-555.jpg,GEOMETRICA SPORT (Variante 555) (Variante 555),https://media.designsaimari.com/products/cms6ghnrd0256pb01o3x7xzkt/previews/1785352010971-f788de30-c596-400a-99a3-af0748cd8094.jpg?variante=555
AIM-P010-556,Designs Aimari,10,AIM-P010-556.jpg,Guatemala 2026 (Variante 556) (Variante 556),https://media.designsaimari.com/products/cms6eb7cn00vmpb01ntvqtwhs/previews/1785348350978-0dfb00e0-22a2-4720-a8d7-81f51cbd427f.jpg?variante=556
AIM-P010-557,Designs Aimari,10,AIM-P010-557.jpg,Guatemala 2026-2027 Home (Variante 557) (Variante 557),https://media.designsaimari.com/products/cms6cghhf009lo901ltt2ti5j/previews/1785345238271-a08c7dc9-7c65-4f40-89cd-7550aad2e50d.jpg?variante=557
AIM-P010-558,Designs Aimari,10,AIM-P010-558.jpg,Independiente Medellín (Variante 558) (Variante 558),https://media.designsaimari.com/products/cms6c239y002so90140t3hsbv/previews/1785344567018-468c45fa-8239-4ca7-8315-1769e57b2c7b.jpg?variante=558
AIM-P010-559,Designs Aimari,10,AIM-P010-559.jpg,Wonder Woman (Variante 559) (Variante 559),https://media.designsaimari.com/products/cms6b94uc000cqs01w0ted3ar/previews/1785343215271-b32e6b63-b6b0-4902-94c6-49b22af434a1.jpg?variante=559
AIM-P010-560,Designs Aimari,10,AIM-P010-560.jpg,C. Deportivo Ferrocarril Fans 2026 (Variante 560) (Variante 560),https://media.designsaimari.com/products/cms6a4guc00bxs801axq5q8f2/previews/1785341319944-12145ecd-7777-40c6-b0d1-a8fce25f5169.jpg?variante=560
AIM-P010-561,Designs Aimari,10,AIM-P010-561.jpg,Gladeador Black Sports (Variante 561) (Variante 561),https://media.designsaimari.com/products/cms69jrtx003ms801dwqyjcdn/previews/1785402791807-bf0c4cd6-2e49-41e7-8f77-7345606ec4ff.jpg?variante=561
AIM-P010-562,Designs Aimari,10,AIM-P010-562.jpg,Águila Concept (Variante 562) (Variante 562),https://media.designsaimari.com/products/cms68vqq10009l2019rpohle2/previews/1785339231947-dd8b2a70-2a71-4f4d-aec3-db42063fcc54.jpg?variante=562
AIM-P010-563,Designs Aimari,10,AIM-P010-563.jpg,Zabdi FC (Variante 563) (Variante 563),https://media.designsaimari.com/products/cms68l6dx080xqp01yl60g4u7/previews/1785338738658-055407a9-33ea-431b-be41-caba7b5a44bf.jpg?variante=563
AIM-P010-564,Designs Aimari,10,AIM-P010-564.jpg,SAN MARTÍN DE TUCUMÁN (Variante 564) (Variante 564),https://media.designsaimari.com/products/cms68glhk08jsn101jtgdulci/previews/1785338524392-c806424c-7a0e-4cb5-b042-a903c5cd9de4.jpg?variante=564
AIM-P010-565,Designs Aimari,10,AIM-P010-565.jpg,Sporting Royal Green GEO (Variante 565) (Variante 565),https://media.designsaimari.com/products/cms67xs3y08e7n101c0r9yupy/previews/1785337646562-f191df0a-f656-4e33-87aa-72458475e8f0.jpg?variante=565
AIM-P010-566,Designs Aimari,10,AIM-P010-566.jpg,Pattern Geometrico Morado (Variante 566) (Variante 566),https://media.designsaimari.com/products/cms673zfs076rqp01j3r73icj/previews/1785336256564-602c9738-89fb-4f42-aa91-52d0da44ccdc.jpg?variante=566
AIM-P010-567,Designs Aimari,10,AIM-P010-567.jpg,Atlético de San Luis Local 202627 (Variante 567) (Variante 567),https://media.designsaimari.com/products/cms670af80732qp01rpfkqmnk/previews/1785336084213-b6a17519-169f-4b0f-b66e-ed32b2f78577.jpg?variante=567
AIM-P010-568,Designs Aimari,10,AIM-P010-568.jpg,Jersey Tiger Patron (Variante 568) (Variante 568),https://media.designsaimari.com/products/cms66yvem07o5n101p1tov980/previews/1785336018069-59f62ce3-8640-4ee6-91e4-6074ee8d43d4.gif?variante=568
AIM-P010-569,Designs Aimari,10,AIM-P010-569.jpg,Sports Colors (Variante 569) (Variante 569),https://media.designsaimari.com/products/cms65ipoy070sn101hirr3h5t/previews/1785333584371-c6156381-f930-4eb0-ae2e-adcbf8312b33.jpg?variante=569
AIM-P010-570,Designs Aimari,10,AIM-P010-570.jpg,Pointillizer Celeste (Variante 570) (Variante 570),https://media.designsaimari.com/products/cms64lf8u06mmn101x3ek9omp/previews/1785332031129-e11ed45c-9c6b-4ac6-a6a5-9b7cfdbae487.jpg?variante=570
AIM-P010-571,Designs Aimari,10,AIM-P010-571.jpg,Barca Spider Man 2026 (Variante 571) (Variante 571),https://media.designsaimari.com/products/cms5zyjfd04xgqp01vsyfxgea/previews/1785324244971-2156220d-52b6-45c4-9a13-b6b73ce558ac.jpg?variante=571
AIM-P010-572,Designs Aimari,10,AIM-P010-572.jpg,Watford Goalkeeper Home Kit 26-27 (Variante 572) (Variante 572),https://media.designsaimari.com/products/cms5auiip01huqp01gr1i6ine/previews/1785282067322-c5919906-c4ce-4044-a0c2-4cb851cf66bc.jpg?variante=572
AIM-P010-573,Designs Aimari,10,AIM-P010-573.jpg,Comunicaciones FC Local 2026-27 (Variante 573) (Variante 573),https://media.designsaimari.com/products/cms57287200lzn1011v7cyzpx/previews/1785430564281-d87994b2-e034-4e27-b14b-1cbffffd0ee2.jpg?variante=573
AIM-P010-574,Designs Aimari,10,AIM-P010-574.jpg,Comunicaciones FC Thirt 26-27 (Variante 574) (Variante 574),https://media.designsaimari.com/products/cms56v6bf00amqp01mb3dwhcj/previews/1785275379156-29934ad5-641d-4c0d-b346-f45d4c2fa2a8.jpg?variante=574
AIM-P010-575,Designs Aimari,10,AIM-P010-575.jpg,Real Juventud (Variante 575) (Variante 575),https://media.designsaimari.com/products/cms56gwgb00cxn101bw0xe2hp/previews/1785274713179-ab1ade0d-829f-46b1-af42-d7640c575690.jpg?variante=575
AIM-P010-576,Designs Aimari,10,AIM-P010-576.jpg,Voley Gradient (Variante 576) (Variante 576),https://media.designsaimari.com/products/cms5489ze03y7qm01wgbxszwc/previews/1785270951912-7a8b5ae9-45fc-46ef-87a9-34b539720d4a.jpg?variante=576
AIM-P010-577,Designs Aimari,10,AIM-P010-577.jpg,PAISES BAJOS 1988 (Variante 577) (Variante 577),https://media.designsaimari.com/products/cms53f9zr03igmw01b0u5mxid/previews/1785269599432-3d710c81-20a4-43fc-a717-ccb9134ee0d7.jpg?variante=577
AIM-P010-578,Designs Aimari,10,AIM-P010-578.jpg,Geometric Concept Celeste (Variante 578) (Variante 578),https://media.designsaimari.com/products/cms52sxqd035nmw01eclwc10l/previews/1785268556247-8b159daa-a9ea-4f8a-ac3b-89f9899835ca.jpg?variante=578
AIM-P010-579,Designs Aimari,10,AIM-P010-579.png,Electric Design (Variante 579) (Variante 579),https://media.designsaimari.com/products/cms4vt1i100kcp701r85lz727/preview.png?variante=579
AIM-P010-580,Designs Aimari,10,AIM-P010-580.jpg,Interclasse Leon Fuego (Variante 580) (Variante 580),https://media.designsaimari.com/products/cms4vf0q6006ppe01x7dzvq2n/preview.jpg?variante=580
AIM-P010-581,Designs Aimari,10,AIM-P010-581.jpg,Señora del Rosario (Variante 581) (Variante 581),https://media.designsaimari.com/products/cms4ux0f203ijrz01635guqjy/preview.jpg?variante=581
AIM-P010-582,Designs Aimari,10,AIM-P010-582.jpg,ISLANDIA 2026 (Variante 582) (Variante 582),https://media.designsaimari.com/products/cms4skl8e00ndlj01axe461k3/preview.jpg?variante=582
AIM-P010-583,Designs Aimari,10,AIM-P010-583.jpg,Night Light Runners (Variante 583) (Variante 583),https://media.designsaimari.com/products/cms4s5gae00gll201sqn4q2xo/preview.jpg?variante=583
AIM-P010-584,Designs Aimari,10,AIM-P010-584.jpg,Juego de Tronos (Variante 584) (Variante 584),https://media.designsaimari.com/products/cms4qksi007qnly01ileq6vb5/preview.jpg?variante=584
AIM-P010-585,Designs Aimari,10,AIM-P010-585.jpg,Barcelona SC 101 Años (Variante 585) (Variante 585),https://media.designsaimari.com/products/cms3u309l00jsly010aqael18/preview.jpg?variante=585
AIM-P010-586,Designs Aimari,10,AIM-P010-586.jpg,Huracan Concept (Variante 586) (Variante 586),https://media.designsaimari.com/products/cms3t163w002lls01gmld4qjl/preview.jpg?variante=586
AIM-P010-587,Designs Aimari,10,AIM-P010-587.jpg,Sporting Azul (Variante 587) (Variante 587),https://media.designsaimari.com/products/cms3sbb77001zjn01fi5frbw5/preview.jpg?variante=587
AIM-P010-588,Designs Aimari,10,AIM-P010-588.jpg,RAYO CONCEPT (Variante 588) (Variante 588),https://media.designsaimari.com/products/cms3s2js4045po301bl8epxuk/preview.jpg?variante=588
AIM-P010-589,Designs Aimari,10,AIM-P010-589.jpg,BasketBall Fenix Pink Concept (Variante 589) (Variante 589),https://media.designsaimari.com/products/cms3riwsz0496ml014p83a3te/preview.jpg?variante=589
AIM-P010-590,Designs Aimari,10,AIM-P010-590.jpg,Night light (Variante 590) (Variante 590),https://media.designsaimari.com/products/cms3qq12z03noml01xouahq5b/preview.jpg?variante=590
AIM-P010-591,Designs Aimari,10,AIM-P010-591.jpg,Jersey Taller (Variante 591) (Variante 591),https://media.designsaimari.com/products/cms3nv3ua022mml01iegn90wf/preview.jpg?variante=591
AIM-P010-592,Designs Aimari,10,AIM-P010-592.jpg,Wayyu Design Abstract (Variante 592) (Variante 592),https://media.designsaimari.com/products/cms3mcnqr01e3o301omku0bn3/preview.jpg?variante=592
AIM-P010-593,Designs Aimari,10,AIM-P010-593.jpg,Hexagono Sports (Variante 593) (Variante 593),https://media.designsaimari.com/products/cms3lhw9l0129ml016pfgt7gt/preview.jpg?variante=593
AIM-P010-594,Designs Aimari,10,AIM-P010-594.png,Pointillizer concept blue (Variante 594) (Variante 594),https://media.designsaimari.com/products/cms3kn9sk00gqml013x97i7ex/preview.png?variante=594
AIM-P010-595,Designs Aimari,10,AIM-P010-595.jpg,Deportivo Neon Bicolor (Variante 595) (Variante 595),https://media.designsaimari.com/products/cms3jhlss01nhpb01k2gurgnb/preview.jpg?variante=595
AIM-P010-596,Designs Aimari,10,AIM-P010-596.jpg,Argentina Rosas Blue (Variante 596) (Variante 596),https://media.designsaimari.com/products/cms3ifr9m012apb011n0tvmx8/preview.jpg?variante=596
AIM-P010-597,Designs Aimari,10,AIM-P010-597.jpg,Federación Ovetense (Variante 597) (Variante 597),https://media.designsaimari.com/products/cms3hfr7i00kip601xzyqt1ov/preview.jpg?variante=597
AIM-P010-598,Designs Aimari,10,AIM-P010-598.jpg,Sport Verde (Variante 598) (Variante 598),https://media.designsaimari.com/products/cms3fdbul00cpmt01mc7axalm/preview.jpg?variante=598
AIM-P010-599,Designs Aimari,10,AIM-P010-599.jpg,Argelia Mundial 2026 (Variante 599) (Variante 599),https://media.designsaimari.com/products/cms3ec5rj0athjf01wfkvcjzq/previews/1785258627879-f95a5ee1-3310-4ec2-82e2-ff1c95e21b29.jpg?variante=599
AIM-P010-600,Designs Aimari,10,AIM-P010-600.png,Juniors Lion (Variante 600) (Variante 600),https://media.designsaimari.com/products/cms3cns4t09wcjf01uoqoory9/preview.png?variante=600
AIM-P011-601,Designs Aimari,11,AIM-P011-601.jpg,Guadalcacin Blue (Variante 601) (Variante 601),https://media.designsaimari.com/products/cmsak7fn30l21np01zwgewh86/previews/1785600117219-5d6524ef-6818-4bc4-adfc-e7b18cf1879c.jpg?variante=601
AIM-P011-602,Designs Aimari,11,AIM-P011-602.jpg,Argentina Drexx (Variante 602) (Variante 602),https://media.designsaimari.com/products/cmsaibco10koxnp01tazeaomx/previews/1785596944633-4145288c-feda-44b0-8a09-ec6e43657692.jpg?variante=602
AIM-P011-603,Designs Aimari,11,AIM-P011-603.jpg,Ballbreakers DUO Kit (Variante 603) (Variante 603),https://media.designsaimari.com/products/cms9vwm0p0ibxpc01anhrzy2i/previews/1785559301285-bc3edbc9-9a8b-4589-b622-2b336c039461.jpg?variante=603
AIM-P011-604,Designs Aimari,11,AIM-P011-604.jpg,CRISTO CONVITERO MIXQUEÑO (Variante 604) (Variante 604),https://media.designsaimari.com/products/cms9hnwec0f6fnp01ioeq0fqd/previews/1785535382850-695a7d83-e5a0-4c01-b81a-b2f027847228.jpg?variante=604
AIM-P011-605,Designs Aimari,11,AIM-P011-605.jpg,Africa del Sur (Variante 605) (Variante 605),https://media.designsaimari.com/products/cms9hehwz0fgopc01wnm830ux/previews/1785534942474-7e7be854-ce32-4c81-bd61-c1bd7ba9e26f.jpg?variante=605
AIM-P011-606,Designs Aimari,11,AIM-P011-606.jpg,Senegal AFCON 2025 (Variante 606) (Variante 606),https://media.designsaimari.com/products/cms9h7pnh0fdtpc0127zbcpca/previews/1785534627438-5984abaf-b0ee-4111-8393-01aa79d816a9.jpg?variante=606
AIM-P011-607,Designs Aimari,11,AIM-P011-607.jpg,Jersey Blue And Red Sport (Variante 607) (Variante 607),https://media.designsaimari.com/products/cms9gsy0k0ex4np01jwy2ukxq/previews/1785533935986-564c723a-0d55-4b30-8698-3867f7ae3305.jpg?variante=607
AIM-P011-608,Designs Aimari,11,AIM-P011-608.jpg,Sport Red Dark GB (Variante 608) (Variante 608),https://media.designsaimari.com/products/cms9g214x0ejnnp01z4zgpt6s/previews/1785532681139-4c0217c8-7240-40e4-b04e-04ac03224f07.jpg?variante=608
AIM-P011-609,Designs Aimari,11,AIM-P011-609.jpg,River Plate 26-27 (Variante 609) (Variante 609),https://media.designsaimari.com/products/cms9f3zaq0e41np017jhwtf3e/previews/1785531091798-b7019670-a9f6-43c4-a5f4-ee4a45132fe5.jpg?variante=609
AIM-P011-610,Designs Aimari,11,AIM-P011-610.jpg,Deportivo Escolar (Variante 610) (Variante 610),https://media.designsaimari.com/products/cms9edtb80drhnp0187n9gm2k/previews/1785529871436-771503ae-69b4-4037-92e9-b2a2ef61a9ab.jpg?variante=610
AIM-P011-611,Designs Aimari,11,AIM-P011-611.jpg,CAJN Concept Lobo (Variante 611) (Variante 611),https://media.designsaimari.com/products/cms9dbhff0dfgnp018dtsv5to/previews/1785528082763-20b50ad8-3e61-4556-b929-dabb8cc136b5.jpg?variante=611
AIM-P011-612,Designs Aimari,11,AIM-P011-612.jpg,MANTO rashguard (Variante 612) (Variante 612),https://media.designsaimari.com/products/cms9criyd0d4hnp01o0u9cbcn/previews/1785527151433-1febca0c-04e8-4039-b9be-79f487b5c67a.jpg?variante=612
AIM-P011-613,Designs Aimari,11,AIM-P011-613.jpg,Sport Grunge Amarillo (Variante 613) (Variante 613),https://media.designsaimari.com/products/cms9cjdq20d0nnp01i0tgatih/previews/1785526772019-9b5c91f8-ac1c-430d-92ed-ed9f7b4a1490.jpg?variante=613
AIM-P011-614,Designs Aimari,11,AIM-P011-614.jpg,Jersey Sport Coral (Variante 614) (Variante 614),https://media.designsaimari.com/products/cms9bz4fz0cq2np01f1uzqveh/previews/1785525826105-d454807c-ee57-4fe6-ac02-25e27bce8c33.jpg?variante=614
AIM-P011-615,Designs Aimari,11,AIM-P011-615.jpg,San Lorenzo Cuervo Rojo (Variante 615) (Variante 615),https://media.designsaimari.com/products/cms9azmwb0cy6pc01bfvgm460/previews/1785524170846-79dbdbbe-d3d4-4626-b193-f9f08603dd02.jpg?variante=615
AIM-P011-616,Designs Aimari,11,AIM-P011-616.jpg,Inter Milan 2026-2027 (Variante 616) (Variante 616),https://media.designsaimari.com/products/cms9a5uj50c7xpc01xf543rvt/previews/1785522780738-5e461cdc-8a43-45b8-a490-05cc8ec65832.jpg?variante=616
AIM-P011-617,Designs Aimari,11,AIM-P011-617.jpg,Sports Design Red (Variante 617) (Variante 617),https://media.designsaimari.com/products/cms99tfra0bxanp01y4ehyk9r/previews/1785522201735-2ad8d531-9e77-4c17-8c72-dd58ed291739.jpg?variante=617
AIM-P011-618,Designs Aimari,11,AIM-P011-618.jpg,Enmanuel F.C Herraientas (Variante 618) (Variante 618),https://media.designsaimari.com/products/cms99fxon0bubpc01zjuz274e/previews/1785521572161-e20c7037-a51d-40d7-93c2-88e9e1570605.jpg?variante=618
AIM-P011-619,Designs Aimari,11,AIM-P011-619.jpg,Guardian del Camino Design (Variante 619) (Variante 619),https://media.designsaimari.com/products/cms97b8tm0b3ipc01vwko8rej/previews/1785517995841-ce572dd6-7dae-4cfc-9f95-8148e49de387.jpg?variante=619
AIM-P011-620,Designs Aimari,11,AIM-P011-620.jpg,Deportivo Red (Variante 620) (Variante 620),https://media.designsaimari.com/products/cms96t50e0aownp01ad8227x3/previews/1785517154513-e1c027d5-6771-444f-9687-9e777224b7c3.jpg?variante=620
AIM-P011-621,Designs Aimari,11,AIM-P011-621.jpg,Bélgica Concept (Variante 621) (Variante 621),https://media.designsaimari.com/products/cms94pmfs09s0pc01ugxxpvd5/previews/1785513633055-ab4438ce-f216-48b2-9d36-22b7f66eaf89.jpg?variante=621
AIM-P011-622,Designs Aimari,11,AIM-P011-622.jpg,Manchester City Home (Variante 622) (Variante 622),https://media.designsaimari.com/products/cms940eao0982np01i29okyem/previews/1785512825647-cafc3e51-e705-4c8c-8223-dd920fff368b.jpg?variante=622
AIM-P011-623,Designs Aimari,11,AIM-P011-623.png,Trazo Abstracto (Variante 623) (Variante 623),https://media.designsaimari.com/products/cms93qs6o08yynp01mgwvxk4n/previews/1785512000536-20c08dd1-6411-41f9-8dc3-b623e7c5234d.png?variante=623
AIM-P011-624,Designs Aimari,11,AIM-P011-624.jpg,Jersey Grunge Concept (Variante 624) (Variante 624),https://media.designsaimari.com/products/cms92qc5t08fqnp018mt35idk/previews/1785510301382-af6ba113-74c3-440b-92e8-27fe3814aa49.jpg?variante=624
AIM-P011-625,Designs Aimari,11,AIM-P011-625.jpg,Manchas Sports azul (Variante 625) (Variante 625),https://media.designsaimari.com/products/cms90fq2v0786np013u2bukxl/previews/1785506445256-faa084d5-e84a-4930-9072-0bb4552c20e8.jpg?variante=625
AIM-P011-626,Designs Aimari,11,AIM-P011-626.jpg,Maradona Futbol (Variante 626) (Variante 626),https://media.designsaimari.com/products/cms8zq95a06vnnp01gu2yydf4/previews/1785505267008-e18e441e-47e8-4139-bcd4-da99f00f06b2.jpg?variante=626
AIM-P011-627,Designs Aimari,11,AIM-P011-627.jpg,Bélgica Flamas Concept 2026 (Variante 627) (Variante 627),https://media.designsaimari.com/products/cms8z3hnk06oynp01d5j2rpdx/previews/1785504195975-61c6bad8-5412-433e-820e-0ce5deaaf95b.jpg?variante=627
AIM-P011-628,Designs Aimari,11,AIM-P011-628.jpg,Geometrico Blue Calabera (Variante 628) (Variante 628),https://media.designsaimari.com/products/cms8y1zo606q4pc01xhxpx1yi/previews/1785502445330-f5011dc5-7fb6-44e7-9c7b-3da2b7f15292.jpg?variante=628
AIM-P011-629,Designs Aimari,11,AIM-P011-629.jpg,LUFFY SPORT AURA (Variante 629) (Variante 629),https://media.designsaimari.com/products/cms824ksb021kpc01n31o8tqw/previews/1785448819218-4444f8d9-6efd-45cb-9247-61fd9e492f00.jpg?variante=629
AIM-P011-630,Designs Aimari,11,AIM-P011-630.jpg,Sports Relámpago (Variante 630) (Variante 630),https://media.designsaimari.com/products/cms81fwyn01aanp019kltkiy5/previews/1785447668262-f074b00c-e3af-4048-b275-71155e26ebf2.jpg?variante=630
AIM-P011-631,Designs Aimari,11,AIM-P011-631.jpg,Garra de Tigre (Variante 631) (Variante 631),https://media.designsaimari.com/products/cms81ada501okpc014xkplzwm/previews/1785447408985-7731acc6-72ad-4a04-80a8-a959a136b2da.jpg?variante=631
AIM-P011-632,Designs Aimari,11,AIM-P011-632.jpg,Jambados FC (Variante 632) (Variante 632),https://media.designsaimari.com/products/cms7zc0aa00kipc01yn4a6n8h/previews/1785444127140-10ca6913-c2ea-4bd6-81d4-94de37564154.jpg?variante=632
AIM-P011-633,Designs Aimari,11,AIM-P011-633.jpg,Barcelona Fc (Variante 633) (Variante 633),https://media.designsaimari.com/products/cms7xzpey005fr10191ykk3ay/previews/1785441872637-18bece46-60d8-4d36-8aa6-ded9ecf84956.jpg?variante=633
AIM-P011-634,Designs Aimari,11,AIM-P011-634.png,Argentina Gold (Variante 634) (Variante 634),https://media.designsaimari.com/products/cms7xuk8v009fpi016bqcryil/previews/1785441650004-141a35ba-d7b8-4ee1-ba3c-4d9e8239c6fb.png?variante=634
AIM-P011-635,Designs Aimari,11,AIM-P011-635.jpg,Lines Sport (Variante 635) (Variante 635),https://media.designsaimari.com/products/cms7xfina000gpi01n34d4ktc/previews/1785440930726-e0ff23ec-73f9-4f8f-a006-99f2270935b3.jpg?variante=635
AIM-P011-636,Designs Aimari,11,AIM-P011-636.jpg,Pointillizer Blue (Variante 636) (Variante 636),https://media.designsaimari.com/products/cms7x2mjr0039p8010dovi18a/previews/1785440331953-d0afacb8-7f53-4463-9658-38caf1c6446d.jpg?variante=636
AIM-P011-637,Designs Aimari,11,AIM-P011-637.jpg,ATLÉTICO GRAU 2026 (Variante 637) (Variante 637),https://media.designsaimari.com/products/cms7vfx8e02tfns01uy0vjfdd/previews/1785437590480-8a7c91b9-aad3-4c66-b9d2-a97ece5f786a.jpg?variante=637
AIM-P011-638,Designs Aimari,11,AIM-P011-638.jpg,Forta Run Fest (Variante 638) (Variante 638),https://media.designsaimari.com/products/cms7sagtq01iwp3015sz16e4u/previews/1785432297120-34035a0c-63ac-4478-9953-e93d1559c9c8.jpg?variante=638
AIM-P011-639,Designs Aimari,11,AIM-P011-639.jpg,Capitana Carter (Variante 639) (Variante 639),https://media.designsaimari.com/products/cms7rl7uj00ylp301dvop4ezf/previews/1785431118982-3003fbc1-ec56-4c42-b835-660ef8f95f88.jpg?variante=639
AIM-P011-640,Designs Aimari,11,AIM-P011-640.jpg,CS Cartaginés 2026-2027 Away (Variante 640) (Variante 640),https://media.designsaimari.com/products/cms7re95c00vbp30128mdjkf8/previews/1785430794965-c8f52fca-1d04-4374-bfb1-cb2d65c7ccd2.jpg?variante=640
AIM-P011-641,Designs Aimari,11,AIM-P011-641.jpg,Jersey Escolar (Variante 641) (Variante 641),https://media.designsaimari.com/products/cms7rbfdx00tmp30168dnxqg4/previews/1785430663647-55a84c1b-31c7-44b8-a5a6-272d868da4f1.jpg?variante=641
AIM-P011-642,Designs Aimari,11,AIM-P011-642.jpg,Monte de Sion Gris (Variante 642) (Variante 642),https://media.designsaimari.com/products/cms7pttah01n0ny0174qyikss/previews/1785428161331-191ca451-7401-4da2-b8b9-77906be801ff.jpg?variante=642
AIM-P011-643,Designs Aimari,11,AIM-P011-643.jpg,Juventus Concepto Versace (Variante 643) (Variante 643),https://media.designsaimari.com/products/cms7pi3vh0186ny018fb7t1iz/previews/1785427614642-39318fe2-e1f2-441d-9f1f-daae1d86d223.jpg?variante=643
AIM-P011-644,Designs Aimari,11,AIM-P011-644.jpg,Warrior Sports (Variante 644) (Variante 644),https://media.designsaimari.com/products/cms7p7dma01lkpg01i8o5fvg5/previews/1785427134175-43a67230-1875-4b21-be34-ffe6b3f2c5c7.jpg?variante=644
AIM-P011-645,Designs Aimari,11,AIM-P011-645.jpg,Jersey Samurai (Variante 645) (Variante 645),https://media.designsaimari.com/products/cms7kx3n600iypi01c8t7yea0/previews/1785419918609-00322c72-bbf3-48a1-9623-ca01ab4d77e9.jpg?variante=645
AIM-P011-646,Designs Aimari,11,AIM-P011-646.jpg,Cañeras Sports Degrade (Variante 646) (Variante 646),https://media.designsaimari.com/products/cms7kfsz30avbpb01qpta3sfz/previews/1785419114787-6d256c10-fc70-4a1d-8643-f9f8e10fb7f5.jpg?variante=646
AIM-P011-647,Designs Aimari,11,AIM-P011-647.png,Deportivo Antigua GFC (Variante 647) (Variante 647),https://media.designsaimari.com/products/cms7k4tj90aptpb010rtwilij/previews/1785418626267-0c7dfd90-cbd4-4d79-9e67-79645d732235.png?variante=647
AIM-P011-648,Designs Aimari,11,AIM-P011-648.jpg,Atlante  FC 26-27 (Variante 648) (Variante 648),https://media.designsaimari.com/products/cms6mm9ea0545tg01p616n1c4/previews/1785362303699-d874076e-e00b-4cc4-8cc6-c90e7ca16494.jpg?variante=648
AIM-P011-649,Designs Aimari,11,AIM-P011-649.jpg,Sports Grunge Purple (Variante 649) (Variante 649),https://media.designsaimari.com/products/cms6lu54a04p9tg01zmrciwp9/previews/1785360993178-474bd586-7796-453c-98da-87cbc9ab6f01.jpg?variante=649
AIM-P011-650,Designs Aimari,11,AIM-P011-650.jpg,Jersey España Neón (Variante 650) (Variante 650),https://media.designsaimari.com/products/cms6ldepr04lipb01d4152pfh/previews/1785360212645-9f86be59-cbd6-44f4-b2f0-113f81ccdebe.jpg?variante=650
AIM-P011-651,Designs Aimari,11,AIM-P011-651.jpg,Manchester United Dark Red Diamond (Variante 651) (Variante 651),https://media.designsaimari.com/products/cms6kq4rj044apb014gmzlh0g/previews/1785359124711-f9971bd6-94a3-438a-b443-ba09259c368a.jpg?variante=651
AIM-P011-652,Designs Aimari,11,AIM-P011-652.jpg,PSG Jordan Billion Blue (Variante 652) (Variante 652),https://media.designsaimari.com/products/cms6k4o8s03xptg016lv4arxs/previews/1785358123669-286bd7b0-361c-49dd-8e53-2fac012e322d.jpg?variante=652
AIM-P011-653,Designs Aimari,11,AIM-P011-653.jpg,Club Sport Cartaginés (Variante 653) (Variante 653),https://media.designsaimari.com/products/cms6k1dlz03uvpb01zrl5sw9r/previews/1785357972965-018081e4-490e-4a38-9077-3300825bc467.jpg?variante=653
AIM-P011-654,Designs Aimari,11,AIM-P011-654.jpg,Paris Saint Germain (Variante 654) (Variante 654),https://media.designsaimari.com/products/cms6gq7wl0291pb01dsokkrnn/previews/1785352411290-5c1c6983-b3f4-4c1d-b44c-360412ba3b02.jpg?variante=654
AIM-P011-655,Designs Aimari,11,AIM-P011-655.jpg,GEOMETRICA SPORT (Variante 655) (Variante 655),https://media.designsaimari.com/products/cms6ghnrd0256pb01o3x7xzkt/previews/1785352010971-f788de30-c596-400a-99a3-af0748cd8094.jpg?variante=655
AIM-P011-656,Designs Aimari,11,AIM-P011-656.jpg,Guatemala 2026 (Variante 656) (Variante 656),https://media.designsaimari.com/products/cms6eb7cn00vmpb01ntvqtwhs/previews/1785348350978-0dfb00e0-22a2-4720-a8d7-81f51cbd427f.jpg?variante=656
AIM-P011-657,Designs Aimari,11,AIM-P011-657.jpg,Guatemala 2026-2027 Home (Variante 657) (Variante 657),https://media.designsaimari.com/products/cms6cghhf009lo901ltt2ti5j/previews/1785345238271-a08c7dc9-7c65-4f40-89cd-7550aad2e50d.jpg?variante=657
AIM-P011-658,Designs Aimari,11,AIM-P011-658.jpg,Independiente Medellín (Variante 658) (Variante 658),https://media.designsaimari.com/products/cms6c239y002so90140t3hsbv/previews/1785344567018-468c45fa-8239-4ca7-8315-1769e57b2c7b.jpg?variante=658
AIM-P011-659,Designs Aimari,11,AIM-P011-659.jpg,Wonder Woman (Variante 659) (Variante 659),https://media.designsaimari.com/products/cms6b94uc000cqs01w0ted3ar/previews/1785343215271-b32e6b63-b6b0-4902-94c6-49b22af434a1.jpg?variante=659
AIM-P011-660,Designs Aimari,11,AIM-P011-660.jpg,C. Deportivo Ferrocarril Fans 2026 (Variante 660) (Variante 660),https://media.designsaimari.com/products/cms6a4guc00bxs801axq5q8f2/previews/1785341319944-12145ecd-7777-40c6-b0d1-a8fce25f5169.jpg?variante=660
AIM-P012-661,Designs Aimari,12,AIM-P012-661.jpg,Gladeador Black Sports (Variante 661) (Variante 661),https://media.designsaimari.com/products/cms69jrtx003ms801dwqyjcdn/previews/1785402791807-bf0c4cd6-2e49-41e7-8f77-7345606ec4ff.jpg?variante=661
AIM-P012-662,Designs Aimari,12,AIM-P012-662.jpg,Águila Concept (Variante 662) (Variante 662),https://media.designsaimari.com/products/cms68vqq10009l2019rpohle2/previews/1785339231947-dd8b2a70-2a71-4f4d-aec3-db42063fcc54.jpg?variante=662
AIM-P012-663,Designs Aimari,12,AIM-P012-663.jpg,Zabdi FC (Variante 663) (Variante 663),https://media.designsaimari.com/products/cms68l6dx080xqp01yl60g4u7/previews/1785338738658-055407a9-33ea-431b-be41-caba7b5a44bf.jpg?variante=663
AIM-P012-664,Designs Aimari,12,AIM-P012-664.jpg,SAN MARTÍN DE TUCUMÁN (Variante 664) (Variante 664),https://media.designsaimari.com/products/cms68glhk08jsn101jtgdulci/previews/1785338524392-c806424c-7a0e-4cb5-b042-a903c5cd9de4.jpg?variante=664
AIM-P012-665,Designs Aimari,12,AIM-P012-665.jpg,Sporting Royal Green GEO (Variante 665) (Variante 665),https://media.designsaimari.com/products/cms67xs3y08e7n101c0r9yupy/previews/1785337646562-f191df0a-f656-4e33-87aa-72458475e8f0.jpg?variante=665
AIM-P012-666,Designs Aimari,12,AIM-P012-666.jpg,Pattern Geometrico Morado (Variante 666) (Variante 666),https://media.designsaimari.com/products/cms673zfs076rqp01j3r73icj/previews/1785336256564-602c9738-89fb-4f42-aa91-52d0da44ccdc.jpg?variante=666
AIM-P012-667,Designs Aimari,12,AIM-P012-667.jpg,Atlético de San Luis Local 202627 (Variante 667) (Variante 667),https://media.designsaimari.com/products/cms670af80732qp01rpfkqmnk/previews/1785336084213-b6a17519-169f-4b0f-b66e-ed32b2f78577.jpg?variante=667
AIM-P012-668,Designs Aimari,12,AIM-P012-668.jpg,Jersey Tiger Patron (Variante 668) (Variante 668),https://media.designsaimari.com/products/cms66yvem07o5n101p1tov980/previews/1785336018069-59f62ce3-8640-4ee6-91e4-6074ee8d43d4.gif?variante=668
AIM-P012-669,Designs Aimari,12,AIM-P012-669.jpg,Sports Colors (Variante 669) (Variante 669),https://media.designsaimari.com/products/cms65ipoy070sn101hirr3h5t/previews/1785333584371-c6156381-f930-4eb0-ae2e-adcbf8312b33.jpg?variante=669
AIM-P012-670,Designs Aimari,12,AIM-P012-670.jpg,Pointillizer Celeste (Variante 670) (Variante 670),https://media.designsaimari.com/products/cms64lf8u06mmn101x3ek9omp/previews/1785332031129-e11ed45c-9c6b-4ac6-a6a5-9b7cfdbae487.jpg?variante=670
AIM-P012-671,Designs Aimari,12,AIM-P012-671.jpg,Barca Spider Man 2026 (Variante 671) (Variante 671),https://media.designsaimari.com/products/cms5zyjfd04xgqp01vsyfxgea/previews/1785324244971-2156220d-52b6-45c4-9a13-b6b73ce558ac.jpg?variante=671
AIM-P012-672,Designs Aimari,12,AIM-P012-672.jpg,Watford Goalkeeper Home Kit 26-27 (Variante 672) (Variante 672),https://media.designsaimari.com/products/cms5auiip01huqp01gr1i6ine/previews/1785282067322-c5919906-c4ce-4044-a0c2-4cb851cf66bc.jpg?variante=672
AIM-P012-673,Designs Aimari,12,AIM-P012-673.jpg,Comunicaciones FC Local 2026-27 (Variante 673) (Variante 673),https://media.designsaimari.com/products/cms57287200lzn1011v7cyzpx/previews/1785430564281-d87994b2-e034-4e27-b14b-1cbffffd0ee2.jpg?variante=673
AIM-P012-674,Designs Aimari,12,AIM-P012-674.jpg,Comunicaciones FC Thirt 26-27 (Variante 674) (Variante 674),https://media.designsaimari.com/products/cms56v6bf00amqp01mb3dwhcj/previews/1785275379156-29934ad5-641d-4c0d-b346-f45d4c2fa2a8.jpg?variante=674
AIM-P012-675,Designs Aimari,12,AIM-P012-675.jpg,Real Juventud (Variante 675) (Variante 675),https://media.designsaimari.com/products/cms56gwgb00cxn101bw0xe2hp/previews/1785274713179-ab1ade0d-829f-46b1-af42-d7640c575690.jpg?variante=675
AIM-P012-676,Designs Aimari,12,AIM-P012-676.jpg,Voley Gradient (Variante 676) (Variante 676),https://media.designsaimari.com/products/cms5489ze03y7qm01wgbxszwc/previews/1785270951912-7a8b5ae9-45fc-46ef-87a9-34b539720d4a.jpg?variante=676
AIM-P012-677,Designs Aimari,12,AIM-P012-677.jpg,PAISES BAJOS 1988 (Variante 677) (Variante 677),https://media.designsaimari.com/products/cms53f9zr03igmw01b0u5mxid/previews/1785269599432-3d710c81-20a4-43fc-a717-ccb9134ee0d7.jpg?variante=677
AIM-P012-678,Designs Aimari,12,AIM-P012-678.jpg,Geometric Concept Celeste (Variante 678) (Variante 678),https://media.designsaimari.com/products/cms52sxqd035nmw01eclwc10l/previews/1785268556247-8b159daa-a9ea-4f8a-ac3b-89f9899835ca.jpg?variante=678
AIM-P012-679,Designs Aimari,12,AIM-P012-679.png,Electric Design (Variante 679) (Variante 679),https://media.designsaimari.com/products/cms4vt1i100kcp701r85lz727/preview.png?variante=679
AIM-P012-680,Designs Aimari,12,AIM-P012-680.jpg,Interclasse Leon Fuego (Variante 680) (Variante 680),https://media.designsaimari.com/products/cms4vf0q6006ppe01x7dzvq2n/preview.jpg?variante=680
AIM-P012-681,Designs Aimari,12,AIM-P012-681.jpg,Señora del Rosario (Variante 681) (Variante 681),https://media.designsaimari.com/products/cms4ux0f203ijrz01635guqjy/preview.jpg?variante=681
AIM-P012-682,Designs Aimari,12,AIM-P012-682.jpg,ISLANDIA 2026 (Variante 682) (Variante 682),https://media.designsaimari.com/products/cms4skl8e00ndlj01axe461k3/preview.jpg?variante=682
AIM-P012-683,Designs Aimari,12,AIM-P012-683.jpg,Night Light Runners (Variante 683) (Variante 683),https://media.designsaimari.com/products/cms4s5gae00gll201sqn4q2xo/preview.jpg?variante=683
AIM-P012-684,Designs Aimari,12,AIM-P012-684.jpg,Juego de Tronos (Variante 684) (Variante 684),https://media.designsaimari.com/products/cms4qksi007qnly01ileq6vb5/preview.jpg?variante=684
AIM-P012-685,Designs Aimari,12,AIM-P012-685.jpg,Barcelona SC 101 Años (Variante 685) (Variante 685),https://media.designsaimari.com/products/cms3u309l00jsly010aqael18/preview.jpg?variante=685
AIM-P012-686,Designs Aimari,12,AIM-P012-686.jpg,Huracan Concept (Variante 686) (Variante 686),https://media.designsaimari.com/products/cms3t163w002lls01gmld4qjl/preview.jpg?variante=686
AIM-P012-687,Designs Aimari,12,AIM-P012-687.jpg,Sporting Azul (Variante 687) (Variante 687),https://media.designsaimari.com/products/cms3sbb77001zjn01fi5frbw5/preview.jpg?variante=687
AIM-P012-688,Designs Aimari,12,AIM-P012-688.jpg,RAYO CONCEPT (Variante 688) (Variante 688),https://media.designsaimari.com/products/cms3s2js4045po301bl8epxuk/preview.jpg?variante=688
AIM-P012-689,Designs Aimari,12,AIM-P012-689.jpg,BasketBall Fenix Pink Concept (Variante 689) (Variante 689),https://media.designsaimari.com/products/cms3riwsz0496ml014p83a3te/preview.jpg?variante=689
AIM-P012-690,Designs Aimari,12,AIM-P012-690.jpg,Night light (Variante 690) (Variante 690),https://media.designsaimari.com/products/cms3qq12z03noml01xouahq5b/preview.jpg?variante=690
AIM-P012-691,Designs Aimari,12,AIM-P012-691.jpg,Jersey Taller (Variante 691) (Variante 691),https://media.designsaimari.com/products/cms3nv3ua022mml01iegn90wf/preview.jpg?variante=691
AIM-P012-692,Designs Aimari,12,AIM-P012-692.jpg,Wayyu Design Abstract (Variante 692) (Variante 692),https://media.designsaimari.com/products/cms3mcnqr01e3o301omku0bn3/preview.jpg?variante=692
AIM-P012-693,Designs Aimari,12,AIM-P012-693.jpg,Hexagono Sports (Variante 693) (Variante 693),https://media.designsaimari.com/products/cms3lhw9l0129ml016pfgt7gt/preview.jpg?variante=693
AIM-P012-694,Designs Aimari,12,AIM-P012-694.png,Pointillizer concept blue (Variante 694) (Variante 694),https://media.designsaimari.com/products/cms3kn9sk00gqml013x97i7ex/preview.png?variante=694
AIM-P012-695,Designs Aimari,12,AIM-P012-695.jpg,Deportivo Neon Bicolor (Variante 695) (Variante 695),https://media.designsaimari.com/products/cms3jhlss01nhpb01k2gurgnb/preview.jpg?variante=695
AIM-P012-696,Designs Aimari,12,AIM-P012-696.jpg,Argentina Rosas Blue (Variante 696) (Variante 696),https://media.designsaimari.com/products/cms3ifr9m012apb011n0tvmx8/preview.jpg?variante=696
AIM-P012-697,Designs Aimari,12,AIM-P012-697.jpg,Federación Ovetense (Variante 697) (Variante 697),https://media.designsaimari.com/products/cms3hfr7i00kip601xzyqt1ov/preview.jpg?variante=697
AIM-P012-698,Designs Aimari,12,AIM-P012-698.jpg,Sport Verde (Variante 698) (Variante 698),https://media.designsaimari.com/products/cms3fdbul00cpmt01mc7axalm/preview.jpg?variante=698
AIM-P012-699,Designs Aimari,12,AIM-P012-699.jpg,Argelia Mundial 2026 (Variante 699) (Variante 699),https://media.designsaimari.com/products/cms3ec5rj0athjf01wfkvcjzq/previews/1785258627879-f95a5ee1-3310-4ec2-82e2-ff1c95e21b29.jpg?variante=699
AIM-P012-700,Designs Aimari,12,AIM-P012-700.png,Juniors Lion (Variante 700) (Variante 700),https://media.designsaimari.com/products/cms3cns4t09wcjf01uoqoory9/preview.png?variante=700
AIM-P012-701,Designs Aimari,12,AIM-P012-701.jpg,Guadalcacin Blue (Variante 701) (Variante 701),https://media.designsaimari.com/products/cmsak7fn30l21np01zwgewh86/previews/1785600117219-5d6524ef-6818-4bc4-adfc-e7b18cf1879c.jpg?variante=701
AIM-P012-702,Designs Aimari,12,AIM-P012-702.jpg,Argentina Drexx (Variante 702) (Variante 702),https://media.designsaimari.com/products/cmsaibco10koxnp01tazeaomx/previews/1785596944633-4145288c-feda-44b0-8a09-ec6e43657692.jpg?variante=702
AIM-P012-703,Designs Aimari,12,AIM-P012-703.jpg,Ballbreakers DUO Kit (Variante 703) (Variante 703),https://media.designsaimari.com/products/cms9vwm0p0ibxpc01anhrzy2i/previews/1785559301285-bc3edbc9-9a8b-4589-b622-2b336c039461.jpg?variante=703
AIM-P012-704,Designs Aimari,12,AIM-P012-704.jpg,CRISTO CONVITERO MIXQUEÑO (Variante 704) (Variante 704),https://media.designsaimari.com/products/cms9hnwec0f6fnp01ioeq0fqd/previews/1785535382850-695a7d83-e5a0-4c01-b81a-b2f027847228.jpg?variante=704
AIM-P012-705,Designs Aimari,12,AIM-P012-705.jpg,Africa del Sur (Variante 705) (Variante 705),https://media.designsaimari.com/products/cms9hehwz0fgopc01wnm830ux/previews/1785534942474-7e7be854-ce32-4c81-bd61-c1bd7ba9e26f.jpg?variante=705
AIM-P012-706,Designs Aimari,12,AIM-P012-706.jpg,Senegal AFCON 2025 (Variante 706) (Variante 706),https://media.designsaimari.com/products/cms9h7pnh0fdtpc0127zbcpca/previews/1785534627438-5984abaf-b0ee-4111-8393-01aa79d816a9.jpg?variante=706
AIM-P012-707,Designs Aimari,12,AIM-P012-707.jpg,Jersey Blue And Red Sport (Variante 707) (Variante 707),https://media.designsaimari.com/products/cms9gsy0k0ex4np01jwy2ukxq/previews/1785533935986-564c723a-0d55-4b30-8698-3867f7ae3305.jpg?variante=707
AIM-P012-708,Designs Aimari,12,AIM-P012-708.jpg,Sport Red Dark GB (Variante 708) (Variante 708),https://media.designsaimari.com/products/cms9g214x0ejnnp01z4zgpt6s/previews/1785532681139-4c0217c8-7240-40e4-b04e-04ac03224f07.jpg?variante=708
AIM-P012-709,Designs Aimari,12,AIM-P012-709.jpg,River Plate 26-27 (Variante 709) (Variante 709),https://media.designsaimari.com/products/cms9f3zaq0e41np017jhwtf3e/previews/1785531091798-b7019670-a9f6-43c4-a5f4-ee4a45132fe5.jpg?variante=709
AIM-P012-710,Designs Aimari,12,AIM-P012-710.jpg,Deportivo Escolar (Variante 710) (Variante 710),https://media.designsaimari.com/products/cms9edtb80drhnp0187n9gm2k/previews/1785529871436-771503ae-69b4-4037-92e9-b2a2ef61a9ab.jpg?variante=710
AIM-P012-711,Designs Aimari,12,AIM-P012-711.jpg,CAJN Concept Lobo (Variante 711) (Variante 711),https://media.designsaimari.com/products/cms9dbhff0dfgnp018dtsv5to/previews/1785528082763-20b50ad8-3e61-4556-b929-dabb8cc136b5.jpg?variante=711
AIM-P012-712,Designs Aimari,12,AIM-P012-712.jpg,MANTO rashguard (Variante 712) (Variante 712),https://media.designsaimari.com/products/cms9criyd0d4hnp01o0u9cbcn/previews/1785527151433-1febca0c-04e8-4039-b9be-79f487b5c67a.jpg?variante=712
AIM-P012-713,Designs Aimari,12,AIM-P012-713.jpg,Sport Grunge Amarillo (Variante 713) (Variante 713),https://media.designsaimari.com/products/cms9cjdq20d0nnp01i0tgatih/previews/1785526772019-9b5c91f8-ac1c-430d-92ed-ed9f7b4a1490.jpg?variante=713
AIM-P012-714,Designs Aimari,12,AIM-P012-714.jpg,Jersey Sport Coral (Variante 714) (Variante 714),https://media.designsaimari.com/products/cms9bz4fz0cq2np01f1uzqveh/previews/1785525826105-d454807c-ee57-4fe6-ac02-25e27bce8c33.jpg?variante=714
AIM-P012-715,Designs Aimari,12,AIM-P012-715.jpg,San Lorenzo Cuervo Rojo (Variante 715) (Variante 715),https://media.designsaimari.com/products/cms9azmwb0cy6pc01bfvgm460/previews/1785524170846-79dbdbbe-d3d4-4626-b193-f9f08603dd02.jpg?variante=715
AIM-P012-716,Designs Aimari,12,AIM-P012-716.jpg,Inter Milan 2026-2027 (Variante 716) (Variante 716),https://media.designsaimari.com/products/cms9a5uj50c7xpc01xf543rvt/previews/1785522780738-5e461cdc-8a43-45b8-a490-05cc8ec65832.jpg?variante=716
AIM-P012-717,Designs Aimari,12,AIM-P012-717.jpg,Sports Design Red (Variante 717) (Variante 717),https://media.designsaimari.com/products/cms99tfra0bxanp01y4ehyk9r/previews/1785522201735-2ad8d531-9e77-4c17-8c72-dd58ed291739.jpg?variante=717
AIM-P012-718,Designs Aimari,12,AIM-P012-718.jpg,Enmanuel F.C Herraientas (Variante 718) (Variante 718),https://media.designsaimari.com/products/cms99fxon0bubpc01zjuz274e/previews/1785521572161-e20c7037-a51d-40d7-93c2-88e9e1570605.jpg?variante=718
AIM-P012-719,Designs Aimari,12,AIM-P012-719.jpg,Guardian del Camino Design (Variante 719) (Variante 719),https://media.designsaimari.com/products/cms97b8tm0b3ipc01vwko8rej/previews/1785517995841-ce572dd6-7dae-4cfc-9f95-8148e49de387.jpg?variante=719
AIM-P012-720,Designs Aimari,12,AIM-P012-720.jpg,Deportivo Red (Variante 720) (Variante 720),https://media.designsaimari.com/products/cms96t50e0aownp01ad8227x3/previews/1785517154513-e1c027d5-6771-444f-9687-9e777224b7c3.jpg?variante=720
AIM-P013-721,Designs Aimari,13,AIM-P013-721.jpg,Bélgica Concept (Variante 721) (Variante 721),https://media.designsaimari.com/products/cms94pmfs09s0pc01ugxxpvd5/previews/1785513633055-ab4438ce-f216-48b2-9d36-22b7f66eaf89.jpg?variante=721
AIM-P013-722,Designs Aimari,13,AIM-P013-722.jpg,Manchester City Home (Variante 722) (Variante 722),https://media.designsaimari.com/products/cms940eao0982np01i29okyem/previews/1785512825647-cafc3e51-e705-4c8c-8223-dd920fff368b.jpg?variante=722
AIM-P013-723,Designs Aimari,13,AIM-P013-723.png,Trazo Abstracto (Variante 723) (Variante 723),https://media.designsaimari.com/products/cms93qs6o08yynp01mgwvxk4n/previews/1785512000536-20c08dd1-6411-41f9-8dc3-b623e7c5234d.png?variante=723
AIM-P013-724,Designs Aimari,13,AIM-P013-724.jpg,Jersey Grunge Concept (Variante 724) (Variante 724),https://media.designsaimari.com/products/cms92qc5t08fqnp018mt35idk/previews/1785510301382-af6ba113-74c3-440b-92e8-27fe3814aa49.jpg?variante=724
AIM-P013-725,Designs Aimari,13,AIM-P013-725.jpg,Manchas Sports azul (Variante 725) (Variante 725),https://media.designsaimari.com/products/cms90fq2v0786np013u2bukxl/previews/1785506445256-faa084d5-e84a-4930-9072-0bb4552c20e8.jpg?variante=725
AIM-P013-726,Designs Aimari,13,AIM-P013-726.jpg,Maradona Futbol (Variante 726) (Variante 726),https://media.designsaimari.com/products/cms8zq95a06vnnp01gu2yydf4/previews/1785505267008-e18e441e-47e8-4139-bcd4-da99f00f06b2.jpg?variante=726
AIM-P013-727,Designs Aimari,13,AIM-P013-727.jpg,Bélgica Flamas Concept 2026 (Variante 727) (Variante 727),https://media.designsaimari.com/products/cms8z3hnk06oynp01d5j2rpdx/previews/1785504195975-61c6bad8-5412-433e-820e-0ce5deaaf95b.jpg?variante=727
AIM-P013-728,Designs Aimari,13,AIM-P013-728.jpg,Geometrico Blue Calabera (Variante 728) (Variante 728),https://media.designsaimari.com/products/cms8y1zo606q4pc01xhxpx1yi/previews/1785502445330-f5011dc5-7fb6-44e7-9c7b-3da2b7f15292.jpg?variante=728
AIM-P013-729,Designs Aimari,13,AIM-P013-729.jpg,LUFFY SPORT AURA (Variante 729) (Variante 729),https://media.designsaimari.com/products/cms824ksb021kpc01n31o8tqw/previews/1785448819218-4444f8d9-6efd-45cb-9247-61fd9e492f00.jpg?variante=729
AIM-P013-730,Designs Aimari,13,AIM-P013-730.jpg,Sports Relámpago (Variante 730) (Variante 730),https://media.designsaimari.com/products/cms81fwyn01aanp019kltkiy5/previews/1785447668262-f074b00c-e3af-4048-b275-71155e26ebf2.jpg?variante=730
AIM-P013-731,Designs Aimari,13,AIM-P013-731.jpg,Garra de Tigre (Variante 731) (Variante 731),https://media.designsaimari.com/products/cms81ada501okpc014xkplzwm/previews/1785447408985-7731acc6-72ad-4a04-80a8-a959a136b2da.jpg?variante=731
AIM-P013-732,Designs Aimari,13,AIM-P013-732.jpg,Jambados FC (Variante 732) (Variante 732),https://media.designsaimari.com/products/cms7zc0aa00kipc01yn4a6n8h/previews/1785444127140-10ca6913-c2ea-4bd6-81d4-94de37564154.jpg?variante=732
AIM-P013-733,Designs Aimari,13,AIM-P013-733.jpg,Barcelona Fc (Variante 733) (Variante 733),https://media.designsaimari.com/products/cms7xzpey005fr10191ykk3ay/previews/1785441872637-18bece46-60d8-4d36-8aa6-ded9ecf84956.jpg?variante=733
AIM-P013-734,Designs Aimari,13,AIM-P013-734.png,Argentina Gold (Variante 734) (Variante 734),https://media.designsaimari.com/products/cms7xuk8v009fpi016bqcryil/previews/1785441650004-141a35ba-d7b8-4ee1-ba3c-4d9e8239c6fb.png?variante=734
AIM-P013-735,Designs Aimari,13,AIM-P013-735.jpg,Lines Sport (Variante 735) (Variante 735),https://media.designsaimari.com/products/cms7xfina000gpi01n34d4ktc/previews/1785440930726-e0ff23ec-73f9-4f8f-a006-99f2270935b3.jpg?variante=735
AIM-P013-736,Designs Aimari,13,AIM-P013-736.jpg,Pointillizer Blue (Variante 736) (Variante 736),https://media.designsaimari.com/products/cms7x2mjr0039p8010dovi18a/previews/1785440331953-d0afacb8-7f53-4463-9658-38caf1c6446d.jpg?variante=736
AIM-P013-737,Designs Aimari,13,AIM-P013-737.jpg,ATLÉTICO GRAU 2026 (Variante 737) (Variante 737),https://media.designsaimari.com/products/cms7vfx8e02tfns01uy0vjfdd/previews/1785437590480-8a7c91b9-aad3-4c66-b9d2-a97ece5f786a.jpg?variante=737
AIM-P013-738,Designs Aimari,13,AIM-P013-738.jpg,Forta Run Fest (Variante 738) (Variante 738),https://media.designsaimari.com/products/cms7sagtq01iwp3015sz16e4u/previews/1785432297120-34035a0c-63ac-4478-9953-e93d1559c9c8.jpg?variante=738
AIM-P013-739,Designs Aimari,13,AIM-P013-739.jpg,Capitana Carter (Variante 739) (Variante 739),https://media.designsaimari.com/products/cms7rl7uj00ylp301dvop4ezf/previews/1785431118982-3003fbc1-ec56-4c42-b835-660ef8f95f88.jpg?variante=739
AIM-P013-740,Designs Aimari,13,AIM-P013-740.jpg,CS Cartaginés 2026-2027 Away (Variante 740) (Variante 740),https://media.designsaimari.com/products/cms7re95c00vbp30128mdjkf8/previews/1785430794965-c8f52fca-1d04-4374-bfb1-cb2d65c7ccd2.jpg?variante=740
AIM-P013-741,Designs Aimari,13,AIM-P013-741.jpg,Jersey Escolar (Variante 741) (Variante 741),https://media.designsaimari.com/products/cms7rbfdx00tmp30168dnxqg4/previews/1785430663647-55a84c1b-31c7-44b8-a5a6-272d868da4f1.jpg?variante=741
AIM-P013-742,Designs Aimari,13,AIM-P013-742.jpg,Monte de Sion Gris (Variante 742) (Variante 742),https://media.designsaimari.com/products/cms7pttah01n0ny0174qyikss/previews/1785428161331-191ca451-7401-4da2-b8b9-77906be801ff.jpg?variante=742
AIM-P013-743,Designs Aimari,13,AIM-P013-743.jpg,Juventus Concepto Versace (Variante 743) (Variante 743),https://media.designsaimari.com/products/cms7pi3vh0186ny018fb7t1iz/previews/1785427614642-39318fe2-e1f2-441d-9f1f-daae1d86d223.jpg?variante=743
AIM-P013-744,Designs Aimari,13,AIM-P013-744.jpg,Warrior Sports (Variante 744) (Variante 744),https://media.designsaimari.com/products/cms7p7dma01lkpg01i8o5fvg5/previews/1785427134175-43a67230-1875-4b21-be34-ffe6b3f2c5c7.jpg?variante=744
AIM-P013-745,Designs Aimari,13,AIM-P013-745.jpg,Jersey Samurai (Variante 745) (Variante 745),https://media.designsaimari.com/products/cms7kx3n600iypi01c8t7yea0/previews/1785419918609-00322c72-bbf3-48a1-9623-ca01ab4d77e9.jpg?variante=745
AIM-P013-746,Designs Aimari,13,AIM-P013-746.jpg,Cañeras Sports Degrade (Variante 746) (Variante 746),https://media.designsaimari.com/products/cms7kfsz30avbpb01qpta3sfz/previews/1785419114787-6d256c10-fc70-4a1d-8643-f9f8e10fb7f5.jpg?variante=746
AIM-P013-747,Designs Aimari,13,AIM-P013-747.png,Deportivo Antigua GFC (Variante 747) (Variante 747),https://media.designsaimari.com/products/cms7k4tj90aptpb010rtwilij/previews/1785418626267-0c7dfd90-cbd4-4d79-9e67-79645d732235.png?variante=747
AIM-P013-748,Designs Aimari,13,AIM-P013-748.jpg,Atlante  FC 26-27 (Variante 748) (Variante 748),https://media.designsaimari.com/products/cms6mm9ea0545tg01p616n1c4/previews/1785362303699-d874076e-e00b-4cc4-8cc6-c90e7ca16494.jpg?variante=748
AIM-P013-749,Designs Aimari,13,AIM-P013-749.jpg,Sports Grunge Purple (Variante 749) (Variante 749),https://media.designsaimari.com/products/cms6lu54a04p9tg01zmrciwp9/previews/1785360993178-474bd586-7796-453c-98da-87cbc9ab6f01.jpg?variante=749
AIM-P013-750,Designs Aimari,13,AIM-P013-750.jpg,Jersey España Neón (Variante 750) (Variante 750),https://media.designsaimari.com/products/cms6ldepr04lipb01d4152pfh/previews/1785360212645-9f86be59-cbd6-44f4-b2f0-113f81ccdebe.jpg?variante=750
AIM-P013-751,Designs Aimari,13,AIM-P013-751.jpg,Manchester United Dark Red Diamond (Variante 751) (Variante 751),https://media.designsaimari.com/products/cms6kq4rj044apb014gmzlh0g/previews/1785359124711-f9971bd6-94a3-438a-b443-ba09259c368a.jpg?variante=751
AIM-P013-752,Designs Aimari,13,AIM-P013-752.jpg,PSG Jordan Billion Blue (Variante 752) (Variante 752),https://media.designsaimari.com/products/cms6k4o8s03xptg016lv4arxs/previews/1785358123669-286bd7b0-361c-49dd-8e53-2fac012e322d.jpg?variante=752
AIM-P013-753,Designs Aimari,13,AIM-P013-753.jpg,Club Sport Cartaginés (Variante 753) (Variante 753),https://media.designsaimari.com/products/cms6k1dlz03uvpb01zrl5sw9r/previews/1785357972965-018081e4-490e-4a38-9077-3300825bc467.jpg?variante=753
AIM-P013-754,Designs Aimari,13,AIM-P013-754.jpg,Paris Saint Germain (Variante 754) (Variante 754),https://media.designsaimari.com/products/cms6gq7wl0291pb01dsokkrnn/previews/1785352411290-5c1c6983-b3f4-4c1d-b44c-360412ba3b02.jpg?variante=754
AIM-P013-755,Designs Aimari,13,AIM-P013-755.jpg,GEOMETRICA SPORT (Variante 755) (Variante 755),https://media.designsaimari.com/products/cms6ghnrd0256pb01o3x7xzkt/previews/1785352010971-f788de30-c596-400a-99a3-af0748cd8094.jpg?variante=755
AIM-P013-756,Designs Aimari,13,AIM-P013-756.jpg,Guatemala 2026 (Variante 756) (Variante 756),https://media.designsaimari.com/products/cms6eb7cn00vmpb01ntvqtwhs/previews/1785348350978-0dfb00e0-22a2-4720-a8d7-81f51cbd427f.jpg?variante=756
AIM-P013-757,Designs Aimari,13,AIM-P013-757.jpg,Guatemala 2026-2027 Home (Variante 757) (Variante 757),https://media.designsaimari.com/products/cms6cghhf009lo901ltt2ti5j/previews/1785345238271-a08c7dc9-7c65-4f40-89cd-7550aad2e50d.jpg?variante=757
AIM-P013-758,Designs Aimari,13,AIM-P013-758.jpg,Independiente Medellín (Variante 758) (Variante 758),https://media.designsaimari.com/products/cms6c239y002so90140t3hsbv/previews/1785344567018-468c45fa-8239-4ca7-8315-1769e57b2c7b.jpg?variante=758
AIM-P013-759,Designs Aimari,13,AIM-P013-759.jpg,Wonder Woman (Variante 759) (Variante 759),https://media.designsaimari.com/products/cms6b94uc000cqs01w0ted3ar/previews/1785343215271-b32e6b63-b6b0-4902-94c6-49b22af434a1.jpg?variante=759
AIM-P013-760,Designs Aimari,13,AIM-P013-760.jpg,C. Deportivo Ferrocarril Fans 2026 (Variante 760) (Variante 760),https://media.designsaimari.com/products/cms6a4guc00bxs801axq5q8f2/previews/1785341319944-12145ecd-7777-40c6-b0d1-a8fce25f5169.jpg?variante=760
AIM-P013-761,Designs Aimari,13,AIM-P013-761.jpg,Gladeador Black Sports (Variante 761) (Variante 761),https://media.designsaimari.com/products/cms69jrtx003ms801dwqyjcdn/previews/1785402791807-bf0c4cd6-2e49-41e7-8f77-7345606ec4ff.jpg?variante=761
AIM-P013-762,Designs Aimari,13,AIM-P013-762.jpg,Águila Concept (Variante 762) (Variante 762),https://media.designsaimari.com/products/cms68vqq10009l2019rpohle2/previews/1785339231947-dd8b2a70-2a71-4f4d-aec3-db42063fcc54.jpg?variante=762
AIM-P013-763,Designs Aimari,13,AIM-P013-763.jpg,Zabdi FC (Variante 763) (Variante 763),https://media.designsaimari.com/products/cms68l6dx080xqp01yl60g4u7/previews/1785338738658-055407a9-33ea-431b-be41-caba7b5a44bf.jpg?variante=763
AIM-P013-764,Designs Aimari,13,AIM-P013-764.jpg,SAN MARTÍN DE TUCUMÁN (Variante 764) (Variante 764),https://media.designsaimari.com/products/cms68glhk08jsn101jtgdulci/previews/1785338524392-c806424c-7a0e-4cb5-b042-a903c5cd9de4.jpg?variante=764
AIM-P013-765,Designs Aimari,13,AIM-P013-765.jpg,Sporting Royal Green GEO (Variante 765) (Variante 765),https://media.designsaimari.com/products/cms67xs3y08e7n101c0r9yupy/previews/1785337646562-f191df0a-f656-4e33-87aa-72458475e8f0.jpg?variante=765
AIM-P013-766,Designs Aimari,13,AIM-P013-766.jpg,Pattern Geometrico Morado (Variante 766) (Variante 766),https://media.designsaimari.com/products/cms673zfs076rqp01j3r73icj/previews/1785336256564-602c9738-89fb-4f42-aa91-52d0da44ccdc.jpg?variante=766
AIM-P013-767,Designs Aimari,13,AIM-P013-767.jpg,Atlético de San Luis Local 202627 (Variante 767) (Variante 767),https://media.designsaimari.com/products/cms670af80732qp01rpfkqmnk/previews/1785336084213-b6a17519-169f-4b0f-b66e-ed32b2f78577.jpg?variante=767
AIM-P013-768,Designs Aimari,13,AIM-P013-768.jpg,Jersey Tiger Patron (Variante 768) (Variante 768),https://media.designsaimari.com/products/cms66yvem07o5n101p1tov980/previews/1785336018069-59f62ce3-8640-4ee6-91e4-6074ee8d43d4.gif?variante=768
AIM-P013-769,Designs Aimari,13,AIM-P013-769.jpg,Sports Colors (Variante 769) (Variante 769),https://media.designsaimari.com/products/cms65ipoy070sn101hirr3h5t/previews/1785333584371-c6156381-f930-4eb0-ae2e-adcbf8312b33.jpg?variante=769
AIM-P013-770,Designs Aimari,13,AIM-P013-770.jpg,Pointillizer Celeste (Variante 770) (Variante 770),https://media.designsaimari.com/products/cms64lf8u06mmn101x3ek9omp/previews/1785332031129-e11ed45c-9c6b-4ac6-a6a5-9b7cfdbae487.jpg?variante=770
AIM-P013-771,Designs Aimari,13,AIM-P013-771.jpg,Barca Spider Man 2026 (Variante 771) (Variante 771),https://media.designsaimari.com/products/cms5zyjfd04xgqp01vsyfxgea/previews/1785324244971-2156220d-52b6-45c4-9a13-b6b73ce558ac.jpg?variante=771
AIM-P013-772,Designs Aimari,13,AIM-P013-772.jpg,Watford Goalkeeper Home Kit 26-27 (Variante 772) (Variante 772),https://media.designsaimari.com/products/cms5auiip01huqp01gr1i6ine/previews/1785282067322-c5919906-c4ce-4044-a0c2-4cb851cf66bc.jpg?variante=772
AIM-P013-773,Designs Aimari,13,AIM-P013-773.jpg,Comunicaciones FC Local 2026-27 (Variante 773) (Variante 773),https://media.designsaimari.com/products/cms57287200lzn1011v7cyzpx/previews/1785430564281-d87994b2-e034-4e27-b14b-1cbffffd0ee2.jpg?variante=773
AIM-P013-774,Designs Aimari,13,AIM-P013-774.jpg,Comunicaciones FC Thirt 26-27 (Variante 774) (Variante 774),https://media.designsaimari.com/products/cms56v6bf00amqp01mb3dwhcj/previews/1785275379156-29934ad5-641d-4c0d-b346-f45d4c2fa2a8.jpg?variante=774
AIM-P013-775,Designs Aimari,13,AIM-P013-775.jpg,Real Juventud (Variante 775) (Variante 775),https://media.designsaimari.com/products/cms56gwgb00cxn101bw0xe2hp/previews/1785274713179-ab1ade0d-829f-46b1-af42-d7640c575690.jpg?variante=775
AIM-P013-776,Designs Aimari,13,AIM-P013-776.jpg,Voley Gradient (Variante 776) (Variante 776),https://media.designsaimari.com/products/cms5489ze03y7qm01wgbxszwc/previews/1785270951912-7a8b5ae9-45fc-46ef-87a9-34b539720d4a.jpg?variante=776
AIM-P013-777,Designs Aimari,13,AIM-P013-777.jpg,PAISES BAJOS 1988 (Variante 777) (Variante 777),https://media.designsaimari.com/products/cms53f9zr03igmw01b0u5mxid/previews/1785269599432-3d710c81-20a4-43fc-a717-ccb9134ee0d7.jpg?variante=777
AIM-P013-778,Designs Aimari,13,AIM-P013-778.jpg,Geometric Concept Celeste (Variante 778) (Variante 778),https://media.designsaimari.com/products/cms52sxqd035nmw01eclwc10l/previews/1785268556247-8b159daa-a9ea-4f8a-ac3b-89f9899835ca.jpg?variante=778
AIM-P013-779,Designs Aimari,13,AIM-P013-779.png,Electric Design (Variante 779) (Variante 779),https://media.designsaimari.com/products/cms4vt1i100kcp701r85lz727/preview.png?variante=779
AIM-P013-780,Designs Aimari,13,AIM-P013-780.jpg,Interclasse Leon Fuego (Variante 780) (Variante 780),https://media.designsaimari.com/products/cms4vf0q6006ppe01x7dzvq2n/preview.jpg?variante=780
AIM-P014-781,Designs Aimari,14,AIM-P014-781.jpg,Señora del Rosario (Variante 781) (Variante 781),https://media.designsaimari.com/products/cms4ux0f203ijrz01635guqjy/preview.jpg?variante=781
AIM-P014-782,Designs Aimari,14,AIM-P014-782.jpg,ISLANDIA 2026 (Variante 782) (Variante 782),https://media.designsaimari.com/products/cms4skl8e00ndlj01axe461k3/preview.jpg?variante=782
AIM-P014-783,Designs Aimari,14,AIM-P014-783.jpg,Night Light Runners (Variante 783) (Variante 783),https://media.designsaimari.com/products/cms4s5gae00gll201sqn4q2xo/preview.jpg?variante=783
AIM-P014-784,Designs Aimari,14,AIM-P014-784.jpg,Juego de Tronos (Variante 784) (Variante 784),https://media.designsaimari.com/products/cms4qksi007qnly01ileq6vb5/preview.jpg?variante=784
AIM-P014-785,Designs Aimari,14,AIM-P014-785.jpg,Barcelona SC 101 Años (Variante 785) (Variante 785),https://media.designsaimari.com/products/cms3u309l00jsly010aqael18/preview.jpg?variante=785
AIM-P014-786,Designs Aimari,14,AIM-P014-786.jpg,Huracan Concept (Variante 786) (Variante 786),https://media.designsaimari.com/products/cms3t163w002lls01gmld4qjl/preview.jpg?variante=786
AIM-P014-787,Designs Aimari,14,AIM-P014-787.jpg,Sporting Azul (Variante 787) (Variante 787),https://media.designsaimari.com/products/cms3sbb77001zjn01fi5frbw5/preview.jpg?variante=787
AIM-P014-788,Designs Aimari,14,AIM-P014-788.jpg,RAYO CONCEPT (Variante 788) (Variante 788),https://media.designsaimari.com/products/cms3s2js4045po301bl8epxuk/preview.jpg?variante=788
AIM-P014-789,Designs Aimari,14,AIM-P014-789.jpg,BasketBall Fenix Pink Concept (Variante 789) (Variante 789),https://media.designsaimari.com/products/cms3riwsz0496ml014p83a3te/preview.jpg?variante=789
AIM-P014-790,Designs Aimari,14,AIM-P014-790.jpg,Night light (Variante 790) (Variante 790),https://media.designsaimari.com/products/cms3qq12z03noml01xouahq5b/preview.jpg?variante=790
AIM-P014-791,Designs Aimari,14,AIM-P014-791.jpg,Jersey Taller (Variante 791) (Variante 791),https://media.designsaimari.com/products/cms3nv3ua022mml01iegn90wf/preview.jpg?variante=791
AIM-P014-792,Designs Aimari,14,AIM-P014-792.jpg,Wayyu Design Abstract (Variante 792) (Variante 792),https://media.designsaimari.com/products/cms3mcnqr01e3o301omku0bn3/preview.jpg?variante=792
AIM-P014-793,Designs Aimari,14,AIM-P014-793.jpg,Hexagono Sports (Variante 793) (Variante 793),https://media.designsaimari.com/products/cms3lhw9l0129ml016pfgt7gt/preview.jpg?variante=793
AIM-P014-794,Designs Aimari,14,AIM-P014-794.png,Pointillizer concept blue (Variante 794) (Variante 794),https://media.designsaimari.com/products/cms3kn9sk00gqml013x97i7ex/preview.png?variante=794
AIM-P014-795,Designs Aimari,14,AIM-P014-795.jpg,Deportivo Neon Bicolor (Variante 795) (Variante 795),https://media.designsaimari.com/products/cms3jhlss01nhpb01k2gurgnb/preview.jpg?variante=795
AIM-P014-796,Designs Aimari,14,AIM-P014-796.jpg,Argentina Rosas Blue (Variante 796) (Variante 796),https://media.designsaimari.com/products/cms3ifr9m012apb011n0tvmx8/preview.jpg?variante=796
AIM-P014-797,Designs Aimari,14,AIM-P014-797.jpg,Federación Ovetense (Variante 797) (Variante 797),https://media.designsaimari.com/products/cms3hfr7i00kip601xzyqt1ov/preview.jpg?variante=797
AIM-P014-798,Designs Aimari,14,AIM-P014-798.jpg,Sport Verde (Variante 798) (Variante 798),https://media.designsaimari.com/products/cms3fdbul00cpmt01mc7axalm/preview.jpg?variante=798
AIM-P014-799,Designs Aimari,14,AIM-P014-799.jpg,Argelia Mundial 2026 (Variante 799) (Variante 799),https://media.designsaimari.com/products/cms3ec5rj0athjf01wfkvcjzq/previews/1785258627879-f95a5ee1-3310-4ec2-82e2-ff1c95e21b29.jpg?variante=799
AIM-P014-800,Designs Aimari,14,AIM-P014-800.png,Juniors Lion (Variante 800) (Variante 800),https://media.designsaimari.com/products/cms3cns4t09wcjf01uoqoory9/preview.png?variante=800
AIM-P014-801,Designs Aimari,14,AIM-P014-801.jpg,Guadalcacin Blue (Variante 801) (Variante 801),https://media.designsaimari.com/products/cmsak7fn30l21np01zwgewh86/previews/1785600117219-5d6524ef-6818-4bc4-adfc-e7b18cf1879c.jpg?variante=801
AIM-P014-802,Designs Aimari,14,AIM-P014-802.jpg,Argentina Drexx (Variante 802) (Variante 802),https://media.designsaimari.com/products/cmsaibco10koxnp01tazeaomx/previews/1785596944633-4145288c-feda-44b0-8a09-ec6e43657692.jpg?variante=802
AIM-P014-803,Designs Aimari,14,AIM-P014-803.jpg,Ballbreakers DUO Kit (Variante 803) (Variante 803),https://media.designsaimari.com/products/cms9vwm0p0ibxpc01anhrzy2i/previews/1785559301285-bc3edbc9-9a8b-4589-b622-2b336c039461.jpg?variante=803
AIM-P014-804,Designs Aimari,14,AIM-P014-804.jpg,CRISTO CONVITERO MIXQUEÑO (Variante 804) (Variante 804),https://media.designsaimari.com/products/cms9hnwec0f6fnp01ioeq0fqd/previews/1785535382850-695a7d83-e5a0-4c01-b81a-b2f027847228.jpg?variante=804
AIM-P014-805,Designs Aimari,14,AIM-P014-805.jpg,Africa del Sur (Variante 805) (Variante 805),https://media.designsaimari.com/products/cms9hehwz0fgopc01wnm830ux/previews/1785534942474-7e7be854-ce32-4c81-bd61-c1bd7ba9e26f.jpg?variante=805
AIM-P014-806,Designs Aimari,14,AIM-P014-806.jpg,Senegal AFCON 2025 (Variante 806) (Variante 806),https://media.designsaimari.com/products/cms9h7pnh0fdtpc0127zbcpca/previews/1785534627438-5984abaf-b0ee-4111-8393-01aa79d816a9.jpg?variante=806
AIM-P014-807,Designs Aimari,14,AIM-P014-807.jpg,Jersey Blue And Red Sport (Variante 807) (Variante 807),https://media.designsaimari.com/products/cms9gsy0k0ex4np01jwy2ukxq/previews/1785533935986-564c723a-0d55-4b30-8698-3867f7ae3305.jpg?variante=807
AIM-P014-808,Designs Aimari,14,AIM-P014-808.jpg,Sport Red Dark GB (Variante 808) (Variante 808),https://media.designsaimari.com/products/cms9g214x0ejnnp01z4zgpt6s/previews/1785532681139-4c0217c8-7240-40e4-b04e-04ac03224f07.jpg?variante=808
AIM-P014-809,Designs Aimari,14,AIM-P014-809.jpg,River Plate 26-27 (Variante 809) (Variante 809),https://media.designsaimari.com/products/cms9f3zaq0e41np017jhwtf3e/previews/1785531091798-b7019670-a9f6-43c4-a5f4-ee4a45132fe5.jpg?variante=809
AIM-P014-810,Designs Aimari,14,AIM-P014-810.jpg,Deportivo Escolar (Variante 810) (Variante 810),https://media.designsaimari.com/products/cms9edtb80drhnp0187n9gm2k/previews/1785529871436-771503ae-69b4-4037-92e9-b2a2ef61a9ab.jpg?variante=810
AIM-P014-811,Designs Aimari,14,AIM-P014-811.jpg,CAJN Concept Lobo (Variante 811) (Variante 811),https://media.designsaimari.com/products/cms9dbhff0dfgnp018dtsv5to/previews/1785528082763-20b50ad8-3e61-4556-b929-dabb8cc136b5.jpg?variante=811
AIM-P014-812,Designs Aimari,14,AIM-P014-812.jpg,MANTO rashguard (Variante 812) (Variante 812),https://media.designsaimari.com/products/cms9criyd0d4hnp01o0u9cbcn/previews/1785527151433-1febca0c-04e8-4039-b9be-79f487b5c67a.jpg?variante=812
AIM-P014-813,Designs Aimari,14,AIM-P014-813.jpg,Sport Grunge Amarillo (Variante 813) (Variante 813),https://media.designsaimari.com/products/cms9cjdq20d0nnp01i0tgatih/previews/1785526772019-9b5c91f8-ac1c-430d-92ed-ed9f7b4a1490.jpg?variante=813
AIM-P014-814,Designs Aimari,14,AIM-P014-814.jpg,Jersey Sport Coral (Variante 814) (Variante 814),https://media.designsaimari.com/products/cms9bz4fz0cq2np01f1uzqveh/previews/1785525826105-d454807c-ee57-4fe6-ac02-25e27bce8c33.jpg?variante=814
AIM-P014-815,Designs Aimari,14,AIM-P014-815.jpg,San Lorenzo Cuervo Rojo (Variante 815) (Variante 815),https://media.designsaimari.com/products/cms9azmwb0cy6pc01bfvgm460/previews/1785524170846-79dbdbbe-d3d4-4626-b193-f9f08603dd02.jpg?variante=815
AIM-P014-816,Designs Aimari,14,AIM-P014-816.jpg,Inter Milan 2026-2027 (Variante 816) (Variante 816),https://media.designsaimari.com/products/cms9a5uj50c7xpc01xf543rvt/previews/1785522780738-5e461cdc-8a43-45b8-a490-05cc8ec65832.jpg?variante=816
AIM-P014-817,Designs Aimari,14,AIM-P014-817.jpg,Sports Design Red (Variante 817) (Variante 817),https://media.designsaimari.com/products/cms99tfra0bxanp01y4ehyk9r/previews/1785522201735-2ad8d531-9e77-4c17-8c72-dd58ed291739.jpg?variante=817
AIM-P014-818,Designs Aimari,14,AIM-P014-818.jpg,Enmanuel F.C Herraientas (Variante 818) (Variante 818),https://media.designsaimari.com/products/cms99fxon0bubpc01zjuz274e/previews/1785521572161-e20c7037-a51d-40d7-93c2-88e9e1570605.jpg?variante=818
AIM-P014-819,Designs Aimari,14,AIM-P014-819.jpg,Guardian del Camino Design (Variante 819) (Variante 819),https://media.designsaimari.com/products/cms97b8tm0b3ipc01vwko8rej/previews/1785517995841-ce572dd6-7dae-4cfc-9f95-8148e49de387.jpg?variante=819
AIM-P014-820,Designs Aimari,14,AIM-P014-820.jpg,Deportivo Red (Variante 820) (Variante 820),https://media.designsaimari.com/products/cms96t50e0aownp01ad8227x3/previews/1785517154513-e1c027d5-6771-444f-9687-9e777224b7c3.jpg?variante=820
AIM-P014-821,Designs Aimari,14,AIM-P014-821.jpg,Bélgica Concept (Variante 821) (Variante 821),https://media.designsaimari.com/products/cms94pmfs09s0pc01ugxxpvd5/previews/1785513633055-ab4438ce-f216-48b2-9d36-22b7f66eaf89.jpg?variante=821
AIM-P014-822,Designs Aimari,14,AIM-P014-822.jpg,Manchester City Home (Variante 822) (Variante 822),https://media.designsaimari.com/products/cms940eao0982np01i29okyem/previews/1785512825647-cafc3e51-e705-4c8c-8223-dd920fff368b.jpg?variante=822
AIM-P014-823,Designs Aimari,14,AIM-P014-823.png,Trazo Abstracto (Variante 823) (Variante 823),https://media.designsaimari.com/products/cms93qs6o08yynp01mgwvxk4n/previews/1785512000536-20c08dd1-6411-41f9-8dc3-b623e7c5234d.png?variante=823
AIM-P014-824,Designs Aimari,14,AIM-P014-824.jpg,Jersey Grunge Concept (Variante 824) (Variante 824),https://media.designsaimari.com/products/cms92qc5t08fqnp018mt35idk/previews/1785510301382-af6ba113-74c3-440b-92e8-27fe3814aa49.jpg?variante=824
AIM-P014-825,Designs Aimari,14,AIM-P014-825.jpg,Manchas Sports azul (Variante 825) (Variante 825),https://media.designsaimari.com/products/cms90fq2v0786np013u2bukxl/previews/1785506445256-faa084d5-e84a-4930-9072-0bb4552c20e8.jpg?variante=825
AIM-P014-826,Designs Aimari,14,AIM-P014-826.jpg,Maradona Futbol (Variante 826) (Variante 826),https://media.designsaimari.com/products/cms8zq95a06vnnp01gu2yydf4/previews/1785505267008-e18e441e-47e8-4139-bcd4-da99f00f06b2.jpg?variante=826
AIM-P014-827,Designs Aimari,14,AIM-P014-827.jpg,Bélgica Flamas Concept 2026 (Variante 827) (Variante 827),https://media.designsaimari.com/products/cms8z3hnk06oynp01d5j2rpdx/previews/1785504195975-61c6bad8-5412-433e-820e-0ce5deaaf95b.jpg?variante=827
AIM-P014-828,Designs Aimari,14,AIM-P014-828.jpg,Geometrico Blue Calabera (Variante 828) (Variante 828),https://media.designsaimari.com/products/cms8y1zo606q4pc01xhxpx1yi/previews/1785502445330-f5011dc5-7fb6-44e7-9c7b-3da2b7f15292.jpg?variante=828
AIM-P014-829,Designs Aimari,14,AIM-P014-829.jpg,LUFFY SPORT AURA (Variante 829) (Variante 829),https://media.designsaimari.com/products/cms824ksb021kpc01n31o8tqw/previews/1785448819218-4444f8d9-6efd-45cb-9247-61fd9e492f00.jpg?variante=829
AIM-P014-830,Designs Aimari,14,AIM-P014-830.jpg,Sports Relámpago (Variante 830) (Variante 830),https://media.designsaimari.com/products/cms81fwyn01aanp019kltkiy5/previews/1785447668262-f074b00c-e3af-4048-b275-71155e26ebf2.jpg?variante=830
AIM-P014-831,Designs Aimari,14,AIM-P014-831.jpg,Garra de Tigre (Variante 831) (Variante 831),https://media.designsaimari.com/products/cms81ada501okpc014xkplzwm/previews/1785447408985-7731acc6-72ad-4a04-80a8-a959a136b2da.jpg?variante=831
AIM-P014-832,Designs Aimari,14,AIM-P014-832.jpg,Jambados FC (Variante 832) (Variante 832),https://media.designsaimari.com/products/cms7zc0aa00kipc01yn4a6n8h/previews/1785444127140-10ca6913-c2ea-4bd6-81d4-94de37564154.jpg?variante=832
AIM-P014-833,Designs Aimari,14,AIM-P014-833.jpg,Barcelona Fc (Variante 833) (Variante 833),https://media.designsaimari.com/products/cms7xzpey005fr10191ykk3ay/previews/1785441872637-18bece46-60d8-4d36-8aa6-ded9ecf84956.jpg?variante=833
AIM-P014-834,Designs Aimari,14,AIM-P014-834.png,Argentina Gold (Variante 834) (Variante 834),https://media.designsaimari.com/products/cms7xuk8v009fpi016bqcryil/previews/1785441650004-141a35ba-d7b8-4ee1-ba3c-4d9e8239c6fb.png?variante=834
AIM-P014-835,Designs Aimari,14,AIM-P014-835.jpg,Lines Sport (Variante 835) (Variante 835),https://media.designsaimari.com/products/cms7xfina000gpi01n34d4ktc/previews/1785440930726-e0ff23ec-73f9-4f8f-a006-99f2270935b3.jpg?variante=835
AIM-P014-836,Designs Aimari,14,AIM-P014-836.jpg,Pointillizer Blue (Variante 836) (Variante 836),https://media.designsaimari.com/products/cms7x2mjr0039p8010dovi18a/previews/1785440331953-d0afacb8-7f53-4463-9658-38caf1c6446d.jpg?variante=836
AIM-P014-837,Designs Aimari,14,AIM-P014-837.jpg,ATLÉTICO GRAU 2026 (Variante 837) (Variante 837),https://media.designsaimari.com/products/cms7vfx8e02tfns01uy0vjfdd/previews/1785437590480-8a7c91b9-aad3-4c66-b9d2-a97ece5f786a.jpg?variante=837
AIM-P014-838,Designs Aimari,14,AIM-P014-838.jpg,Forta Run Fest (Variante 838) (Variante 838),https://media.designsaimari.com/products/cms7sagtq01iwp3015sz16e4u/previews/1785432297120-34035a0c-63ac-4478-9953-e93d1559c9c8.jpg?variante=838
AIM-P014-839,Designs Aimari,14,AIM-P014-839.jpg,Capitana Carter (Variante 839) (Variante 839),https://media.designsaimari.com/products/cms7rl7uj00ylp301dvop4ezf/previews/1785431118982-3003fbc1-ec56-4c42-b835-660ef8f95f88.jpg?variante=839
AIM-P014-840,Designs Aimari,14,AIM-P014-840.jpg,CS Cartaginés 2026-2027 Away (Variante 840) (Variante 840),https://media.designsaimari.com/products/cms7re95c00vbp30128mdjkf8/previews/1785430794965-c8f52fca-1d04-4374-bfb1-cb2d65c7ccd2.jpg?variante=840
AIM-P015-841,Designs Aimari,15,AIM-P015-841.jpg,Jersey Escolar (Variante 841) (Variante 841),https://media.designsaimari.com/products/cms7rbfdx00tmp30168dnxqg4/previews/1785430663647-55a84c1b-31c7-44b8-a5a6-272d868da4f1.jpg?variante=841
AIM-P015-842,Designs Aimari,15,AIM-P015-842.jpg,Monte de Sion Gris (Variante 842) (Variante 842),https://media.designsaimari.com/products/cms7pttah01n0ny0174qyikss/previews/1785428161331-191ca451-7401-4da2-b8b9-77906be801ff.jpg?variante=842
AIM-P015-843,Designs Aimari,15,AIM-P015-843.jpg,Juventus Concepto Versace (Variante 843) (Variante 843),https://media.designsaimari.com/products/cms7pi3vh0186ny018fb7t1iz/previews/1785427614642-39318fe2-e1f2-441d-9f1f-daae1d86d223.jpg?variante=843
AIM-P015-844,Designs Aimari,15,AIM-P015-844.jpg,Warrior Sports (Variante 844) (Variante 844),https://media.designsaimari.com/products/cms7p7dma01lkpg01i8o5fvg5/previews/1785427134175-43a67230-1875-4b21-be34-ffe6b3f2c5c7.jpg?variante=844
AIM-P015-845,Designs Aimari,15,AIM-P015-845.jpg,Jersey Samurai (Variante 845) (Variante 845),https://media.designsaimari.com/products/cms7kx3n600iypi01c8t7yea0/previews/1785419918609-00322c72-bbf3-48a1-9623-ca01ab4d77e9.jpg?variante=845
AIM-P015-846,Designs Aimari,15,AIM-P015-846.jpg,Cañeras Sports Degrade (Variante 846) (Variante 846),https://media.designsaimari.com/products/cms7kfsz30avbpb01qpta3sfz/previews/1785419114787-6d256c10-fc70-4a1d-8643-f9f8e10fb7f5.jpg?variante=846
AIM-P015-847,Designs Aimari,15,AIM-P015-847.png,Deportivo Antigua GFC (Variante 847) (Variante 847),https://media.designsaimari.com/products/cms7k4tj90aptpb010rtwilij/previews/1785418626267-0c7dfd90-cbd4-4d79-9e67-79645d732235.png?variante=847
AIM-P015-848,Designs Aimari,15,AIM-P015-848.jpg,Atlante  FC 26-27 (Variante 848) (Variante 848),https://media.designsaimari.com/products/cms6mm9ea0545tg01p616n1c4/previews/1785362303699-d874076e-e00b-4cc4-8cc6-c90e7ca16494.jpg?variante=848
AIM-P015-849,Designs Aimari,15,AIM-P015-849.jpg,Sports Grunge Purple (Variante 849) (Variante 849),https://media.designsaimari.com/products/cms6lu54a04p9tg01zmrciwp9/previews/1785360993178-474bd586-7796-453c-98da-87cbc9ab6f01.jpg?variante=849
AIM-P015-850,Designs Aimari,15,AIM-P015-850.jpg,Jersey España Neón (Variante 850) (Variante 850),https://media.designsaimari.com/products/cms6ldepr04lipb01d4152pfh/previews/1785360212645-9f86be59-cbd6-44f4-b2f0-113f81ccdebe.jpg?variante=850
AIM-P015-851,Designs Aimari,15,AIM-P015-851.jpg,Manchester United Dark Red Diamond (Variante 851) (Variante 851),https://media.designsaimari.com/products/cms6kq4rj044apb014gmzlh0g/previews/1785359124711-f9971bd6-94a3-438a-b443-ba09259c368a.jpg?variante=851
AIM-P015-852,Designs Aimari,15,AIM-P015-852.jpg,PSG Jordan Billion Blue (Variante 852) (Variante 852),https://media.designsaimari.com/products/cms6k4o8s03xptg016lv4arxs/previews/1785358123669-286bd7b0-361c-49dd-8e53-2fac012e322d.jpg?variante=852
AIM-P015-853,Designs Aimari,15,AIM-P015-853.jpg,Club Sport Cartaginés (Variante 853) (Variante 853),https://media.designsaimari.com/products/cms6k1dlz03uvpb01zrl5sw9r/previews/1785357972965-018081e4-490e-4a38-9077-3300825bc467.jpg?variante=853
AIM-P015-854,Designs Aimari,15,AIM-P015-854.jpg,Paris Saint Germain (Variante 854) (Variante 854),https://media.designsaimari.com/products/cms6gq7wl0291pb01dsokkrnn/previews/1785352411290-5c1c6983-b3f4-4c1d-b44c-360412ba3b02.jpg?variante=854
AIM-P015-855,Designs Aimari,15,AIM-P015-855.jpg,GEOMETRICA SPORT (Variante 855) (Variante 855),https://media.designsaimari.com/products/cms6ghnrd0256pb01o3x7xzkt/previews/1785352010971-f788de30-c596-400a-99a3-af0748cd8094.jpg?variante=855
AIM-P015-856,Designs Aimari,15,AIM-P015-856.jpg,Guatemala 2026 (Variante 856) (Variante 856),https://media.designsaimari.com/products/cms6eb7cn00vmpb01ntvqtwhs/previews/1785348350978-0dfb00e0-22a2-4720-a8d7-81f51cbd427f.jpg?variante=856
AIM-P015-857,Designs Aimari,15,AIM-P015-857.jpg,Guatemala 2026-2027 Home (Variante 857) (Variante 857),https://media.designsaimari.com/products/cms6cghhf009lo901ltt2ti5j/previews/1785345238271-a08c7dc9-7c65-4f40-89cd-7550aad2e50d.jpg?variante=857
AIM-P015-858,Designs Aimari,15,AIM-P015-858.jpg,Independiente Medellín (Variante 858) (Variante 858),https://media.designsaimari.com/products/cms6c239y002so90140t3hsbv/previews/1785344567018-468c45fa-8239-4ca7-8315-1769e57b2c7b.jpg?variante=858
AIM-P015-859,Designs Aimari,15,AIM-P015-859.jpg,Wonder Woman (Variante 859) (Variante 859),https://media.designsaimari.com/products/cms6b94uc000cqs01w0ted3ar/previews/1785343215271-b32e6b63-b6b0-4902-94c6-49b22af434a1.jpg?variante=859
AIM-P015-860,Designs Aimari,15,AIM-P015-860.jpg,C. Deportivo Ferrocarril Fans 2026 (Variante 860) (Variante 860),https://media.designsaimari.com/products/cms6a4guc00bxs801axq5q8f2/previews/1785341319944-12145ecd-7777-40c6-b0d1-a8fce25f5169.jpg?variante=860
AIM-P015-861,Designs Aimari,15,AIM-P015-861.jpg,Gladeador Black Sports (Variante 861) (Variante 861),https://media.designsaimari.com/products/cms69jrtx003ms801dwqyjcdn/previews/1785402791807-bf0c4cd6-2e49-41e7-8f77-7345606ec4ff.jpg?variante=861
AIM-P015-862,Designs Aimari,15,AIM-P015-862.jpg,Águila Concept (Variante 862) (Variante 862),https://media.designsaimari.com/products/cms68vqq10009l2019rpohle2/previews/1785339231947-dd8b2a70-2a71-4f4d-aec3-db42063fcc54.jpg?variante=862
AIM-P015-863,Designs Aimari,15,AIM-P015-863.jpg,Zabdi FC (Variante 863) (Variante 863),https://media.designsaimari.com/products/cms68l6dx080xqp01yl60g4u7/previews/1785338738658-055407a9-33ea-431b-be41-caba7b5a44bf.jpg?variante=863
AIM-P015-864,Designs Aimari,15,AIM-P015-864.jpg,SAN MARTÍN DE TUCUMÁN (Variante 864) (Variante 864),https://media.designsaimari.com/products/cms68glhk08jsn101jtgdulci/previews/1785338524392-c806424c-7a0e-4cb5-b042-a903c5cd9de4.jpg?variante=864
AIM-P015-865,Designs Aimari,15,AIM-P015-865.jpg,Sporting Royal Green GEO (Variante 865) (Variante 865),https://media.designsaimari.com/products/cms67xs3y08e7n101c0r9yupy/previews/1785337646562-f191df0a-f656-4e33-87aa-72458475e8f0.jpg?variante=865
AIM-P015-866,Designs Aimari,15,AIM-P015-866.jpg,Pattern Geometrico Morado (Variante 866) (Variante 866),https://media.designsaimari.com/products/cms673zfs076rqp01j3r73icj/previews/1785336256564-602c9738-89fb-4f42-aa91-52d0da44ccdc.jpg?variante=866
AIM-P015-867,Designs Aimari,15,AIM-P015-867.jpg,Atlético de San Luis Local 202627 (Variante 867) (Variante 867),https://media.designsaimari.com/products/cms670af80732qp01rpfkqmnk/previews/1785336084213-b6a17519-169f-4b0f-b66e-ed32b2f78577.jpg?variante=867
AIM-P015-868,Designs Aimari,15,AIM-P015-868.jpg,Jersey Tiger Patron (Variante 868) (Variante 868),https://media.designsaimari.com/products/cms66yvem07o5n101p1tov980/previews/1785336018069-59f62ce3-8640-4ee6-91e4-6074ee8d43d4.gif?variante=868
AIM-P015-869,Designs Aimari,15,AIM-P015-869.jpg,Sports Colors (Variante 869) (Variante 869),https://media.designsaimari.com/products/cms65ipoy070sn101hirr3h5t/previews/1785333584371-c6156381-f930-4eb0-ae2e-adcbf8312b33.jpg?variante=869
AIM-P015-870,Designs Aimari,15,AIM-P015-870.jpg,Pointillizer Celeste (Variante 870) (Variante 870),https://media.designsaimari.com/products/cms64lf8u06mmn101x3ek9omp/previews/1785332031129-e11ed45c-9c6b-4ac6-a6a5-9b7cfdbae487.jpg?variante=870
AIM-P015-871,Designs Aimari,15,AIM-P015-871.jpg,Barca Spider Man 2026 (Variante 871) (Variante 871),https://media.designsaimari.com/products/cms5zyjfd04xgqp01vsyfxgea/previews/1785324244971-2156220d-52b6-45c4-9a13-b6b73ce558ac.jpg?variante=871
AIM-P015-872,Designs Aimari,15,AIM-P015-872.jpg,Watford Goalkeeper Home Kit 26-27 (Variante 872) (Variante 872),https://media.designsaimari.com/products/cms5auiip01huqp01gr1i6ine/previews/1785282067322-c5919906-c4ce-4044-a0c2-4cb851cf66bc.jpg?variante=872
AIM-P015-873,Designs Aimari,15,AIM-P015-873.jpg,Comunicaciones FC Local 2026-27 (Variante 873) (Variante 873),https://media.designsaimari.com/products/cms57287200lzn1011v7cyzpx/previews/1785430564281-d87994b2-e034-4e27-b14b-1cbffffd0ee2.jpg?variante=873
AIM-P015-874,Designs Aimari,15,AIM-P015-874.jpg,Comunicaciones FC Thirt 26-27 (Variante 874) (Variante 874),https://media.designsaimari.com/products/cms56v6bf00amqp01mb3dwhcj/previews/1785275379156-29934ad5-641d-4c0d-b346-f45d4c2fa2a8.jpg?variante=874
AIM-P015-875,Designs Aimari,15,AIM-P015-875.jpg,Real Juventud (Variante 875) (Variante 875),https://media.designsaimari.com/products/cms56gwgb00cxn101bw0xe2hp/previews/1785274713179-ab1ade0d-829f-46b1-af42-d7640c575690.jpg?variante=875
AIM-P015-876,Designs Aimari,15,AIM-P015-876.jpg,Voley Gradient (Variante 876) (Variante 876),https://media.designsaimari.com/products/cms5489ze03y7qm01wgbxszwc/previews/1785270951912-7a8b5ae9-45fc-46ef-87a9-34b539720d4a.jpg?variante=876
AIM-P015-877,Designs Aimari,15,AIM-P015-877.jpg,PAISES BAJOS 1988 (Variante 877) (Variante 877),https://media.designsaimari.com/products/cms53f9zr03igmw01b0u5mxid/previews/1785269599432-3d710c81-20a4-43fc-a717-ccb9134ee0d7.jpg?variante=877
AIM-P015-878,Designs Aimari,15,AIM-P015-878.jpg,Geometric Concept Celeste (Variante 878) (Variante 878),https://media.designsaimari.com/products/cms52sxqd035nmw01eclwc10l/previews/1785268556247-8b159daa-a9ea-4f8a-ac3b-89f9899835ca.jpg?variante=878
AIM-P015-879,Designs Aimari,15,AIM-P015-879.png,Electric Design (Variante 879) (Variante 879),https://media.designsaimari.com/products/cms4vt1i100kcp701r85lz727/preview.png?variante=879
AIM-P015-880,Designs Aimari,15,AIM-P015-880.jpg,Interclasse Leon Fuego (Variante 880) (Variante 880),https://media.designsaimari.com/products/cms4vf0q6006ppe01x7dzvq2n/preview.jpg?variante=880
AIM-P015-881,Designs Aimari,15,AIM-P015-881.jpg,Señora del Rosario (Variante 881) (Variante 881),https://media.designsaimari.com/products/cms4ux0f203ijrz01635guqjy/preview.jpg?variante=881
AIM-P015-882,Designs Aimari,15,AIM-P015-882.jpg,ISLANDIA 2026 (Variante 882) (Variante 882),https://media.designsaimari.com/products/cms4skl8e00ndlj01axe461k3/preview.jpg?variante=882
AIM-P015-883,Designs Aimari,15,AIM-P015-883.jpg,Night Light Runners (Variante 883) (Variante 883),https://media.designsaimari.com/products/cms4s5gae00gll201sqn4q2xo/preview.jpg?variante=883
AIM-P015-884,Designs Aimari,15,AIM-P015-884.jpg,Juego de Tronos (Variante 884) (Variante 884),https://media.designsaimari.com/products/cms4qksi007qnly01ileq6vb5/preview.jpg?variante=884
AIM-P015-885,Designs Aimari,15,AIM-P015-885.jpg,Barcelona SC 101 Años (Variante 885) (Variante 885),https://media.designsaimari.com/products/cms3u309l00jsly010aqael18/preview.jpg?variante=885
AIM-P015-886,Designs Aimari,15,AIM-P015-886.jpg,Huracan Concept (Variante 886) (Variante 886),https://media.designsaimari.com/products/cms3t163w002lls01gmld4qjl/preview.jpg?variante=886
AIM-P015-887,Designs Aimari,15,AIM-P015-887.jpg,Sporting Azul (Variante 887) (Variante 887),https://media.designsaimari.com/products/cms3sbb77001zjn01fi5frbw5/preview.jpg?variante=887
AIM-P015-888,Designs Aimari,15,AIM-P015-888.jpg,RAYO CONCEPT (Variante 888) (Variante 888),https://media.designsaimari.com/products/cms3s2js4045po301bl8epxuk/preview.jpg?variante=888
AIM-P015-889,Designs Aimari,15,AIM-P015-889.jpg,BasketBall Fenix Pink Concept (Variante 889) (Variante 889),https://media.designsaimari.com/products/cms3riwsz0496ml014p83a3te/preview.jpg?variante=889
AIM-P015-890,Designs Aimari,15,AIM-P015-890.jpg,Night light (Variante 890) (Variante 890),https://media.designsaimari.com/products/cms3qq12z03noml01xouahq5b/preview.jpg?variante=890
AIM-P015-891,Designs Aimari,15,AIM-P015-891.jpg,Jersey Taller (Variante 891) (Variante 891),https://media.designsaimari.com/products/cms3nv3ua022mml01iegn90wf/preview.jpg?variante=891
AIM-P015-892,Designs Aimari,15,AIM-P015-892.jpg,Wayyu Design Abstract (Variante 892) (Variante 892),https://media.designsaimari.com/products/cms3mcnqr01e3o301omku0bn3/preview.jpg?variante=892
AIM-P015-893,Designs Aimari,15,AIM-P015-893.jpg,Hexagono Sports (Variante 893) (Variante 893),https://media.designsaimari.com/products/cms3lhw9l0129ml016pfgt7gt/preview.jpg?variante=893
AIM-P015-894,Designs Aimari,15,AIM-P015-894.png,Pointillizer concept blue (Variante 894) (Variante 894),https://media.designsaimari.com/products/cms3kn9sk00gqml013x97i7ex/preview.png?variante=894
AIM-P015-895,Designs Aimari,15,AIM-P015-895.jpg,Deportivo Neon Bicolor (Variante 895) (Variante 895),https://media.designsaimari.com/products/cms3jhlss01nhpb01k2gurgnb/preview.jpg?variante=895
AIM-P015-896,Designs Aimari,15,AIM-P015-896.jpg,Argentina Rosas Blue (Variante 896) (Variante 896),https://media.designsaimari.com/products/cms3ifr9m012apb011n0tvmx8/preview.jpg?variante=896
AIM-P015-897,Designs Aimari,15,AIM-P015-897.jpg,Federación Ovetense (Variante 897) (Variante 897),https://media.designsaimari.com/products/cms3hfr7i00kip601xzyqt1ov/preview.jpg?variante=897
AIM-P015-898,Designs Aimari,15,AIM-P015-898.jpg,Sport Verde (Variante 898) (Variante 898),https://media.designsaimari.com/products/cms3fdbul00cpmt01mc7axalm/preview.jpg?variante=898
AIM-P015-899,Designs Aimari,15,AIM-P015-899.jpg,Argelia Mundial 2026 (Variante 899) (Variante 899),https://media.designsaimari.com/products/cms3ec5rj0athjf01wfkvcjzq/previews/1785258627879-f95a5ee1-3310-4ec2-82e2-ff1c95e21b29.jpg?variante=899
AIM-P015-900,Designs Aimari,15,AIM-P015-900.png,Juniors Lion (Variante 900) (Variante 900),https://media.designsaimari.com/products/cms3cns4t09wcjf01uoqoory9/preview.png?variante=900
AIM-P016-901,Designs Aimari,16,AIM-P016-901.jpg,Guadalcacin Blue (Variante 901) (Variante 901),https://media.designsaimari.com/products/cmsak7fn30l21np01zwgewh86/previews/1785600117219-5d6524ef-6818-4bc4-adfc-e7b18cf1879c.jpg?variante=901
AIM-P016-902,Designs Aimari,16,AIM-P016-902.jpg,Argentina Drexx (Variante 902) (Variante 902),https://media.designsaimari.com/products/cmsaibco10koxnp01tazeaomx/previews/1785596944633-4145288c-feda-44b0-8a09-ec6e43657692.jpg?variante=902
AIM-P016-903,Designs Aimari,16,AIM-P016-903.jpg,Ballbreakers DUO Kit (Variante 903) (Variante 903),https://media.designsaimari.com/products/cms9vwm0p0ibxpc01anhrzy2i/previews/1785559301285-bc3edbc9-9a8b-4589-b622-2b336c039461.jpg?variante=903
AIM-P016-904,Designs Aimari,16,AIM-P016-904.jpg,CRISTO CONVITERO MIXQUEÑO (Variante 904) (Variante 904),https://media.designsaimari.com/products/cms9hnwec0f6fnp01ioeq0fqd/previews/1785535382850-695a7d83-e5a0-4c01-b81a-b2f027847228.jpg?variante=904
AIM-P016-905,Designs Aimari,16,AIM-P016-905.jpg,Africa del Sur (Variante 905) (Variante 905),https://media.designsaimari.com/products/cms9hehwz0fgopc01wnm830ux/previews/1785534942474-7e7be854-ce32-4c81-bd61-c1bd7ba9e26f.jpg?variante=905
AIM-P016-906,Designs Aimari,16,AIM-P016-906.jpg,Senegal AFCON 2025 (Variante 906) (Variante 906),https://media.designsaimari.com/products/cms9h7pnh0fdtpc0127zbcpca/previews/1785534627438-5984abaf-b0ee-4111-8393-01aa79d816a9.jpg?variante=906
AIM-P016-907,Designs Aimari,16,AIM-P016-907.jpg,Jersey Blue And Red Sport (Variante 907) (Variante 907),https://media.designsaimari.com/products/cms9gsy0k0ex4np01jwy2ukxq/previews/1785533935986-564c723a-0d55-4b30-8698-3867f7ae3305.jpg?variante=907
AIM-P016-908,Designs Aimari,16,AIM-P016-908.jpg,Sport Red Dark GB (Variante 908) (Variante 908),https://media.designsaimari.com/products/cms9g214x0ejnnp01z4zgpt6s/previews/1785532681139-4c0217c8-7240-40e4-b04e-04ac03224f07.jpg?variante=908
AIM-P016-909,Designs Aimari,16,AIM-P016-909.jpg,River Plate 26-27 (Variante 909) (Variante 909),https://media.designsaimari.com/products/cms9f3zaq0e41np017jhwtf3e/previews/1785531091798-b7019670-a9f6-43c4-a5f4-ee4a45132fe5.jpg?variante=909
AIM-P016-910,Designs Aimari,16,AIM-P016-910.jpg,Deportivo Escolar (Variante 910) (Variante 910),https://media.designsaimari.com/products/cms9edtb80drhnp0187n9gm2k/previews/1785529871436-771503ae-69b4-4037-92e9-b2a2ef61a9ab.jpg?variante=910
AIM-P016-911,Designs Aimari,16,AIM-P016-911.jpg,CAJN Concept Lobo (Variante 911) (Variante 911),https://media.designsaimari.com/products/cms9dbhff0dfgnp018dtsv5to/previews/1785528082763-20b50ad8-3e61-4556-b929-dabb8cc136b5.jpg?variante=911
AIM-P016-912,Designs Aimari,16,AIM-P016-912.jpg,MANTO rashguard (Variante 912) (Variante 912),https://media.designsaimari.com/products/cms9criyd0d4hnp01o0u9cbcn/previews/1785527151433-1febca0c-04e8-4039-b9be-79f487b5c67a.jpg?variante=912
AIM-P016-913,Designs Aimari,16,AIM-P016-913.jpg,Sport Grunge Amarillo (Variante 913) (Variante 913),https://media.designsaimari.com/products/cms9cjdq20d0nnp01i0tgatih/previews/1785526772019-9b5c91f8-ac1c-430d-92ed-ed9f7b4a1490.jpg?variante=913
AIM-P016-914,Designs Aimari,16,AIM-P016-914.jpg,Jersey Sport Coral (Variante 914) (Variante 914),https://media.designsaimari.com/products/cms9bz4fz0cq2np01f1uzqveh/previews/1785525826105-d454807c-ee57-4fe6-ac02-25e27bce8c33.jpg?variante=914
AIM-P016-915,Designs Aimari,16,AIM-P016-915.jpg,San Lorenzo Cuervo Rojo (Variante 915) (Variante 915),https://media.designsaimari.com/products/cms9azmwb0cy6pc01bfvgm460/previews/1785524170846-79dbdbbe-d3d4-4626-b193-f9f08603dd02.jpg?variante=915
AIM-P016-916,Designs Aimari,16,AIM-P016-916.jpg,Inter Milan 2026-2027 (Variante 916) (Variante 916),https://media.designsaimari.com/products/cms9a5uj50c7xpc01xf543rvt/previews/1785522780738-5e461cdc-8a43-45b8-a490-05cc8ec65832.jpg?variante=916
AIM-P016-917,Designs Aimari,16,AIM-P016-917.jpg,Sports Design Red (Variante 917) (Variante 917),https://media.designsaimari.com/products/cms99tfra0bxanp01y4ehyk9r/previews/1785522201735-2ad8d531-9e77-4c17-8c72-dd58ed291739.jpg?variante=917
AIM-P016-918,Designs Aimari,16,AIM-P016-918.jpg,Enmanuel F.C Herraientas (Variante 918) (Variante 918),https://media.designsaimari.com/products/cms99fxon0bubpc01zjuz274e/previews/1785521572161-e20c7037-a51d-40d7-93c2-88e9e1570605.jpg?variante=918
AIM-P016-919,Designs Aimari,16,AIM-P016-919.jpg,Guardian del Camino Design (Variante 919) (Variante 919),https://media.designsaimari.com/products/cms97b8tm0b3ipc01vwko8rej/previews/1785517995841-ce572dd6-7dae-4cfc-9f95-8148e49de387.jpg?variante=919
AIM-P016-920,Designs Aimari,16,AIM-P016-920.jpg,Deportivo Red (Variante 920) (Variante 920),https://media.designsaimari.com/products/cms96t50e0aownp01ad8227x3/previews/1785517154513-e1c027d5-6771-444f-9687-9e777224b7c3.jpg?variante=920
AIM-P016-921,Designs Aimari,16,AIM-P016-921.jpg,Bélgica Concept (Variante 921) (Variante 921),https://media.designsaimari.com/products/cms94pmfs09s0pc01ugxxpvd5/previews/1785513633055-ab4438ce-f216-48b2-9d36-22b7f66eaf89.jpg?variante=921
AIM-P016-922,Designs Aimari,16,AIM-P016-922.jpg,Manchester City Home (Variante 922) (Variante 922),https://media.designsaimari.com/products/cms940eao0982np01i29okyem/previews/1785512825647-cafc3e51-e705-4c8c-8223-dd920fff368b.jpg?variante=922
AIM-P016-923,Designs Aimari,16,AIM-P016-923.png,Trazo Abstracto (Variante 923) (Variante 923),https://media.designsaimari.com/products/cms93qs6o08yynp01mgwvxk4n/previews/1785512000536-20c08dd1-6411-41f9-8dc3-b623e7c5234d.png?variante=923
AIM-P016-924,Designs Aimari,16,AIM-P016-924.jpg,Jersey Grunge Concept (Variante 924) (Variante 924),https://media.designsaimari.com/products/cms92qc5t08fqnp018mt35idk/previews/1785510301382-af6ba113-74c3-440b-92e8-27fe3814aa49.jpg?variante=924
AIM-P016-925,Designs Aimari,16,AIM-P016-925.jpg,Manchas Sports azul (Variante 925) (Variante 925),https://media.designsaimari.com/products/cms90fq2v0786np013u2bukxl/previews/1785506445256-faa084d5-e84a-4930-9072-0bb4552c20e8.jpg?variante=925
AIM-P016-926,Designs Aimari,16,AIM-P016-926.jpg,Maradona Futbol (Variante 926) (Variante 926),https://media.designsaimari.com/products/cms8zq95a06vnnp01gu2yydf4/previews/1785505267008-e18e441e-47e8-4139-bcd4-da99f00f06b2.jpg?variante=926
AIM-P016-927,Designs Aimari,16,AIM-P016-927.jpg,Bélgica Flamas Concept 2026 (Variante 927) (Variante 927),https://media.designsaimari.com/products/cms8z3hnk06oynp01d5j2rpdx/previews/1785504195975-61c6bad8-5412-433e-820e-0ce5deaaf95b.jpg?variante=927
AIM-P016-928,Designs Aimari,16,AIM-P016-928.jpg,Geometrico Blue Calabera (Variante 928) (Variante 928),https://media.designsaimari.com/products/cms8y1zo606q4pc01xhxpx1yi/previews/1785502445330-f5011dc5-7fb6-44e7-9c7b-3da2b7f15292.jpg?variante=928
AIM-P016-929,Designs Aimari,16,AIM-P016-929.jpg,LUFFY SPORT AURA (Variante 929) (Variante 929),https://media.designsaimari.com/products/cms824ksb021kpc01n31o8tqw/previews/1785448819218-4444f8d9-6efd-45cb-9247-61fd9e492f00.jpg?variante=929
AIM-P016-930,Designs Aimari,16,AIM-P016-930.jpg,Sports Relámpago (Variante 930) (Variante 930),https://media.designsaimari.com/products/cms81fwyn01aanp019kltkiy5/previews/1785447668262-f074b00c-e3af-4048-b275-71155e26ebf2.jpg?variante=930
AIM-P016-931,Designs Aimari,16,AIM-P016-931.jpg,Garra de Tigre (Variante 931) (Variante 931),https://media.designsaimari.com/products/cms81ada501okpc014xkplzwm/previews/1785447408985-7731acc6-72ad-4a04-80a8-a959a136b2da.jpg?variante=931
AIM-P016-932,Designs Aimari,16,AIM-P016-932.jpg,Jambados FC (Variante 932) (Variante 932),https://media.designsaimari.com/products/cms7zc0aa00kipc01yn4a6n8h/previews/1785444127140-10ca6913-c2ea-4bd6-81d4-94de37564154.jpg?variante=932
AIM-P016-933,Designs Aimari,16,AIM-P016-933.jpg,Barcelona Fc (Variante 933) (Variante 933),https://media.designsaimari.com/products/cms7xzpey005fr10191ykk3ay/previews/1785441872637-18bece46-60d8-4d36-8aa6-ded9ecf84956.jpg?variante=933
AIM-P016-934,Designs Aimari,16,AIM-P016-934.png,Argentina Gold (Variante 934) (Variante 934),https://media.designsaimari.com/products/cms7xuk8v009fpi016bqcryil/previews/1785441650004-141a35ba-d7b8-4ee1-ba3c-4d9e8239c6fb.png?variante=934
AIM-P016-935,Designs Aimari,16,AIM-P016-935.jpg,Lines Sport (Variante 935) (Variante 935),https://media.designsaimari.com/products/cms7xfina000gpi01n34d4ktc/previews/1785440930726-e0ff23ec-73f9-4f8f-a006-99f2270935b3.jpg?variante=935
AIM-P016-936,Designs Aimari,16,AIM-P016-936.jpg,Pointillizer Blue (Variante 936) (Variante 936),https://media.designsaimari.com/products/cms7x2mjr0039p8010dovi18a/previews/1785440331953-d0afacb8-7f53-4463-9658-38caf1c6446d.jpg?variante=936
AIM-P016-937,Designs Aimari,16,AIM-P016-937.jpg,ATLÉTICO GRAU 2026 (Variante 937) (Variante 937),https://media.designsaimari.com/products/cms7vfx8e02tfns01uy0vjfdd/previews/1785437590480-8a7c91b9-aad3-4c66-b9d2-a97ece5f786a.jpg?variante=937
AIM-P016-938,Designs Aimari,16,AIM-P016-938.jpg,Forta Run Fest (Variante 938) (Variante 938),https://media.designsaimari.com/products/cms7sagtq01iwp3015sz16e4u/previews/1785432297120-34035a0c-63ac-4478-9953-e93d1559c9c8.jpg?variante=938
AIM-P016-939,Designs Aimari,16,AIM-P016-939.jpg,Capitana Carter (Variante 939) (Variante 939),https://media.designsaimari.com/products/cms7rl7uj00ylp301dvop4ezf/previews/1785431118982-3003fbc1-ec56-4c42-b835-660ef8f95f88.jpg?variante=939
AIM-P016-940,Designs Aimari,16,AIM-P016-940.jpg,CS Cartaginés 2026-2027 Away (Variante 940) (Variante 940),https://media.designsaimari.com/products/cms7re95c00vbp30128mdjkf8/previews/1785430794965-c8f52fca-1d04-4374-bfb1-cb2d65c7ccd2.jpg?variante=940
AIM-P016-941,Designs Aimari,16,AIM-P016-941.jpg,Jersey Escolar (Variante 941) (Variante 941),https://media.designsaimari.com/products/cms7rbfdx00tmp30168dnxqg4/previews/1785430663647-55a84c1b-31c7-44b8-a5a6-272d868da4f1.jpg?variante=941
AIM-P016-942,Designs Aimari,16,AIM-P016-942.jpg,Monte de Sion Gris (Variante 942) (Variante 942),https://media.designsaimari.com/products/cms7pttah01n0ny0174qyikss/previews/1785428161331-191ca451-7401-4da2-b8b9-77906be801ff.jpg?variante=942
AIM-P016-943,Designs Aimari,16,AIM-P016-943.jpg,Juventus Concepto Versace (Variante 943) (Variante 943),https://media.designsaimari.com/products/cms7pi3vh0186ny018fb7t1iz/previews/1785427614642-39318fe2-e1f2-441d-9f1f-daae1d86d223.jpg?variante=943
AIM-P016-944,Designs Aimari,16,AIM-P016-944.jpg,Warrior Sports (Variante 944) (Variante 944),https://media.designsaimari.com/products/cms7p7dma01lkpg01i8o5fvg5/previews/1785427134175-43a67230-1875-4b21-be34-ffe6b3f2c5c7.jpg?variante=944
AIM-P016-945,Designs Aimari,16,AIM-P016-945.jpg,Jersey Samurai (Variante 945) (Variante 945),https://media.designsaimari.com/products/cms7kx3n600iypi01c8t7yea0/previews/1785419918609-00322c72-bbf3-48a1-9623-ca01ab4d77e9.jpg?variante=945
AIM-P016-946,Designs Aimari,16,AIM-P016-946.jpg,Cañeras Sports Degrade (Variante 946) (Variante 946),https://media.designsaimari.com/products/cms7kfsz30avbpb01qpta3sfz/previews/1785419114787-6d256c10-fc70-4a1d-8643-f9f8e10fb7f5.jpg?variante=946
AIM-P016-947,Designs Aimari,16,AIM-P016-947.png,Deportivo Antigua GFC (Variante 947) (Variante 947),https://media.designsaimari.com/products/cms7k4tj90aptpb010rtwilij/previews/1785418626267-0c7dfd90-cbd4-4d79-9e67-79645d732235.png?variante=947
AIM-P016-948,Designs Aimari,16,AIM-P016-948.jpg,Atlante  FC 26-27 (Variante 948) (Variante 948),https://media.designsaimari.com/products/cms6mm9ea0545tg01p616n1c4/previews/1785362303699-d874076e-e00b-4cc4-8cc6-c90e7ca16494.jpg?variante=948
AIM-P016-949,Designs Aimari,16,AIM-P016-949.jpg,Sports Grunge Purple (Variante 949) (Variante 949),https://media.designsaimari.com/products/cms6lu54a04p9tg01zmrciwp9/previews/1785360993178-474bd586-7796-453c-98da-87cbc9ab6f01.jpg?variante=949
AIM-P016-950,Designs Aimari,16,AIM-P016-950.jpg,Jersey España Neón (Variante 950) (Variante 950),https://media.designsaimari.com/products/cms6ldepr04lipb01d4152pfh/previews/1785360212645-9f86be59-cbd6-44f4-b2f0-113f81ccdebe.jpg?variante=950
AIM-P016-951,Designs Aimari,16,AIM-P016-951.jpg,Manchester United Dark Red Diamond (Variante 951) (Variante 951),https://media.designsaimari.com/products/cms6kq4rj044apb014gmzlh0g/previews/1785359124711-f9971bd6-94a3-438a-b443-ba09259c368a.jpg?variante=951
AIM-P016-952,Designs Aimari,16,AIM-P016-952.jpg,PSG Jordan Billion Blue (Variante 952) (Variante 952),https://media.designsaimari.com/products/cms6k4o8s03xptg016lv4arxs/previews/1785358123669-286bd7b0-361c-49dd-8e53-2fac012e322d.jpg?variante=952
AIM-P016-953,Designs Aimari,16,AIM-P016-953.jpg,Club Sport Cartaginés (Variante 953) (Variante 953),https://media.designsaimari.com/products/cms6k1dlz03uvpb01zrl5sw9r/previews/1785357972965-018081e4-490e-4a38-9077-3300825bc467.jpg?variante=953
AIM-P016-954,Designs Aimari,16,AIM-P016-954.jpg,Paris Saint Germain (Variante 954) (Variante 954),https://media.designsaimari.com/products/cms6gq7wl0291pb01dsokkrnn/previews/1785352411290-5c1c6983-b3f4-4c1d-b44c-360412ba3b02.jpg?variante=954
AIM-P016-955,Designs Aimari,16,AIM-P016-955.jpg,GEOMETRICA SPORT (Variante 955) (Variante 955),https://media.designsaimari.com/products/cms6ghnrd0256pb01o3x7xzkt/previews/1785352010971-f788de30-c596-400a-99a3-af0748cd8094.jpg?variante=955
AIM-P016-956,Designs Aimari,16,AIM-P016-956.jpg,Guatemala 2026 (Variante 956) (Variante 956),https://media.designsaimari.com/products/cms6eb7cn00vmpb01ntvqtwhs/previews/1785348350978-0dfb00e0-22a2-4720-a8d7-81f51cbd427f.jpg?variante=956
AIM-P016-957,Designs Aimari,16,AIM-P016-957.jpg,Guatemala 2026-2027 Home (Variante 957) (Variante 957),https://media.designsaimari.com/products/cms6cghhf009lo901ltt2ti5j/previews/1785345238271-a08c7dc9-7c65-4f40-89cd-7550aad2e50d.jpg?variante=957
AIM-P016-958,Designs Aimari,16,AIM-P016-958.jpg,Independiente Medellín (Variante 958) (Variante 958),https://media.designsaimari.com/products/cms6c239y002so90140t3hsbv/previews/1785344567018-468c45fa-8239-4ca7-8315-1769e57b2c7b.jpg?variante=958
AIM-P016-959,Designs Aimari,16,AIM-P016-959.jpg,Wonder Woman (Variante 959) (Variante 959),https://media.designsaimari.com/products/cms6b94uc000cqs01w0ted3ar/previews/1785343215271-b32e6b63-b6b0-4902-94c6-49b22af434a1.jpg?variante=959
AIM-P016-960,Designs Aimari,16,AIM-P016-960.jpg,C. Deportivo Ferrocarril Fans 2026 (Variante 960) (Variante 960),https://media.designsaimari.com/products/cms6a4guc00bxs801axq5q8f2/previews/1785341319944-12145ecd-7777-40c6-b0d1-a8fce25f5169.jpg?variante=960
AIM-P017-961,Designs Aimari,17,AIM-P017-961.jpg,Gladeador Black Sports (Variante 961) (Variante 961),https://media.designsaimari.com/products/cms69jrtx003ms801dwqyjcdn/previews/1785402791807-bf0c4cd6-2e49-41e7-8f77-7345606ec4ff.jpg?variante=961
AIM-P017-962,Designs Aimari,17,AIM-P017-962.jpg,Águila Concept (Variante 962) (Variante 962),https://media.designsaimari.com/products/cms68vqq10009l2019rpohle2/previews/1785339231947-dd8b2a70-2a71-4f4d-aec3-db42063fcc54.jpg?variante=962
AIM-P017-963,Designs Aimari,17,AIM-P017-963.jpg,Zabdi FC (Variante 963) (Variante 963),https://media.designsaimari.com/products/cms68l6dx080xqp01yl60g4u7/previews/1785338738658-055407a9-33ea-431b-be41-caba7b5a44bf.jpg?variante=963
AIM-P017-964,Designs Aimari,17,AIM-P017-964.jpg,SAN MARTÍN DE TUCUMÁN (Variante 964) (Variante 964),https://media.designsaimari.com/products/cms68glhk08jsn101jtgdulci/previews/1785338524392-c806424c-7a0e-4cb5-b042-a903c5cd9de4.jpg?variante=964
AIM-P017-965,Designs Aimari,17,AIM-P017-965.jpg,Sporting Royal Green GEO (Variante 965) (Variante 965),https://media.designsaimari.com/products/cms67xs3y08e7n101c0r9yupy/previews/1785337646562-f191df0a-f656-4e33-87aa-72458475e8f0.jpg?variante=965
AIM-P017-966,Designs Aimari,17,AIM-P017-966.jpg,Pattern Geometrico Morado (Variante 966) (Variante 966),https://media.designsaimari.com/products/cms673zfs076rqp01j3r73icj/previews/1785336256564-602c9738-89fb-4f42-aa91-52d0da44ccdc.jpg?variante=966
AIM-P017-967,Designs Aimari,17,AIM-P017-967.jpg,Atlético de San Luis Local 202627 (Variante 967) (Variante 967),https://media.designsaimari.com/products/cms670af80732qp01rpfkqmnk/previews/1785336084213-b6a17519-169f-4b0f-b66e-ed32b2f78577.jpg?variante=967
AIM-P017-968,Designs Aimari,17,AIM-P017-968.jpg,Jersey Tiger Patron (Variante 968) (Variante 968),https://media.designsaimari.com/products/cms66yvem07o5n101p1tov980/previews/1785336018069-59f62ce3-8640-4ee6-91e4-6074ee8d43d4.gif?variante=968
AIM-P017-969,Designs Aimari,17,AIM-P017-969.jpg,Sports Colors (Variante 969) (Variante 969),https://media.designsaimari.com/products/cms65ipoy070sn101hirr3h5t/previews/1785333584371-c6156381-f930-4eb0-ae2e-adcbf8312b33.jpg?variante=969
AIM-P017-970,Designs Aimari,17,AIM-P017-970.jpg,Pointillizer Celeste (Variante 970) (Variante 970),https://media.designsaimari.com/products/cms64lf8u06mmn101x3ek9omp/previews/1785332031129-e11ed45c-9c6b-4ac6-a6a5-9b7cfdbae487.jpg?variante=970
AIM-P017-971,Designs Aimari,17,AIM-P017-971.jpg,Barca Spider Man 2026 (Variante 971) (Variante 971),https://media.designsaimari.com/products/cms5zyjfd04xgqp01vsyfxgea/previews/1785324244971-2156220d-52b6-45c4-9a13-b6b73ce558ac.jpg?variante=971
AIM-P017-972,Designs Aimari,17,AIM-P017-972.jpg,Watford Goalkeeper Home Kit 26-27 (Variante 972) (Variante 972),https://media.designsaimari.com/products/cms5auiip01huqp01gr1i6ine/previews/1785282067322-c5919906-c4ce-4044-a0c2-4cb851cf66bc.jpg?variante=972
AIM-P017-973,Designs Aimari,17,AIM-P017-973.jpg,Comunicaciones FC Local 2026-27 (Variante 973) (Variante 973),https://media.designsaimari.com/products/cms57287200lzn1011v7cyzpx/previews/1785430564281-d87994b2-e034-4e27-b14b-1cbffffd0ee2.jpg?variante=973
AIM-P017-974,Designs Aimari,17,AIM-P017-974.jpg,Comunicaciones FC Thirt 26-27 (Variante 974) (Variante 974),https://media.designsaimari.com/products/cms56v6bf00amqp01mb3dwhcj/previews/1785275379156-29934ad5-641d-4c0d-b346-f45d4c2fa2a8.jpg?variante=974
AIM-P017-975,Designs Aimari,17,AIM-P017-975.jpg,Real Juventud (Variante 975) (Variante 975),https://media.designsaimari.com/products/cms56gwgb00cxn101bw0xe2hp/previews/1785274713179-ab1ade0d-829f-46b1-af42-d7640c575690.jpg?variante=975
AIM-P017-976,Designs Aimari,17,AIM-P017-976.jpg,Voley Gradient (Variante 976) (Variante 976),https://media.designsaimari.com/products/cms5489ze03y7qm01wgbxszwc/previews/1785270951912-7a8b5ae9-45fc-46ef-87a9-34b539720d4a.jpg?variante=976
AIM-P017-977,Designs Aimari,17,AIM-P017-977.jpg,PAISES BAJOS 1988 (Variante 977) (Variante 977),https://media.designsaimari.com/products/cms53f9zr03igmw01b0u5mxid/previews/1785269599432-3d710c81-20a4-43fc-a717-ccb9134ee0d7.jpg?variante=977
AIM-P017-978,Designs Aimari,17,AIM-P017-978.jpg,Geometric Concept Celeste (Variante 978) (Variante 978),https://media.designsaimari.com/products/cms52sxqd035nmw01eclwc10l/previews/1785268556247-8b159daa-a9ea-4f8a-ac3b-89f9899835ca.jpg?variante=978
AIM-P017-979,Designs Aimari,17,AIM-P017-979.png,Electric Design (Variante 979) (Variante 979),https://media.designsaimari.com/products/cms4vt1i100kcp701r85lz727/preview.png?variante=979
AIM-P017-980,Designs Aimari,17,AIM-P017-980.jpg,Interclasse Leon Fuego (Variante 980) (Variante 980),https://media.designsaimari.com/products/cms4vf0q6006ppe01x7dzvq2n/preview.jpg?variante=980
AIM-P017-981,Designs Aimari,17,AIM-P017-981.jpg,Señora del Rosario (Variante 981) (Variante 981),https://media.designsaimari.com/products/cms4ux0f203ijrz01635guqjy/preview.jpg?variante=981
AIM-P017-982,Designs Aimari,17,AIM-P017-982.jpg,ISLANDIA 2026 (Variante 982) (Variante 982),https://media.designsaimari.com/products/cms4skl8e00ndlj01axe461k3/preview.jpg?variante=982
AIM-P017-983,Designs Aimari,17,AIM-P017-983.jpg,Night Light Runners (Variante 983) (Variante 983),https://media.designsaimari.com/products/cms4s5gae00gll201sqn4q2xo/preview.jpg?variante=983
AIM-P017-984,Designs Aimari,17,AIM-P017-984.jpg,Juego de Tronos (Variante 984) (Variante 984),https://media.designsaimari.com/products/cms4qksi007qnly01ileq6vb5/preview.jpg?variante=984
AIM-P017-985,Designs Aimari,17,AIM-P017-985.jpg,Barcelona SC 101 Años (Variante 985) (Variante 985),https://media.designsaimari.com/products/cms3u309l00jsly010aqael18/preview.jpg?variante=985
AIM-P017-986,Designs Aimari,17,AIM-P017-986.jpg,Huracan Concept (Variante 986) (Variante 986),https://media.designsaimari.com/products/cms3t163w002lls01gmld4qjl/preview.jpg?variante=986
AIM-P017-987,Designs Aimari,17,AIM-P017-987.jpg,Sporting Azul (Variante 987) (Variante 987),https://media.designsaimari.com/products/cms3sbb77001zjn01fi5frbw5/preview.jpg?variante=987
AIM-P017-988,Designs Aimari,17,AIM-P017-988.jpg,RAYO CONCEPT (Variante 988) (Variante 988),https://media.designsaimari.com/products/cms3s2js4045po301bl8epxuk/preview.jpg?variante=988
AIM-P017-989,Designs Aimari,17,AIM-P017-989.jpg,BasketBall Fenix Pink Concept (Variante 989) (Variante 989),https://media.designsaimari.com/products/cms3riwsz0496ml014p83a3te/preview.jpg?variante=989
AIM-P017-990,Designs Aimari,17,AIM-P017-990.jpg,Night light (Variante 990) (Variante 990),https://media.designsaimari.com/products/cms3qq12z03noml01xouahq5b/preview.jpg?variante=990
AIM-P017-991,Designs Aimari,17,AIM-P017-991.jpg,Jersey Taller (Variante 991) (Variante 991),https://media.designsaimari.com/products/cms3nv3ua022mml01iegn90wf/preview.jpg?variante=991
AIM-P017-992,Designs Aimari,17,AIM-P017-992.jpg,Wayyu Design Abstract (Variante 992) (Variante 992),https://media.designsaimari.com/products/cms3mcnqr01e3o301omku0bn3/preview.jpg?variante=992
AIM-P017-993,Designs Aimari,17,AIM-P017-993.jpg,Hexagono Sports (Variante 993) (Variante 993),https://media.designsaimari.com/products/cms3lhw9l0129ml016pfgt7gt/preview.jpg?variante=993
AIM-P017-994,Designs Aimari,17,AIM-P017-994.png,Pointillizer concept blue (Variante 994) (Variante 994),https://media.designsaimari.com/products/cms3kn9sk00gqml013x97i7ex/preview.png?variante=994
AIM-P017-995,Designs Aimari,17,AIM-P017-995.jpg,Deportivo Neon Bicolor (Variante 995) (Variante 995),https://media.designsaimari.com/products/cms3jhlss01nhpb01k2gurgnb/preview.jpg?variante=995
AIM-P017-996,Designs Aimari,17,AIM-P017-996.jpg,Argentina Rosas Blue (Variante 996) (Variante 996),https://media.designsaimari.com/products/cms3ifr9m012apb011n0tvmx8/preview.jpg?variante=996
AIM-P017-997,Designs Aimari,17,AIM-P017-997.jpg,Federación Ovetense (Variante 997) (Variante 997),https://media.designsaimari.com/products/cms3hfr7i00kip601xzyqt1ov/preview.jpg?variante=997
AIM-P017-998,Designs Aimari,17,AIM-P017-998.jpg,Sport Verde (Variante 998) (Variante 998),https://media.designsaimari.com/products/cms3fdbul00cpmt01mc7axalm/preview.jpg?variante=998
AIM-P017-999,Designs Aimari,17,AIM-P017-999.jpg,Argelia Mundial 2026 (Variante 999) (Variante 999),https://media.designsaimari.com/products/cms3ec5rj0athjf01wfkvcjzq/previews/1785258627879-f95a5ee1-3310-4ec2-82e2-ff1c95e21b29.jpg?variante=999
AIM-P017-1000,Designs Aimari,17,AIM-P017-1000.png,Juniors Lion (Variante 1000) (Variante 1000),https://media.designsaimari.com/products/cms3cns4t09wcjf01uoqoory9/preview.png?variante=1000
