id,w,h,n_bandas,cabecera_y,principal_y,pie_y,marco_izq_der_sup_inf,logo,frente_x,espalda_x,recorte_frac,formato
AIM-P001-001.jpg,700,560,3,0.027-0.170,0.211-0.839,0.870-0.968,0/0/0/0,si,0.170-0.570,0.573-0.977,0.490,"(3, 1, 1, 1, 0)"
AIM-P001-002.jpg,700,560,3,0.027-0.170,0.211-0.838,0.870-0.968,0/0/0/0,si,0.169-0.566,0.569-0.977,0.491,"(3, 1, 1, 1, 0)"
AIM-P001-003.jpg,700,560,3,0.027-0.170,0.211-0.838,0.870-0.968,0/0/0/0,si,0.167-0.567,0.570-0.973,0.493,"(3, 1, 1, 1, 0)"
AIM-P001-004.jpg,700,560,3,0.027-0.170,0.209-0.838,0.870-0.968,0/0/0/0,si,0.167-0.567,0.570-0.981,0.486,"(3, 1, 1, 1, 0)"
AIM-P001-005.png,700,564,3,0.016-0.165,0.206-0.853,0.885-0.986,0/0/0/0,si,0.159-0.571,0.574-0.999,0.454,"(3, 1, 1, 1, 0)"
AIM-P001-006.jpg,700,560,3,0.027-0.170,0.211-0.838,0.870-0.968,0/0/0/0,si,0.167-0.564,0.567-0.979,0.489,"(3, 1, 1, 1, 0)"
AIM-P001-007.png,700,560,3,0.027-0.170,0.211-0.838,0.870-0.968,0/0/0/0,si,0.167-0.566,0.569-0.973,0.493,"(3, 1, 1, 1, 0)"
AIM-P001-008.jpg,700,560,3,0.027-0.170,0.211-0.838,0.870-0.968,0/0/0/0,si,0.167-0.623,0.690-0.866,0.560,"(3, 1, 1, 1, 0)"
AIM-P001-009.jpg,700,560,3,0.027-0.170,0.211-0.838,0.870-0.968,0/0/0/0,si,0.169-0.566,0.569-0.971,0.494,"(3, 1, 1, 1, 0)"
AIM-P001-010.jpg,700,560,3,0.027-0.170,0.211-0.838,0.870-0.968,0/0/0/0,si,0.167-0.666,0.700-0.974,0.492,"(3, 1, 1, 1, 0)"
AIM-P001-011.jpg,700,560,3,0.027-0.170,0.211-0.838,0.870-0.968,0/0/0/0,si,0.169-0.566,0.569-0.977,0.491,"(3, 1, 1, 1, 0)"
AIM-P001-012.jpg,700,560,3,0.027-0.170,0.211-0.841,0.870-0.968,0/0/0/0,si,0.167-0.570,0.573-0.974,0.489,"(3, 1, 1, 1, 0)"
AIM-P001-013.jpg,700,560,3,0.027-0.170,0.211-0.838,0.870-0.968,0/0/0/0,si,0.167-0.564,0.567-0.979,0.489,"(3, 1, 1, 1, 0)"
AIM-P001-014.jpg,700,560,3,0.027-0.170,0.211-0.838,0.870-0.968,0/0/0/0,si,0.169-0.570,0.573-0.977,0.491,"(3, 1, 1, 1, 0)"
AIM-P001-015.jpg,700,560,3,0.027-0.170,0.211-0.838,0.870-0.968,0/0/0/0,si,0.167-0.570,0.573-0.973,0.493,"(3, 1, 1, 1, 0)"
AIM-P001-016.jpg,4252,3402,3,0.028-0.170,0.211-0.839,0.871-0.969,0/0/0/0,si,0.166-0.568,0.568-0.976,0.491,"(3, 1, 1, 1, 0)"
AIM-P001-017.jpg,700,560,3,0.027-0.170,0.211-0.838,0.870-0.968,0/0/0/0,si,0.223-0.563,0.566-0.973,0.528,"(3, 1, 1, 1, 0)"
AIM-P001-018.jpg,700,560,3,0.027-0.170,0.211-0.838,0.870-0.968,0/0/0/0,si,0.169-0.566,0.569-0.977,0.491,"(3, 1, 1, 1, 0)"
AIM-P001-019.jpg,700,560,3,0.027-0.170,0.211-0.839,0.870-0.968,0/0/0/0,si,0.167-0.573,0.576-0.974,0.490,"(3, 1, 1, 1, 0)"
AIM-P001-020.jpg,700,560,3,0.027-0.170,0.211-0.838,0.870-0.968,0/0/0/0,si,0.167-0.570,0.573-0.973,0.493,"(3, 1, 1, 1, 0)"
AIM-P001-021.jpg,700,560,3,0.027-0.170,0.211-0.838,0.870-0.968,0/0/0/0,si,0.167-0.570,0.573-0.977,0.490,"(3, 1, 1, 1, 0)"
AIM-P001-022.jpg,700,560,3,0.027-0.170,0.211-0.839,0.870-0.968,0/0/0/0,si,0.170-0.566,0.569-0.967,0.497,"(3, 1, 1, 1, 0)"
AIM-P001-023.jpg,700,560,3,0.027-0.170,0.211-0.838,0.870-0.968,0/0/0/0,si,0.169-0.567,0.570-0.977,0.491,"(3, 1, 1, 1, 0)"
AIM-P001-024.jpg,700,560,3,0.027-0.170,0.211-0.838,0.870-0.968,0/0/0/0,si,0.167-0.563,0.566-0.973,0.493,"(3, 1, 1, 1, 0)"
AIM-P001-025.jpg,700,560,3,0.027-0.170,0.211-0.838,0.870-0.968,0/0/0/0,si,0.169-0.570,0.573-0.973,0.494,"(3, 1, 1, 1, 0)"
AIM-P001-026.jpg,700,560,3,0.027-0.170,0.211-0.838,0.870-0.968,0/0/0/0,si,0.167-0.570,0.573-0.973,0.493,"(3, 1, 1, 1, 0)"
AIM-P001-027.jpg,700,560,3,0.027-0.170,0.211-0.838,0.870-0.968,0/0/0/0,si,0.169-0.604,0.629-0.914,0.530,"(3, 1, 1, 1, 0)"
AIM-P001-028.jpg,700,560,3,0.027-0.170,0.211-0.838,0.870-0.968,0/0/0/0,si,0.169-0.570,0.573-0.977,0.491,"(3, 1, 1, 1, 0)"
AIM-P001-029.jpg,700,560,3,0.027-0.170,0.211-0.838,0.870-0.968,0/0/0/0,si,0.167-0.570,0.573-0.980,0.488,"(3, 1, 1, 1, 0)"
AIM-P001-030.jpg,700,560,3,0.027-0.170,0.209-0.838,0.870-0.968,0/0/0/0,si,0.169-0.566,0.569-0.973,0.492,"(3, 1, 1, 1, 0)"
AIM-P001-031.jpg,700,560,3,0.027-0.170,0.211-0.838,0.870-0.968,0/0/0/0,si,0.167-0.563,0.566-0.973,0.493,"(3, 1, 1, 1, 0)"
AIM-P001-032.jpg,700,560,3,0.027-0.170,0.211-0.838,0.870-0.968,0/0/0/0,si,0.169-0.566,0.569-0.977,0.491,"(3, 1, 1, 1, 0)"
AIM-P001-033.jpg,700,560,3,0.027-0.170,0.209-0.838,0.870-0.968,0/0/0/0,si,0.169-0.566,0.569-0.973,0.492,"(3, 1, 1, 1, 0)"
AIM-P001-034.jpg,700,560,3,0.027-0.170,0.211-0.838,0.870-0.968,0/0/0/0,si,0.167-0.566,0.569-0.967,0.496,"(3, 1, 1, 1, 0)"
AIM-P001-035.png,700,560,3,0.027-0.170,0.211-0.838,0.870-0.968,0/0/0/0,si,0.167-0.566,0.569-0.973,0.493,"(3, 1, 1, 1, 0)"
AIM-P001-036.jpg,700,562,3,0.016-0.164,0.203-0.849,0.879-0.982,0/0/0/0,si,0.156-0.564,0.567-0.990,0.459,"(3, 1, 1, 1, 0)"
AIM-P001-037.jpg,700,560,3,0.027-0.170,0.211-0.838,0.870-0.968,0/0/0/0,si,0.167-0.563,0.566-0.973,0.493,"(3, 1, 1, 1, 0)"
AIM-P001-038.jpg,700,560,3,0.027-0.170,0.209-0.838,0.870-0.968,0/0/0/0,si,0.169-0.567,0.570-0.977,0.489,"(3, 1, 1, 1, 0)"
AIM-P001-039.jpg,700,560,3,0.027-0.170,0.204-0.838,0.870-0.968,0/0/0/0,si,0.169-0.567,0.570-0.980,0.483,"(3, 1, 1, 1, 0)"
AIM-P001-040.jpg,700,560,3,0.027-0.170,0.211-0.838,0.870-0.968,0/0/0/0,si,0.169-0.566,0.569-0.973,0.494,"(3, 1, 1, 1, 0)"
AIM-P001-041.jpg,700,560,3,0.027-0.170,0.211-0.838,0.870-0.968,0/0/0/0,si,0.169-0.570,0.573-0.979,0.490,"(3, 1, 1, 1, 0)"
AIM-P001-042.jpg,700,560,3,0.027-0.170,0.211-0.838,0.870-0.968,0/0/0/0,si,0.167-0.566,0.569-0.973,0.493,"(3, 1, 1, 1, 0)"
AIM-P001-043.jpg,700,560,3,0.027-0.170,0.211-0.838,0.870-0.968,0/0/0/0,si,0.169-0.566,0.569-0.973,0.494,"(3, 1, 1, 1, 0)"
AIM-P001-044.jpg,700,560,3,0.027-0.170,0.209-0.839,0.870-0.968,0/0/0/0,si,0.167-0.570,0.573-0.973,0.490,"(3, 1, 1, 1, 0)"
AIM-P001-045.jpg,700,560,3,0.027-0.170,0.211-0.838,0.870-0.968,0/0/0/0,si,0.167-0.566,0.569-0.979,0.489,"(3, 1, 1, 1, 0)"
AIM-P001-046.jpg,700,560,3,0.027-0.170,0.211-0.838,0.870-0.968,0/0/0/0,si,0.167-0.566,0.569-0.979,0.489,"(3, 1, 1, 1, 0)"
AIM-P001-047.jpg,700,560,3,0.027-0.170,0.211-0.838,0.870-0.968,0/0/0/0,si,0.167-0.567,0.570-0.980,0.488,"(3, 1, 1, 1, 0)"
AIM-P001-048.jpg,700,560,3,0.027-0.170,0.211-0.838,0.870-0.968,0/0/0/0,si,0.169-0.566,0.569-0.973,0.494,"(3, 1, 1, 1, 0)"
AIM-P001-049.jpg,700,560,3,0.027-0.170,0.211-0.838,0.870-0.968,0/0/0/0,si,0.167-0.566,0.569-0.973,0.493,"(3, 1, 1, 1, 0)"
AIM-P001-050.jpg,700,560,3,0.027-0.170,0.211-0.838,0.870-0.968,0/0/0/0,si,0.169-0.569,0.571-0.980,0.489,"(3, 1, 1, 1, 0)"
AIM-P001-051.png,700,560,3,0.027-0.170,0.211-0.838,0.870-0.968,0/0/0/0,si,0.167-0.566,0.569-0.973,0.493,"(3, 1, 1, 1, 0)"
AIM-P001-052.jpg,4252,3402,3,0.028-0.170,0.209-0.839,0.871-0.969,0/0/0/0,si,0.166-0.559,0.560-0.976,0.489,"(3, 1, 1, 1, 0)"
AIM-P001-053.jpg,700,560,3,0.027-0.170,0.211-0.838,0.870-0.968,0/0/0/0,si,0.167-0.563,0.566-0.973,0.493,"(3, 1, 1, 1, 0)"
AIM-P001-054.jpg,700,560,3,0.027-0.170,0.211-0.838,0.870-0.968,0/0/0/0,si,0.167-0.569,0.571-0.973,0.493,"(3, 1, 1, 1, 0)"
AIM-P001-055.jpg,700,560,3,0.027-0.170,0.211-0.838,0.870-0.968,0/0/0/0,si,0.167-0.566,0.569-0.979,0.489,"(3, 1, 1, 1, 0)"
AIM-P001-056.jpg,700,560,3,0.027-0.170,0.211-0.838,0.870-0.968,0/0/0/0,si,0.169-0.604,0.657-0.980,0.489,"(3, 1, 1, 1, 0)"
AIM-P001-057.jpg,700,560,3,0.027-0.170,0.211-0.838,0.870-0.968,0/0/0/0,si,0.169-0.566,0.569-0.973,0.494,"(3, 1, 1, 1, 0)"
AIM-P001-058.jpg,700,560,3,0.027-0.170,0.211-0.838,0.870-0.968,0/0/0/0,si,0.167-0.564,0.567-0.979,0.489,"(3, 1, 1, 1, 0)"
AIM-P001-059.jpg,700,560,3,0.027-0.170,0.211-0.838,0.870-0.968,0/0/0/0,si,0.169-0.566,0.569-0.973,0.494,"(3, 1, 1, 1, 0)"
AIM-P001-060.jpg,700,560,3,0.027-0.170,0.209-0.838,0.870-0.968,0/0/0/0,si,0.169-0.570,0.573-0.973,0.492,"(3, 1, 1, 1, 0)"
AIM-P002-061.jpg,700,560,3,0.027-0.170,0.211-0.838,0.870-0.968,0/0/0/0,si,0.167-0.564,0.567-0.979,0.489,"(3, 1, 1, 1, 0)"
AIM-P002-062.jpg,700,560,3,0.027-0.170,0.211-0.838,0.870-0.968,0/0/0/0,si,0.169-0.566,0.569-0.973,0.494,"(3, 1, 1, 1, 0)"
AIM-P002-063.jpg,700,560,3,0.027-0.170,0.211-0.838,0.870-0.968,0/0/0/0,si,0.169-0.566,0.569-0.973,0.494,"(3, 1, 1, 1, 0)"
AIM-P002-064.png,700,560,3,0.027-0.170,0.211-0.838,0.870-0.968,0/0/0/0,si,0.167-0.599,0.717-0.857,0.565,"(3, 1, 1, 1, 0)"
AIM-P002-065.jpg,700,560,3,0.027-0.170,0.211-0.838,0.870-0.968,0/0/0/0,si,0.167-0.573,0.576-0.980,0.488,"(3, 1, 1, 1, 0)"
AIM-P002-066.jpg,700,560,3,0.027-0.170,0.211-0.838,0.870-0.968,0/0/0/0,si,0.167-0.566,0.569-0.979,0.489,"(3, 1, 1, 1, 0)"
AIM-P002-067.jpg,700,560,3,0.027-0.170,0.209-0.838,0.870-0.968,0/0/0/0,si,0.169-0.566,0.569-0.973,0.492,"(3, 1, 1, 1, 0)"
AIM-P002-068.png,700,560,3,0.027-0.170,0.211-0.838,0.870-0.968,0/0/0/0,si,0.167-0.566,0.569-0.973,0.493,"(3, 1, 1, 1, 0)"
AIM-P002-069.jpg,700,560,3,0.027-0.170,0.211-0.838,0.870-0.968,0/0/0/0,si,0.167-0.563,0.566-0.973,0.493,"(3, 1, 1, 1, 0)"
AIM-P002-070.jpg,4252,3402,3,0.028-0.170,0.207-0.839,0.871-0.969,0/0/0/0,si,0.166-0.562,0.562-0.974,0.489,"(3, 1, 1, 1, 0)"
AIM-P002-071.jpg,700,560,3,0.027-0.170,0.211-0.838,0.870-0.968,0/0/0/0,si,0.167-0.569,0.571-0.976,0.491,"(3, 1, 1, 1, 0)"
AIM-P002-072.jpg,700,560,3,0.027-0.170,0.211-0.838,0.870-0.968,0/0/0/0,si,0.169-0.567,0.570-0.979,0.490,"(3, 1, 1, 1, 0)"
AIM-P002-073.jpg,700,562,3,0.012-0.160,0.201-0.849,0.881-0.982,0/0/0/0,si,0.153-0.563,0.566-0.991,0.454,"(3, 1, 1, 1, 0)"
AIM-P002-074.jpg,700,562,3,0.014-0.164,0.203-0.852,0.886-0.988,0/0/0/0,si,0.160-0.571,0.574-0.999,0.453,"(3, 1, 1, 1, 0)"
AIM-P002-075.png,700,560,3,0.027-0.170,0.211-0.838,0.870-0.968,0/0/0/0,si,0.167-0.566,0.569-0.973,0.493,"(3, 1, 1, 1, 0)"
AIM-P002-076.jpg,700,560,3,0.027-0.170,0.211-0.838,0.870-0.968,0/0/0/0,si,0.169-0.569,0.571-0.979,0.490,"(3, 1, 1, 1, 0)"
AIM-P002-077.jpg,700,560,3,0.027-0.170,0.211-0.845,0.870-0.968,0/0/0/0,si,0.167-0.516,0.519-0.970,0.489,"(3, 1, 1, 1, 0)"
AIM-P002-078.jpg,700,560,3,0.027-0.170,0.211-0.838,0.870-0.968,0/0/0/0,si,0.167-0.567,0.570-0.977,0.490,"(3, 1, 1, 1, 0)"
AIM-P002-079.jpg,700,560,3,0.027-0.170,0.211-0.838,0.870-0.968,0/0/0/0,si,0.169-0.566,0.569-0.973,0.494,"(3, 1, 1, 1, 0)"
AIM-P002-080.jpg,700,560,3,0.027-0.170,0.209-0.838,0.870-0.968,0/0/0/0,si,0.169-0.566,0.569-0.973,0.492,"(3, 1, 1, 1, 0)"
AIM-P002-081.jpg,700,560,3,0.027-0.170,0.211-0.838,0.870-0.968,0/0/0/0,si,0.169-0.566,0.569-0.977,0.491,"(3, 1, 1, 1, 0)"
AIM-P002-082.jpg,700,560,3,0.027-0.170,0.211-0.838,0.870-0.968,0/0/0/0,si,0.169-0.566,0.569-0.979,0.490,"(3, 1, 1, 1, 0)"
AIM-P002-083.jpg,700,560,3,0.027-0.170,0.211-0.838,0.870-0.968,0/0/0/0,si,0.167-0.566,0.569-0.973,0.493,"(3, 1, 1, 1, 0)"
AIM-P002-084.jpg,700,560,3,0.027-0.170,0.211-0.838,0.870-0.968,0/0/0/0,si,0.169-0.567,0.570-0.973,0.494,"(3, 1, 1, 1, 0)"
AIM-P002-085.jpg,700,560,3,0.027-0.170,0.211-0.838,0.870-0.968,0/0/0/0,si,0.167-0.564,0.567-0.979,0.489,"(3, 1, 1, 1, 0)"
AIM-P002-086.jpg,4252,3402,3,0.028-0.170,0.211-0.839,0.871-0.969,0/0/0/0,si,0.166-0.571,0.571-0.979,0.489,"(3, 1, 1, 1, 0)"
AIM-P002-087.jpg,700,560,3,0.027-0.170,0.211-0.838,0.870-0.968,0/0/0/0,si,0.169-0.569,0.571-0.973,0.494,"(3, 1, 1, 1, 0)"
AIM-P002-088.jpg,700,560,3,0.027-0.170,0.209-0.838,0.870-0.968,0/0/0/0,si,0.169-0.566,0.569-0.973,0.492,"(3, 1, 1, 1, 0)"
AIM-P002-089.jpg,700,560,3,0.027-0.170,0.211-0.848,0.870-0.968,0/0/0/0,si,0.169-0.561,0.564-0.973,0.485,"(3, 1, 1, 1, 0)"
AIM-P002-090.jpg,700,560,3,0.027-0.170,0.211-0.838,0.870-0.968,0/0/0/0,si,0.167-0.564,0.567-0.979,0.489,"(3, 1, 1, 1, 0)"
AIM-P002-091.jpg,700,560,3,0.027-0.170,0.211-0.838,0.870-0.968,0/0/0/0,si,0.167-0.550,0.553-0.974,0.492,"(3, 1, 1, 1, 0)"
AIM-P002-092.jpg,700,560,3,0.027-0.170,0.211-0.838,0.870-0.968,0/0/0/0,si,0.167-0.563,0.566-0.973,0.493,"(3, 1, 1, 1, 0)"
AIM-P002-093.jpg,700,560,3,0.027-0.170,0.211-0.838,0.870-0.968,0/0/0/0,si,0.169-0.566,0.569-0.973,0.494,"(3, 1, 1, 1, 0)"
AIM-P002-094.jpg,700,560,3,0.027-0.170,0.211-0.838,0.870-0.968,0/0/0/0,si,0.167-0.569,0.571-0.973,0.493,"(3, 1, 1, 1, 0)"
AIM-P002-095.jpg,700,560,3,0.027-0.170,0.211-0.838,0.870-0.968,0/0/0/0,si,0.167-0.570,0.573-0.973,0.493,"(3, 1, 1, 1, 0)"
AIM-P002-096.jpg,700,560,3,0.027-0.170,0.211-0.841,0.870-0.968,0/0/0/0,si,0.169-0.564,0.567-0.973,0.491,"(3, 1, 1, 1, 0)"
AIM-P002-097.jpg,700,560,3,0.027-0.170,0.211-0.838,0.870-0.968,0/0/0/0,si,0.167-0.564,0.567-0.979,0.489,"(3, 1, 1, 1, 0)"
AIM-P002-098.jpg,700,560,3,0.027-0.170,0.211-0.838,0.870-0.968,0/0/0/0,si,0.169-0.566,0.569-0.979,0.490,"(3, 1, 1, 1, 0)"
AIM-P002-099.jpg,700,560,3,0.027-0.170,0.211-0.838,0.870-0.968,0/0/0/0,si,0.167-0.570,0.573-0.980,0.488,"(3, 1, 1, 1, 0)"
AIM-P002-100.jpg,700,560,3,0.027-0.170,0.211-0.838,0.870-0.968,0/0/0/0,si,0.169-0.566,0.569-0.979,0.490,"(3, 1, 1, 1, 0)"
AIM-P002-101.jpg,700,560,3,0.027-0.170,0.209-0.838,0.870-0.968,0/0/0/0,si,0.169-0.570,0.573-0.977,0.489,"(3, 1, 1, 1, 0)"
AIM-P002-102.jpg,700,560,3,0.027-0.170,0.211-0.838,0.870-0.968,0/0/0/0,si,0.167-0.563,0.566-0.973,0.493,"(3, 1, 1, 1, 0)"
AIM-P002-103.jpg,700,560,3,0.027-0.170,0.211-0.838,0.870-0.968,0/0/0/0,si,0.169-0.566,0.569-0.973,0.494,"(3, 1, 1, 1, 0)"
AIM-P002-104.jpg,700,560,3,0.027-0.170,0.211-0.838,0.870-0.968,0/0/0/0,si,0.167-0.566,0.569-0.979,0.489,"(3, 1, 1, 1, 0)"
AIM-P002-105.png,700,560,3,0.027-0.170,0.211-0.838,0.870-0.968,0/0/0/0,si,0.167-0.566,0.569-0.973,0.493,"(3, 1, 1, 1, 0)"
AIM-P002-106.jpg,700,560,3,0.027-0.170,0.209-0.838,0.870-0.968,0/0/0/0,si,0.169-0.570,0.573-0.973,0.492,"(3, 1, 1, 1, 0)"
AIM-P002-107.jpg,700,560,3,0.027-0.170,0.211-0.839,0.870-0.968,0/0/0/0,si,0.033-0.204,0.249-0.967,0.410,"(3, 1, 1, 1, 0)"
AIM-P002-108.jpg,700,560,3,0.027-0.170,0.211-0.838,0.870-0.968,0/0/0/0,si,0.169-0.567,0.570-0.973,0.494,"(3, 1, 1, 1, 0)"
AIM-P002-109.jpg,700,560,3,0.027-0.170,0.211-0.838,0.870-0.968,0/0/0/0,si,0.167-0.566,0.569-0.973,0.493,"(3, 1, 1, 1, 0)"
AIM-P002-110.jpg,700,560,3,0.027-0.170,0.209-0.838,0.870-0.968,0/0/0/0,si,0.171-0.566,0.569-0.979,0.490,"(3, 1, 1, 1, 0)"
AIM-P002-111.jpg,4252,3402,3,0.028-0.170,0.209-0.839,0.871-0.969,0/0/0/0,si,0.166-0.566,0.566-0.978,0.488,"(3, 1, 1, 1, 0)"
AIM-P002-112.jpg,700,560,3,0.027-0.170,0.209-0.838,0.870-0.968,0/0/0/0,si,0.169-0.566,0.569-0.973,0.492,"(3, 1, 1, 1, 0)"
AIM-P002-113.jpg,700,560,3,0.027-0.170,0.211-0.838,0.870-0.968,0/0/0/0,si,0.167-0.566,0.569-0.979,0.489,"(3, 1, 1, 1, 0)"
AIM-P002-114.jpg,700,560,3,0.027-0.170,0.211-0.838,0.870-0.968,0/0/0/0,si,0.167-0.563,0.566-0.973,0.493,"(3, 1, 1, 1, 0)"
AIM-P002-115.jpg,700,560,3,0.027-0.170,0.211-0.838,0.870-0.968,0/0/0/0,si,0.167-0.566,0.569-0.967,0.496,"(3, 1, 1, 1, 0)"
AIM-P002-116.png,700,560,3,0.027-0.170,0.211-0.838,0.870-0.968,0/0/0/0,si,0.167-0.566,0.569-0.973,0.493,"(3, 1, 1, 1, 0)"
AIM-P002-117.jpg,700,562,3,0.009-0.158,0.198-0.854,0.886-0.989,0/0/0/0,si,0.156-0.571,0.574-0.999,0.444,"(3, 1, 1, 1, 0)"
AIM-P002-118.jpg,700,560,3,0.027-0.170,0.211-0.838,0.870-0.968,0/0/0/0,si,0.167-0.566,0.569-0.980,0.488,"(3, 1, 1, 1, 0)"
AIM-P002-119.jpg,4252,3402,3,0.028-0.170,0.209-0.839,0.871-0.969,0/0/0/0,si,0.166-0.565,0.586-0.972,0.492,"(3, 1, 1, 1, 0)"
AIM-P002-120.jpg,700,560,3,0.027-0.170,0.211-0.838,0.870-0.968,0/0/0/0,si,0.169-0.570,0.573-0.979,0.490,"(3, 1, 1, 1, 0)"
AIM-P003-121.jpg,700,560,3,0.027-0.170,0.207-0.838,0.870-0.968,0/0/0/0,si,0.169-0.569,0.571-0.973,0.491,"(3, 1, 1, 1, 0)"
AIM-P003-122.jpg,700,560,3,0.027-0.170,0.211-0.838,0.870-0.968,0/0/0/0,si,0.169-0.566,0.569-0.971,0.494,"(3, 1, 1, 1, 0)"
AIM-P003-123.jpg,700,560,3,0.027-0.170,0.211-0.838,0.870-0.968,0/0/0/0,si,0.167-0.563,0.566-0.967,0.496,"(3, 1, 1, 1, 0)"
AIM-P003-124.jpg,700,560,3,0.027-0.170,0.211-0.838,0.870-0.968,0/0/0/0,si,0.167-0.566,0.569-0.979,0.489,"(3, 1, 1, 1, 0)"
AIM-P003-125.jpg,700,560,3,0.027-0.170,0.211-0.838,0.870-0.968,0/0/0/0,si,0.170-0.567,0.570-0.979,0.491,"(3, 1, 1, 1, 0)"
AIM-P003-126.jpg,700,560,3,0.027-0.170,0.211-0.838,0.870-0.968,0/0/0/0,si,0.169-0.566,0.569-0.973,0.494,"(3, 1, 1, 1, 0)"
AIM-P003-127.jpg,700,560,3,0.027-0.170,0.211-0.838,0.870-0.968,0/0/0/0,si,0.167-0.563,0.566-0.973,0.493,"(3, 1, 1, 1, 0)"
AIM-P003-128.jpg,700,560,3,0.027-0.170,0.211-0.838,0.870-0.968,0/0/0/0,si,0.167-0.566,0.569-0.973,0.493,"(3, 1, 1, 1, 0)"
AIM-P003-129.png,700,560,3,0.027-0.170,0.211-0.838,0.870-0.968,0/0/0/0,si,0.167-0.566,0.569-0.973,0.493,"(3, 1, 1, 1, 0)"
AIM-P003-130.jpg,700,562,3,0.020-0.167,0.206-0.851,0.881-0.984,0/0/0/0,si,0.159-0.566,0.569-0.990,0.462,"(3, 1, 1, 1, 0)"
AIM-P003-131.jpg,700,562,3,0.016-0.164,0.203-0.854,0.884-0.988,0/0/0/0,si,0.156-0.567,0.570-0.997,0.450,"(3, 1, 1, 1, 0)"
AIM-P003-132.jpg,700,560,3,0.027-0.170,0.211-0.839,0.870-0.968,0/0/0/0,si,0.169-0.567,0.570-0.977,0.489,"(3, 1, 1, 1, 0)"
AIM-P003-133.jpg,700,560,3,0.027-0.170,0.211-0.838,0.870-0.968,0/0/0/0,si,0.167-0.564,0.567-0.979,0.489,"(3, 1, 1, 1, 0)"
AIM-P003-134.jpg,700,560,3,0.027-0.170,0.211-0.838,0.870-0.968,0/0/0/0,si,0.034-0.213,0.261-0.514,0.697,"(3, 1, 1, 1, 0)"
AIM-P003-135.jpg,700,560,3,0.027-0.170,0.211-0.838,0.870-0.968,0/0/0/0,si,0.169-0.569,0.571-0.973,0.494,"(3, 1, 1, 1, 0)"
AIM-P003-136.jpg,700,560,3,0.027-0.170,0.211-0.838,0.870-0.968,0/0/0/0,si,0.169-0.563,0.566-0.977,0.491,"(3, 1, 1, 1, 0)"
AIM-P003-137.jpg,4252,3402,3,0.028-0.170,0.209-0.839,0.871-0.969,0/0/0/0,si,0.166-0.564,0.564-0.976,0.489,"(3, 1, 1, 1, 0)"
AIM-P003-138.jpg,700,560,3,0.027-0.170,0.211-0.843,0.870-0.968,0/0/0/0,si,0.167-0.563,0.566-0.973,0.488,"(3, 1, 1, 1, 0)"
AIM-P003-139.jpg,700,560,3,0.027-0.170,0.211-0.838,0.870-0.968,0/0/0/0,si,0.169-0.599,,0.122,"(3, 1, 1, 1, 0)"
AIM-P003-140.jpg,700,560,3,0.027-0.170,0.211-0.838,0.870-0.968,0/0/0/0,si,0.169-0.566,0.569-0.973,0.494,"(3, 1, 1, 1, 0)"
AIM-P003-141.jpg,700,560,3,0.027-0.170,0.211-0.838,0.870-0.968,0/0/0/0,si,0.169-0.566,0.569-0.973,0.494,"(3, 1, 1, 1, 0)"
AIM-P003-142.jpg,700,560,3,0.027-0.170,0.211-0.838,0.870-0.968,0/0/0/0,si,0.167-0.566,0.569-0.973,0.493,"(3, 1, 1, 1, 0)"
AIM-P003-143.jpg,700,560,3,0.027-0.170,0.211-0.838,0.870-0.968,0/0/0/0,si,0.169-0.566,0.569-0.979,0.490,"(3, 1, 1, 1, 0)"
AIM-P003-144.jpg,700,562,3,0.016-0.162,0.203-0.849,0.879-0.995,0/0/0/0,si,0.156-0.566,0.569-0.990,0.459,"(3, 1, 1, 1, 0)"
AIM-P003-145.jpg,700,560,3,0.027-0.170,0.211-0.838,0.870-0.968,0/0/0/0,si,0.167-0.567,0.570-0.979,0.489,"(3, 1, 1, 1, 0)"
AIM-P003-146.jpg,4252,3402,3,0.028-0.170,0.209-0.839,0.871-0.969,0/0/0/0,si,0.166-0.566,0.566-0.976,0.489,"(3, 1, 1, 1, 0)"
AIM-P003-147.jpg,800,640,3,0.028-0.170,0.211-0.838,0.870-0.969,0/0/0/0,si,0.033-0.212,0.233-0.530,0.687,"(3, 1, 1, 1, 0)"
AIM-P003-148.jpg,700,560,3,0.027-0.170,0.211-0.838,0.870-0.968,0/0/0/0,si,0.169-0.566,0.569-0.979,0.490,"(3, 1, 1, 1, 0)"
AIM-P003-149.jpg,700,560,3,0.027-0.170,0.211-0.838,0.870-0.968,0/0/0/0,si,0.169-0.566,0.569-0.973,0.494,"(3, 1, 1, 1, 0)"
AIM-P003-150.gif,700,560,3,0.027-0.170,0.211-0.841,0.870-0.968,0/0/0/0,si,0.167-0.564,0.567-0.976,0.488,"(3, 1, 1, 1, 0)"
AIM-P003-151.jpg,700,562,3,0.007-0.157,0.198-0.854,0.884-0.989,0/0/0/0,si,0.154-0.571,0.574-0.999,0.443,"(3, 1, 1, 1, 0)"
AIM-P003-152.jpg,700,560,3,0.027-0.170,0.211-0.838,0.870-0.968,0/0/0/0,si,0.169-0.566,0.569-0.967,0.497,"(3, 1, 1, 1, 0)"
AIM-P003-153.jpg,700,560,3,0.027-0.170,0.209-0.838,0.870-0.968,0/0/0/0,si,0.170-0.570,0.573-0.979,0.489,"(3, 1, 1, 1, 0)"
AIM-P003-154.jpg,800,640,3,0.028-0.170,0.211-0.838,0.870-0.969,0/0/0/0,si,0.168-0.565,0.568-0.979,0.490,"(3, 1, 1, 1, 0)"
AIM-P003-155.jpg,700,560,3,0.027-0.170,0.207-0.838,0.870-0.968,0/0/0/0,si,0.167-0.603,0.676-0.877,0.550,"(3, 1, 1, 1, 0)"
AIM-P003-156.jpg,700,560,3,0.027-0.170,0.211-0.846,0.870-0.968,0/0/0/0,si,0.169-0.570,0.573-0.973,0.486,"(3, 1, 1, 1, 0)"
AIM-P003-157.jpg,700,560,3,0.027-0.170,0.211-0.838,0.870-0.968,0/0/0/0,si,0.167-0.566,0.569-0.973,0.493,"(3, 1, 1, 1, 0)"
AIM-P003-158.jpg,700,560,3,0.027-0.170,0.211-0.838,0.870-0.968,0/0/0/0,si,0.167-0.570,0.573-0.973,0.493,"(3, 1, 1, 1, 0)"
AIM-P003-159.jpg,4252,3402,3,0.028-0.170,0.211-0.839,0.871-0.969,0/0/0/0,si,0.166-0.566,0.566-0.976,0.491,"(3, 1, 1, 1, 0)"
AIM-P003-160.jpg,700,560,3,0.027-0.170,0.211-0.838,0.870-0.968,0/0/0/0,si,0.169-0.567,0.570-0.967,0.497,"(3, 1, 1, 1, 0)"
AIM-P003-161.png,700,560,3,0.027-0.170,0.211-0.838,0.870-0.968,0/0/0/0,si,0.167-0.566,0.569-0.973,0.493,"(3, 1, 1, 1, 0)"
AIM-P003-162.jpg,700,560,3,0.027-0.170,0.211-0.838,0.870-0.968,0/0/0/0,si,0.169-0.566,0.569-0.973,0.494,"(3, 1, 1, 1, 0)"
AIM-P003-163.jpg,700,560,3,0.027-0.170,0.211-0.838,0.870-0.968,0/0/0/0,si,0.169-0.566,0.569-0.973,0.494,"(3, 1, 1, 1, 0)"
AIM-P003-164.jpg,4252,3402,3,0.029-0.172,0.211-0.840,0.872-0.970,0/0/0/0,si,0.166-0.629,,0.125,"(3, 1, 1, 1, 0)"
AIM-P003-165.jpg,700,560,3,0.027-0.170,0.211-0.838,0.868-0.966,0/0/0/0,si,0.167-0.570,0.573-0.973,0.493,"(3, 1, 1, 1, 0)"
AIM-P003-166.jpg,700,560,3,0.027-0.170,0.211-0.838,0.870-0.968,0/0/0/0,si,0.169-0.566,0.569-0.977,0.491,"(3, 1, 1, 1, 0)"
AIM-P003-167.jpg,800,640,3,0.028-0.170,0.211-0.838,0.870-0.969,0/0/0/0,si,0.168-0.565,0.568-0.979,0.490,"(3, 1, 1, 1, 0)"
AIM-P003-168.jpg,700,560,3,0.027-0.170,0.211-0.838,0.870-0.968,0/0/0/0,si,0.167-0.563,0.566-0.973,0.493,"(3, 1, 1, 1, 0)"
AIM-P003-169.jpg,700,560,3,0.027-0.170,0.211-0.838,0.870-0.968,0/0/0/0,si,0.169-0.566,0.569-0.980,0.489,"(3, 1, 1, 1, 0)"
AIM-P003-170.jpg,4252,3402,3,0.033-0.175,0.205-0.836,0.864-0.962,0/0/0/0,si,0.166-0.566,0.566-0.974,0.489,"(3, 1, 1, 1, 0)"
AIM-P003-171.jpg,700,560,3,0.027-0.170,0.211-0.838,0.870-0.968,0/0/0/0,si,0.169-0.566,0.569-0.973,0.494,"(3, 1, 1, 1, 0)"
AIM-P003-172.jpg,700,560,3,0.027-0.170,0.211-0.838,0.870-0.968,0/0/0/0,si,0.167-0.567,0.570-0.973,0.493,"(3, 1, 1, 1, 0)"
AIM-P003-173.jpg,700,560,3,0.027-0.170,0.211-0.838,0.870-0.968,0/0/0/0,si,0.167-0.563,0.566-0.973,0.493,"(3, 1, 1, 1, 0)"
AIM-P003-174.jpg,700,560,3,0.027-0.170,0.209-0.838,0.870-0.968,0/0/0/0,si,0.169-0.570,0.573-0.973,0.492,"(3, 1, 1, 1, 0)"
AIM-P003-175.jpg,700,560,3,0.027-0.170,0.211-0.839,0.870-0.968,0/0/0/0,si,0.169-0.566,0.569-0.977,0.489,"(3, 1, 1, 1, 0)"
AIM-P003-176.png,700,560,3,0.027-0.170,0.211-0.838,0.870-0.968,0/0/0/0,si,0.033-0.204,0.281-0.876,0.469,"(3, 1, 1, 1, 0)"
AIM-P003-177.jpg,700,560,3,0.027-0.170,0.211-0.838,0.870-0.968,0/0/0/0,si,0.167-0.563,0.566-0.979,0.489,"(3, 1, 1, 1, 0)"
AIM-P003-178.jpg,700,560,3,0.027-0.170,0.211-0.838,0.870-0.968,0/0/0/0,si,0.169-0.570,0.573-0.979,0.490,"(3, 1, 1, 1, 0)"
AIM-P003-179.jpg,700,560,3,0.027-0.170,0.211-0.838,0.870-0.968,0/0/0/0,si,0.033-0.204,0.226-0.599,0.644,"(3, 1, 1, 1, 0)"
AIM-P003-180.jpg,700,560,3,0.027-0.170,0.211-0.838,0.868-0.966,0/0/0/0,si,0.169-0.566,0.569-0.973,0.494,"(3, 1, 1, 1, 0)"
AIM-P004-181.jpg,700,562,3,0.005-0.153,0.194-0.838,0.872-0.973,0/0/0/0,si,0.159-0.569,0.571-0.993,0.460,"(3, 1, 1, 1, 0)"
AIM-P004-182.png,700,560,3,0.027-0.170,0.211-0.838,0.870-0.968,0/0/0/0,si,0.167-0.566,0.569-0.973,0.493,"(3, 1, 1, 1, 0)"
AIM-P004-183.jpg,700,560,3,0.027-0.170,0.211-0.838,0.870-0.968,0/0/0/0,si,0.167-0.563,0.566-0.973,0.493,"(3, 1, 1, 1, 0)"
AIM-P004-184.jpg,700,560,3,0.027-0.170,0.211-0.838,0.870-0.968,0/0/0/0,si,0.169-0.566,0.569-0.973,0.494,"(3, 1, 1, 1, 0)"
AIM-P004-185.jpg,700,560,3,0.027-0.170,0.211-0.838,0.870-0.968,0/0/0/0,si,0.169-0.566,0.569-0.973,0.494,"(3, 1, 1, 1, 0)"
AIM-P004-186.jpg,700,560,3,0.027-0.170,0.211-0.838,0.870-0.968,0/0/0/0,si,0.167-0.567,0.570-0.967,0.496,"(3, 1, 1, 1, 0)"
AIM-P004-187.png,700,560,3,0.027-0.170,0.211-0.838,0.870-0.968,0/0/0/0,si,0.167-0.566,0.569-0.980,0.488,"(3, 1, 1, 1, 0)"
AIM-P004-188.jpg,700,560,3,0.027-0.170,0.211-0.838,0.870-0.968,0/0/0/0,si,0.167-0.566,0.569-0.973,0.493,"(3, 1, 1, 1, 0)"
AIM-P004-189.jpg,700,560,3,0.029-0.171,0.211-0.839,0.871-0.970,0/0/0/0,si,0.167-0.569,0.571-0.976,0.489,"(3, 1, 1, 1, 0)"
AIM-P004-190.jpg,4252,3402,3,0.028-0.170,0.211-0.839,0.871-0.969,0/0/0/0,si,0.166-0.562,0.562-0.975,0.491,"(3, 1, 1, 1, 0)"
AIM-P004-191.jpg,700,560,3,0.027-0.170,0.211-0.838,0.870-0.968,0/0/0/0,si,0.167-0.566,0.569-0.980,0.488,"(3, 1, 1, 1, 0)"
AIM-P004-192.jpg,700,560,3,0.029-0.171,0.211-0.839,0.871-0.970,0/0/0/0,si,0.167-0.566,0.569-0.976,0.489,"(3, 1, 1, 1, 0)"
AIM-P004-193.jpg,700,560,3,0.027-0.170,0.211-0.838,0.870-0.968,0/0/0/0,si,0.167-0.567,0.570-0.973,0.493,"(3, 1, 1, 1, 0)"
AIM-P004-194.jpg,700,560,3,0.027-0.170,0.211-0.838,0.870-0.968,0/0/0/0,si,0.167-0.563,0.566-0.973,0.493,"(3, 1, 1, 1, 0)"
AIM-P004-195.jpg,700,560,3,0.027-0.170,0.211-0.838,0.870-0.968,0/0/0/0,si,0.167-0.566,0.569-0.979,0.489,"(3, 1, 1, 1, 0)"
AIM-P004-196.jpg,700,560,3,0.029-0.171,0.211-0.839,0.871-0.970,0/0/0/0,si,0.169-0.567,0.570-0.976,0.490,"(3, 1, 1, 1, 0)"
AIM-P004-197.jpg,700,560,3,0.027-0.170,0.211-0.838,0.870-0.968,0/0/0/0,si,0.167-0.566,0.569-0.973,0.493,"(3, 1, 1, 1, 0)"
AIM-P004-198.jpg,700,560,3,0.027-0.170,0.211-0.838,0.868-0.966,0/0/0/0,si,0.169-0.570,0.573-0.973,0.494,"(3, 1, 1, 1, 0)"
AIM-P004-199.jpg,700,562,3,0.016-0.162,0.203-0.845,0.877-0.979,0/0/0/0,si,0.156-0.563,0.566-0.987,0.464,"(3, 1, 1, 1, 0)"
AIM-P004-200.jpg,700,560,3,0.027-0.170,0.211-0.838,0.870-0.968,0/0/0/0,si,0.169-0.566,0.569-0.973,0.494,"(3, 1, 1, 1, 0)"
AIM-P004-201.jpg,700,560,3,0.027-0.170,0.211-0.838,0.870-0.968,0/0/0/0,si,0.169-0.566,0.569-0.979,0.490,"(3, 1, 1, 1, 0)"
AIM-P004-202.jpg,4252,3402,3,0.028-0.170,0.211-0.839,0.871-0.969,0/0/0/0,si,0.166-0.561,0.562-0.974,0.492,"(3, 1, 1, 1, 0)"
AIM-P004-203.jpg,700,560,3,0.027-0.170,0.211-0.838,0.870-0.968,0/0/0/0,si,0.167-0.566,0.569-0.979,0.489,"(3, 1, 1, 1, 0)"
AIM-P004-204.jpg,700,560,3,0.027-0.170,0.209-0.838,0.870-0.968,0/0/0/0,si,0.169-0.570,0.573-0.973,0.492,"(3, 1, 1, 1, 0)"
AIM-P004-205.jpg,700,560,3,0.027-0.170,0.209-0.838,0.870-0.968,0/0/0/0,si,0.169-0.566,0.569-0.973,0.492,"(3, 1, 1, 1, 0)"
AIM-P004-206.jpg,700,560,3,0.027-0.170,0.211-0.838,0.868-0.966,0/0/0/0,si,0.169-0.566,0.569-0.973,0.494,"(3, 1, 1, 1, 0)"
AIM-P004-207.jpg,700,560,3,0.027-0.170,0.211-0.838,0.870-0.968,0/0/0/0,si,0.167-0.563,0.566-0.973,0.493,"(3, 1, 1, 1, 0)"
AIM-P004-208.jpg,700,560,3,0.027-0.170,0.211-0.838,0.870-0.968,0/0/0/0,si,0.167-0.566,0.569-0.980,0.488,"(3, 1, 1, 1, 0)"
AIM-P004-209.jpg,700,560,3,0.029-0.171,0.211-0.839,0.871-0.970,0/0/0/0,si,0.167-0.570,0.573-0.976,0.489,"(3, 1, 1, 1, 0)"
AIM-P004-210.jpg,700,560,3,0.027-0.170,0.209-0.839,0.870-0.970,0/0/0/0,si,0.169-0.566,0.569-0.979,0.487,"(3, 1, 1, 1, 0)"
AIM-P004-211.jpg,700,560,3,0.027-0.170,0.211-0.838,0.870-0.968,0/0/0/0,si,0.167-0.570,0.573-0.977,0.490,"(3, 1, 1, 1, 0)"
AIM-P004-212.jpg,700,560,3,0.027-0.170,0.209-0.838,0.870-0.968,0/0/0/0,si,0.169-0.566,0.569-0.973,0.492,"(3, 1, 1, 1, 0)"
AIM-P004-213.jpg,700,560,3,0.027-0.170,0.207-0.838,0.870-0.968,0/0/0/0,si,0.170-0.570,0.573-0.977,0.489,"(3, 1, 1, 1, 0)"
AIM-P004-214.jpg,700,560,3,0.027-0.170,0.211-0.838,0.870-0.968,0/0/0/0,si,0.169-0.573,0.576-0.973,0.494,"(3, 1, 1, 1, 0)"
AIM-P004-215.png,700,560,3,0.027-0.170,0.211-0.838,0.870-0.968,0/0/0/0,si,0.167-0.566,0.569-0.973,0.493,"(3, 1, 1, 1, 0)"
AIM-P004-216.jpg,700,560,3,0.027-0.170,0.211-0.838,0.870-0.968,0/0/0/0,si,0.167-0.570,0.573-0.979,0.489,"(3, 1, 1, 1, 0)"
AIM-P004-217.jpg,4252,3402,3,0.028-0.170,0.211-0.839,0.871-0.969,0/0/0/0,si,0.186-0.575,0.575-0.981,0.500,"(3, 1, 1, 1, 0)"
AIM-P004-218.jpg,700,560,3,0.027-0.170,0.211-0.838,0.870-0.968,0/0/0/0,si,0.167-0.567,0.570-0.973,0.493,"(3, 1, 1, 1, 0)"
AIM-P004-219.jpg,700,560,3,0.027-0.170,0.211-0.838,0.870-0.968,0/0/0/0,si,0.167-0.566,0.569-0.973,0.493,"(3, 1, 1, 1, 0)"
AIM-P004-220.png,700,560,3,0.027-0.170,0.211-0.838,0.870-0.968,0/0/0/0,si,0.167-0.566,0.569-0.973,0.493,"(3, 1, 1, 1, 0)"
AIM-P004-221.jpg,700,560,3,0.027-0.170,0.211-0.838,0.870-0.968,0/0/0/0,si,0.167-0.570,0.573-0.980,0.488,"(3, 1, 1, 1, 0)"
AIM-P004-222.jpg,700,560,3,0.027-0.170,0.211-0.838,0.870-0.968,0/0/0/0,si,0.169-0.566,0.569-0.973,0.494,"(3, 1, 1, 1, 0)"
AIM-P004-223.jpg,700,560,3,0.027-0.170,0.211-0.838,0.870-0.968,0/0/0/0,si,0.167-0.563,0.566-0.973,0.493,"(3, 1, 1, 1, 0)"
AIM-P004-224.jpg,700,560,3,0.029-0.171,0.211-0.839,0.871-0.970,0/0/0/0,si,0.167-0.569,0.571-0.976,0.489,"(3, 1, 1, 1, 0)"
AIM-P004-225.jpg,700,560,3,0.027-0.170,0.211-0.838,0.870-0.968,0/0/0/0,si,0.167-0.566,0.569-0.979,0.489,"(3, 1, 1, 1, 0)"
AIM-P004-226.jpg,700,560,3,0.029-0.171,0.211-0.839,0.871-0.970,0/0/0/0,si,0.167-0.566,0.569-0.973,0.491,"(3, 1, 1, 1, 0)"
AIM-P004-227.jpg,700,560,3,0.027-0.170,0.209-0.838,0.870-0.968,0/0/0/0,si,0.169-0.569,0.571-0.973,0.492,"(3, 1, 1, 1, 0)"
AIM-P004-228.jpg,700,562,3,0.014-0.160,0.199-0.842,0.874-0.973,0/0/0/0,si,0.161-0.569,0.571-0.993,0.464,"(3, 1, 1, 1, 0)"
AIM-P004-229.jpg,700,562,3,0.016-0.164,0.205-0.851,0.881-0.982,0/0/0/0,si,0.157-0.567,0.570-0.993,0.458,"(3, 1, 1, 1, 0)"
AIM-P004-230.png,700,560,3,0.027-0.170,0.211-0.838,0.870-0.968,0/0/0/0,si,0.167-0.566,0.569-0.973,0.493,"(3, 1, 1, 1, 0)"
AIM-P004-231.jpg,700,560,3,0.027-0.170,0.211-0.838,0.870-0.968,0/0/0/0,si,0.169-0.566,0.569-0.973,0.494,"(3, 1, 1, 1, 0)"
AIM-P004-232.png,700,560,3,0.027-0.170,0.211-0.838,0.870-0.968,0/0/0/0,si,0.167-0.566,0.569-0.973,0.493,"(3, 1, 1, 1, 0)"
AIM-P004-233.jpg,4252,3402,3,0.028-0.170,0.211-0.839,0.871-0.969,0/0/0/0,si,0.166-0.566,0.566-0.974,0.492,"(3, 1, 1, 1, 0)"
AIM-P004-234.jpg,700,560,3,0.027-0.170,0.211-0.838,0.870-0.968,0/0/0/0,si,0.167-0.567,0.570-0.979,0.489,"(3, 1, 1, 1, 0)"
AIM-P004-235.jpg,700,560,3,0.027-0.170,0.211-0.838,0.870-0.968,0/0/0/0,si,0.167-0.564,0.567-0.979,0.489,"(3, 1, 1, 1, 0)"
AIM-P004-236.jpg,700,560,3,0.027-0.170,0.211-0.838,0.870-0.968,0/0/0/0,si,0.167-0.567,0.570-0.973,0.493,"(3, 1, 1, 1, 0)"
AIM-P004-237.png,510,408,3,0.027-0.169,0.211-0.838,0.870-0.968,0/0/0/0,si,0.171-0.567,0.571-0.975,0.492,"(3, 1, 1, 1, 0)"
AIM-P004-238.jpg,700,560,3,0.027-0.170,0.211-0.838,0.870-0.968,0/0/0/0,si,0.169-0.566,0.569-0.973,0.494,"(3, 1, 1, 1, 0)"
AIM-P004-239.jpg,700,560,3,0.027-0.170,0.211-0.838,0.870-0.968,0/0/0/0,si,0.169-0.566,0.569-0.977,0.491,"(3, 1, 1, 1, 0)"
AIM-P004-240.jpg,700,560,3,0.027-0.170,0.211-0.838,0.870-0.968,0/0/0/0,si,0.167-0.564,0.567-0.979,0.489,"(3, 1, 1, 1, 0)"
AIM-P005-241.jpg,700,560,3,0.027-0.170,0.209-0.838,0.870-0.968,0/0/0/0,si,0.169-0.566,0.569-0.973,0.492,"(3, 1, 1, 1, 0)"
AIM-P005-242.jpg,700,560,3,0.027-0.170,0.211-0.838,0.870-0.968,0/0/0/0,si,0.169-0.566,0.569-0.973,0.494,"(3, 1, 1, 1, 0)"
AIM-P005-243.jpg,700,560,3,0.027-0.170,0.211-0.838,0.870-0.968,0/0/0/0,si,0.169-0.567,0.570-0.979,0.490,"(3, 1, 1, 1, 0)"
AIM-P005-244.jpg,700,562,3,0.016-0.162,0.201-0.838,0.868-0.970,0/0/0/0,si,0.153-0.557,0.560-0.977,0.473,"(3, 1, 1, 1, 0)"
AIM-P005-245.jpg,700,560,3,0.027-0.170,0.211-0.838,0.870-0.968,0/0/0/0,si,0.167-0.564,0.567-0.979,0.489,"(3, 1, 1, 1, 0)"
AIM-P005-246.jpg,700,560,3,0.027-0.170,0.211-0.838,0.870-0.968,0/0/0/0,si,0.167-0.569,0.571-0.973,0.493,"(3, 1, 1, 1, 0)"
AIM-P005-247.jpg,700,560,3,0.027-0.170,0.211-0.838,0.870-0.968,0/0/0/0,si,0.167-0.566,0.569-0.973,0.493,"(3, 1, 1, 1, 0)"
AIM-P005-248.jpg,700,560,3,0.027-0.170,0.207-0.839,0.870-0.968,0/0/0/0,si,0.169-0.570,0.573-0.979,0.486,"(3, 1, 1, 1, 0)"
AIM-P005-249.png,700,560,3,0.027-0.170,0.211-0.838,0.870-0.968,0/0/0/0,si,0.167-0.566,0.569-0.973,0.493,"(3, 1, 1, 1, 0)"
AIM-P005-250.jpg,700,560,3,0.027-0.170,0.211-0.838,0.870-0.968,0/0/0/0,si,0.167-0.566,0.569-0.973,0.493,"(3, 1, 1, 1, 0)"
AIM-P005-251.jpg,700,560,3,0.027-0.170,0.211-0.838,0.870-0.968,0/0/0/0,si,0.167-0.564,0.567-0.979,0.489,"(3, 1, 1, 1, 0)"
AIM-P005-252.jpg,4252,3402,3,0.028-0.170,0.211-0.839,0.871-0.969,0/0/0/0,si,0.166-0.566,0.566-0.970,0.495,"(3, 1, 1, 1, 0)"
AIM-P005-253.jpg,700,560,3,0.027-0.170,0.211-0.838,0.870-0.968,0/0/0/0,si,0.167-0.570,0.573-0.973,0.493,"(3, 1, 1, 1, 0)"
AIM-P005-254.jpg,700,562,3,0.011-0.160,0.201-0.858,0.890-0.993,0/0/0/0,si,0.159-0.574,0.577-0.999,0.446,"(3, 1, 1, 1, 0)"
AIM-P005-255.jpg,700,560,3,0.027-0.170,0.211-0.838,0.870-0.968,0/0/0/0,si,0.167-0.566,0.569-0.979,0.489,"(3, 1, 1, 1, 0)"
AIM-P005-256.jpg,700,560,3,0.027-0.170,0.211-0.838,0.870-0.968,0/0/0/0,si,0.169-0.566,0.569-0.971,0.494,"(3, 1, 1, 1, 0)"
AIM-P005-257.png,700,560,3,0.027-0.170,0.211-0.838,0.870-0.968,0/0/0/0,si,0.167-0.566,0.569-0.973,0.493,"(3, 1, 1, 1, 0)"
AIM-P005-258.jpg,700,560,3,0.027-0.170,0.211-0.838,0.870-0.968,0/0/0/0,si,0.169-0.567,0.570-0.977,0.491,"(3, 1, 1, 1, 0)"
AIM-P005-259.jpg,700,560,3,0.027-0.170,0.209-0.838,0.870-0.968,0/0/0/0,si,0.167-0.569,0.571-0.980,0.487,"(3, 1, 1, 1, 0)"
AIM-P005-260.jpg,700,560,3,0.029-0.171,0.211-0.839,0.871-0.970,0/0/0/0,si,0.167-0.566,0.569-0.976,0.489,"(3, 1, 1, 1, 0)"
AIM-P005-261.jpg,700,560,3,0.027-0.170,0.211-0.838,0.870-0.968,0/0/0/0,si,0.196-0.320,,0.122,"(3, 1, 1, 1, 0)"
AIM-P005-262.jpg,700,560,3,0.029-0.171,0.211-0.839,0.871-0.970,0/0/0/0,si,0.167-0.564,0.567-0.976,0.489,"(3, 1, 1, 1, 0)"
AIM-P005-263.jpg,700,560,3,0.027-0.170,0.211-0.838,0.870-0.968,0/0/0/0,si,0.167-0.566,0.569-0.973,0.493,"(3, 1, 1, 1, 0)"
AIM-P005-264.jpg,700,560,3,0.027-0.170,0.211-0.841,0.870-0.968,0/0/0/0,si,0.169-0.566,0.569-0.984,0.483,"(3, 1, 1, 1, 0)"
AIM-P005-265.jpg,700,560,3,0.027-0.170,0.211-0.838,0.870-0.968,0/0/0/0,si,0.167-0.564,0.567-0.979,0.489,"(3, 1, 1, 1, 0)"
AIM-P005-266.jpg,700,560,3,0.027-0.170,0.209-0.838,0.870-0.968,0/0/0/0,si,0.169-0.570,0.573-0.979,0.489,"(3, 1, 1, 1, 0)"
AIM-P005-267.jpg,700,560,3,0.027-0.170,0.209-0.838,0.870-0.968,0/0/0/0,si,0.167-0.570,0.573-0.973,0.491,"(3, 1, 1, 1, 0)"
AIM-P005-268.jpg,700,560,3,0.027-0.170,0.209-0.838,0.870-0.968,0/0/0/0,si,0.169-0.569,0.571-0.973,0.492,"(3, 1, 1, 1, 0)"
AIM-P005-269.jpg,700,560,3,0.027-0.170,0.211-0.838,0.870-0.968,0/0/0/0,si,0.167-0.566,0.569-0.979,0.489,"(3, 1, 1, 1, 0)"
AIM-P005-270.png,700,560,3,0.027-0.170,0.198-0.827,0.863-0.977,0/0/0/0,si,0.167-0.566,0.569-0.973,0.491,"(3, 1, 1, 1, 0)"
AIM-P005-271.jpg,700,560,3,0.027-0.170,0.211-0.838,0.870-0.968,0/0/0/0,si,0.169-0.566,0.569-0.973,0.494,"(3, 1, 1, 1, 0)"
AIM-P005-272.jpg,700,560,3,0.027-0.170,0.211-0.838,0.868-0.966,0/0/0/0,si,0.167-0.570,0.573-0.973,0.493,"(3, 1, 1, 1, 0)"
AIM-P005-273.jpg,700,560,3,0.027-0.170,0.211-0.838,0.870-0.968,0/0/0/0,si,0.169-0.570,0.573-0.979,0.490,"(3, 1, 1, 1, 0)"
AIM-P005-274.jpg,700,560,3,0.027-0.170,0.211-0.839,0.870-0.968,0/0/0/0,si,0.169-0.567,0.570-0.977,0.489,"(3, 1, 1, 1, 0)"
AIM-P005-275.jpg,700,560,3,0.027-0.170,0.211-0.838,0.870-0.968,0/0/0/0,si,0.167-0.564,0.567-0.979,0.489,"(3, 1, 1, 1, 0)"
AIM-P005-276.jpg,700,560,3,0.027-0.170,0.209-0.838,0.870-0.968,0/0/0/0,si,0.169-0.569,0.571-0.973,0.492,"(3, 1, 1, 1, 0)"
AIM-P005-277.jpg,700,560,3,0.027-0.171,0.209-0.839,0.868-0.970,0/0/0/0,si,0.169-0.569,0.571-0.974,0.490,"(3, 1, 1, 1, 0)"
AIM-P005-278.jpg,700,560,3,0.027-0.170,0.211-0.838,0.870-0.968,0/0/0/0,si,0.169-0.566,0.569-0.973,0.494,"(3, 1, 1, 1, 0)"
AIM-P005-279.jpg,700,560,3,0.027-0.170,0.209-0.838,0.870-0.968,0/0/0/0,si,0.169-0.566,0.569-0.973,0.492,"(3, 1, 1, 1, 0)"
AIM-P005-280.jpg,700,560,3,0.029-0.171,0.211-0.839,0.871-0.970,0/0/0/0,si,0.169-0.570,0.573-0.974,0.491,"(3, 1, 1, 1, 0)"
AIM-P005-281.jpg,700,560,3,0.027-0.170,0.211-0.838,0.870-0.968,0/0/0/0,si,0.167-0.564,0.567-0.977,0.490,"(3, 1, 1, 1, 0)"
AIM-P005-282.png,700,560,3,0.027-0.170,0.211-0.838,0.870-0.968,0/0/0/0,si,0.167-0.566,0.569-0.973,0.493,"(3, 1, 1, 1, 0)"
AIM-P005-283.jpg,700,560,3,0.027-0.170,0.211-0.838,0.870-0.968,0/0/0/0,si,0.169-0.570,0.573-0.973,0.494,"(3, 1, 1, 1, 0)"
AIM-P005-284.jpg,4252,3402,3,0.028-0.170,0.211-0.839,0.871-0.969,0/0/0/0,si,0.166-0.564,0.565-0.973,0.493,"(3, 1, 1, 1, 0)"
AIM-P005-285.jpg,700,562,3,0.021-0.165,0.206-0.847,0.879-0.998,0/0/0/0,si,0.164-0.571,0.574-0.993,0.467,"(3, 1, 1, 1, 0)"
AIM-P005-286.jpg,700,560,3,0.027-0.170,0.211-0.838,0.870-0.968,0/0/0/0,si,0.170-0.567,0.570-0.979,0.491,"(3, 1, 1, 1, 0)"
AIM-P005-287.jpg,700,560,3,0.027-0.170,0.211-0.838,0.870-0.968,0/0/0/0,si,0.169-0.566,0.569-0.973,0.494,"(3, 1, 1, 1, 0)"
AIM-P005-288.jpg,700,560,3,0.027-0.170,0.211-0.838,0.870-0.968,0/0/0/0,si,0.169-0.567,0.570-0.973,0.494,"(3, 1, 1, 1, 0)"
AIM-P005-289.jpg,700,560,3,0.027-0.170,0.211-0.838,0.868-0.966,0/0/0/0,si,0.169-0.566,0.569-0.973,0.494,"(3, 1, 1, 1, 0)"
AIM-P005-290.jpg,700,560,3,0.027-0.170,0.211-0.838,0.870-0.968,0/0/0/0,si,0.167-0.566,0.569-0.977,0.490,"(3, 1, 1, 1, 0)"
AIM-P005-291.jpg,700,560,3,0.027-0.170,0.211-0.838,0.870-0.968,0/0/0/0,si,0.167-0.599,0.674-0.867,0.559,"(3, 1, 1, 1, 0)"
AIM-P005-292.jpg,700,560,3,0.027-0.170,0.211-0.838,0.870-0.968,0/0/0/0,si,0.167-0.566,0.569-0.977,0.490,"(3, 1, 1, 1, 0)"
AIM-P005-293.png,700,560,3,0.027-0.170,0.211-0.838,0.870-0.968,0/0/0/0,si,0.167-0.564,0.567-0.977,0.490,"(3, 1, 1, 1, 0)"
AIM-P005-294.jpg,700,560,3,0.027-0.170,0.211-0.838,0.870-0.968,0/0/0/0,si,0.167-0.566,0.569-0.973,0.493,"(3, 1, 1, 1, 0)"
AIM-P005-295.jpg,700,560,3,0.027-0.170,0.211-0.838,0.870-0.968,0/0/0/0,si,0.167-0.570,0.573-0.980,0.488,"(3, 1, 1, 1, 0)"
AIM-P005-296.png,700,560,3,0.027-0.170,0.211-0.838,0.870-0.968,0/0/0/0,si,0.167-0.563,0.566-0.971,0.494,"(3, 1, 1, 1, 0)"
AIM-P005-297.jpg,700,560,3,0.029-0.171,0.211-0.839,0.871-0.970,0/0/0/0,si,0.167-0.569,0.571-0.976,0.489,"(3, 1, 1, 1, 0)"
AIM-P005-298.jpg,700,560,3,0.027-0.170,0.211-0.838,0.870-0.968,0/0/0/0,si,0.167-0.566,0.569-0.979,0.489,"(3, 1, 1, 1, 0)"
AIM-P005-299.jpg,700,560,3,0.027-0.170,0.211-0.838,0.870-0.968,0/0/0/0,si,0.167-0.566,0.569-0.973,0.493,"(3, 1, 1, 1, 0)"
AIM-P005-300.png,700,560,3,0.027-0.170,0.211-0.838,0.870-0.968,0/0/0/0,si,0.167-0.566,0.569-0.973,0.493,"(3, 1, 1, 1, 0)"
AIM-P006-301.jpg,700,560,3,0.027-0.170,0.211-0.838,0.870-0.968,0/0/0/0,si,0.167-0.570,0.573-0.977,0.490,"(3, 1, 1, 1, 0)"
AIM-P006-302.jpg,700,560,3,0.027-0.170,0.211-0.838,0.870-0.968,0/0/0/0,si,0.167-0.567,0.570-0.973,0.493,"(3, 1, 1, 1, 0)"
AIM-P006-303.jpg,700,560,3,0.027-0.170,0.209-0.838,0.870-0.968,0/0/0/0,si,0.169-0.566,0.569-0.979,0.489,"(3, 1, 1, 1, 0)"
AIM-P006-304.jpg,700,560,3,0.027-0.170,0.211-0.838,0.870-0.968,0/0/0/0,si,0.167-0.569,0.571-0.977,0.490,"(3, 1, 1, 1, 0)"
AIM-P006-305.png,700,560,3,0.027-0.170,0.211-0.838,0.870-0.968,0/0/0/0,si,0.167-0.566,0.569-0.973,0.493,"(3, 1, 1, 1, 0)"
AIM-P006-306.jpg,700,560,3,0.027-0.170,0.211-0.838,0.870-0.968,0/0/0/0,si,0.167-0.566,0.569-0.973,0.493,"(3, 1, 1, 1, 0)"
AIM-P006-307.jpg,700,560,3,0.027-0.170,0.211-0.838,0.870-0.968,0/0/0/0,si,0.167-0.566,0.569-0.973,0.493,"(3, 1, 1, 1, 0)"
AIM-P006-308.gif,700,562,3,0.025-0.169,0.208-0.843,0.874-0.973,0/0/0/0,si,0.160-0.561,0.564-0.974,0.480,"(3, 1, 1, 1, 0)"
AIM-P006-309.jpg,700,560,3,0.027-0.170,0.211-0.838,0.870-0.968,0/0/0/0,si,0.167-0.566,0.569-0.973,0.493,"(3, 1, 1, 1, 0)"
AIM-P006-310.jpg,700,573,3,0.042-0.182,0.220-0.829,0.860-0.955,0/0/0/0,si,0.170-0.566,0.569-0.970,0.510,"(3, 1, 1, 1, 0)"
AIM-P006-311.jpg,4252,3402,3,0.028-0.170,0.211-0.839,0.871-0.969,0/0/0/0,si,0.166-0.567,0.567-0.978,0.490,"(3, 1, 1, 1, 0)"
AIM-P006-312.gif,700,560,3,0.025-0.173,0.207-0.836,0.868-0.971,0/0/0/0,si,0.166-0.564,0.567-0.974,0.489,"(3, 1, 1, 1, 0)"
AIM-P006-313.jpg,700,573,3,0.042-0.182,0.220-0.829,0.860-0.955,0/0/0/0,si,0.170-0.564,0.567-0.970,0.510,"(3, 1, 1, 1, 0)"
AIM-P006-314.jpg,700,560,3,0.027-0.170,0.211-0.838,0.870-0.968,0/0/0/0,si,0.169-0.566,0.569-0.977,0.491,"(3, 1, 1, 1, 0)"
AIM-P006-315.jpg,800,640,3,0.028-0.170,0.211-0.838,0.870-0.969,0/0/0/0,si,0.168-0.565,0.568-0.979,0.490,"(3, 1, 1, 1, 0)"
AIM-P006-316.jpg,700,560,3,0.027-0.170,0.211-0.838,0.870-0.968,0/0/0/0,si,0.167-0.566,0.569-0.973,0.493,"(3, 1, 1, 1, 0)"
AIM-P006-317.jpg,700,560,3,0.027-0.170,0.211-0.838,0.870-0.968,0/0/0/0,si,0.167-0.563,0.566-0.977,0.490,"(3, 1, 1, 1, 0)"
AIM-P006-318.jpg,700,560,3,0.027-0.170,0.211-0.838,0.870-0.968,0/0/0/0,si,0.167-0.566,0.569-0.977,0.490,"(3, 1, 1, 1, 0)"
AIM-P006-319.jpg,700,560,3,0.029-0.171,0.211-0.839,0.871-0.970,0/0/0/0,si,0.169-0.567,0.570-0.976,0.490,"(3, 1, 1, 1, 0)"
AIM-P006-320.gif,700,562,3,0.023-0.169,0.208-0.847,0.879-0.980,0/0/0/0,si,0.164-0.571,0.574-0.987,0.472,"(3, 1, 1, 1, 0)"
AIM-P006-321.jpg,700,560,3,0.027-0.170,0.211-0.838,0.870-0.968,0/0/0/0,si,0.167-0.570,0.573-0.977,0.490,"(3, 1, 1, 1, 0)"
AIM-P006-322.gif,700,560,3,0.025-0.173,0.207-0.836,0.868-0.971,0/0/0/0,si,0.166-0.564,0.567-0.971,0.491,"(3, 1, 1, 1, 0)"
AIM-P006-323.jpg,700,560,3,0.027-0.170,0.211-0.838,0.870-0.968,0/0/0/0,si,0.167-0.567,0.570-0.977,0.490,"(3, 1, 1, 1, 0)"
AIM-P006-324.jpg,700,560,3,0.027-0.170,0.211-0.841,0.870-0.968,0/0/0/0,si,0.169-0.570,0.573-0.979,0.487,"(3, 1, 1, 1, 0)"
AIM-P006-325.gif,700,560,3,0.025-0.173,0.207-0.836,0.868-0.971,0/0/0/0,si,0.169-0.567,0.570-0.983,0.486,"(3, 1, 1, 1, 0)"
AIM-P006-326.jpg,800,640,3,0.028-0.170,0.211-0.838,0.870-0.969,0/0/0/0,si,0.168-0.565,0.568-0.979,0.490,"(3, 1, 1, 1, 0)"
AIM-P006-327.jpg,700,560,3,0.027-0.170,0.211-0.838,0.870-0.968,0/0/0/0,si,0.167-0.567,0.570-0.973,0.493,"(3, 1, 1, 1, 0)"
AIM-P006-328.jpg,700,560,3,0.027-0.170,0.211-0.838,0.870-0.968,0/0/0/0,si,0.167-0.566,0.569-0.973,0.493,"(3, 1, 1, 1, 0)"
AIM-P006-329.jpg,700,560,3,0.027-0.170,0.211-0.838,0.870-0.968,0/0/0/0,si,0.169-0.567,0.570-0.979,0.490,"(3, 1, 1, 1, 0)"
AIM-P006-330.jpg,700,560,3,0.029-0.171,0.211-0.839,0.871-0.970,0/0/0/0,si,0.167-0.566,0.569-0.976,0.489,"(3, 1, 1, 1, 0)"
AIM-P006-331.png,700,560,3,0.027-0.170,0.211-0.838,0.870-0.968,0/0/0/0,si,0.167-0.566,0.569-0.973,0.493,"(3, 1, 1, 1, 0)"
AIM-P006-332.jpg,800,640,3,0.028-0.170,0.211-0.838,0.870-0.969,0/0/0/0,si,0.168-0.565,0.568-0.979,0.490,"(3, 1, 1, 1, 0)"
AIM-P006-333.gif,700,560,3,0.025-0.173,0.205-0.836,0.868-0.971,0/0/0/0,si,0.169-0.567,0.570-0.980,0.486,"(3, 1, 1, 1, 0)"
AIM-P006-334.gif,700,562,3,0.021-0.165,0.205-0.840,0.872-0.972,0/0/0/0,si,0.160-0.563,0.566-0.976,0.479,"(3, 1, 1, 1, 0)"
AIM-P006-335.png,700,560,3,0.027-0.170,0.211-0.838,0.870-0.968,0/0/0/0,si,0.167-0.556,0.559-0.973,0.493,"(3, 1, 1, 1, 0)"
AIM-P006-336.jpg,700,560,3,0.027-0.170,0.211-0.838,0.870-0.968,0/0/0/0,si,0.167-0.570,0.573-0.977,0.490,"(3, 1, 1, 1, 0)"
AIM-P006-337.jpg,700,560,3,0.029-0.171,0.211-0.839,0.871-0.970,0/0/0/0,si,0.167-0.570,0.573-0.976,0.489,"(3, 1, 1, 1, 0)"
AIM-P006-338.jpg,700,573,3,0.042-0.182,0.220-0.829,0.860-0.955,0/0/0/0,si,0.170-0.566,0.569-0.970,0.510,"(3, 1, 1, 1, 0)"
AIM-P006-339.jpg,700,560,3,0.027-0.170,0.211-0.838,0.870-0.968,0/0/0/0,si,0.169-0.566,0.569-0.973,0.494,"(3, 1, 1, 1, 0)"
AIM-P006-340.jpg,700,560,3,0.027-0.170,0.211-0.838,0.870-0.968,0/0/0/0,si,0.167-0.566,0.569-0.977,0.490,"(3, 1, 1, 1, 0)"
AIM-P006-341.jpg,4252,3402,3,0.028-0.170,0.211-0.839,0.871-0.969,0/0/0/0,si,0.166-0.566,0.566-0.977,0.490,"(3, 1, 1, 1, 0)"
AIM-P006-342.jpg,700,560,3,0.027-0.170,0.211-0.838,0.870-0.968,0/0/0/0,si,0.167-0.569,0.571-0.977,0.490,"(3, 1, 1, 1, 0)"
AIM-P006-343.jpg,700,560,3,0.027-0.170,0.211-0.838,0.870-0.968,0/0/0/0,si,0.169-0.570,0.573-0.973,0.494,"(3, 1, 1, 1, 0)"
AIM-P006-344.png,700,560,3,0.027-0.170,0.211-0.838,0.870-0.968,0/0/0/0,si,0.167-0.566,0.569-0.977,0.490,"(3, 1, 1, 1, 0)"
AIM-P006-345.jpg,700,560,3,0.027-0.170,0.211-0.838,0.870-0.968,0/0/0/0,si,0.167-0.566,0.569-0.973,0.493,"(3, 1, 1, 1, 0)"
AIM-P006-346.jpg,4252,3402,3,0.028-0.170,0.210-0.839,0.871-0.969,0/0/0/0,si,0.166-0.566,0.566-0.976,0.491,"(3, 1, 1, 1, 0)"
AIM-P006-347.jpg,800,640,3,0.028-0.170,0.211-0.838,0.870-0.969,0/0/0/0,si,0.168-0.565,0.568-0.979,0.490,"(3, 1, 1, 1, 0)"
AIM-P006-348.gif,700,560,3,0.025-0.173,0.207-0.836,0.868-0.971,0/0/0/0,si,0.169-0.557,0.560-0.971,0.493,"(3, 1, 1, 1, 0)"
AIM-P006-349.jpg,700,560,3,0.027-0.170,0.211-0.838,0.870-0.968,0/0/0/0,si,0.167-0.566,0.569-0.977,0.490,"(3, 1, 1, 1, 0)"
AIM-P006-350.jpg,700,560,3,0.027-0.170,0.211-0.838,0.870-0.968,0/0/0/0,si,0.167-0.566,0.569-0.973,0.493,"(3, 1, 1, 1, 0)"
AIM-P006-351.jpg,700,560,3,0.027-0.170,0.209-0.839,0.870-0.968,0/0/0/0,si,0.167-0.569,0.571-0.973,0.490,"(3, 1, 1, 1, 0)"
AIM-P006-352.jpg,700,560,3,0.027-0.170,0.211-0.839,0.870-0.968,0/0/0/0,si,0.169-0.559,0.561-0.970,0.494,"(3, 1, 1, 1, 0)"
AIM-P006-353.jpg,800,640,3,0.028-0.170,0.211-0.838,0.870-0.969,0/0/0/0,si,0.168-0.565,0.568-0.979,0.490,"(3, 1, 1, 1, 0)"
AIM-P006-354.gif,700,560,3,0.025-0.173,0.207-0.836,0.868-0.971,0/0/0/0,si,0.169-0.560,0.563-0.976,0.490,"(3, 1, 1, 1, 0)"
AIM-P006-355.jpg,700,560,3,0.027-0.170,0.211-0.838,0.870-0.968,0/0/0/0,si,0.167-0.567,0.570-0.977,0.490,"(3, 1, 1, 1, 0)"
AIM-P006-356.jpg,700,560,3,0.027-0.170,0.211-0.838,0.870-0.968,0/0/0/0,si,0.167-0.566,0.569-0.977,0.490,"(3, 1, 1, 1, 0)"
AIM-P006-357.gif,700,560,3,0.025-0.173,0.207-0.838,0.868-0.971,0/0/0/0,si,0.169-0.573,0.576-0.974,0.490,"(3, 1, 1, 1, 0)"
AIM-P006-358.jpg,700,560,3,0.027-0.170,0.211-0.838,0.870-0.968,0/0/0/0,si,0.167-0.566,0.569-0.979,0.489,"(3, 1, 1, 1, 0)"
AIM-P006-359.jpg,700,560,3,0.029-0.171,0.211-0.839,0.871-0.970,0/0/0/0,si,0.167-0.569,0.571-0.976,0.489,"(3, 1, 1, 1, 0)"
AIM-P006-360.png,700,560,3,0.027-0.170,0.211-0.838,0.870-0.968,0/0/0/0,si,0.167-0.566,0.569-0.973,0.493,"(3, 1, 1, 1, 0)"
AIM-P007-361.jpg,700,560,3,0.027-0.170,0.211-0.838,0.870-0.968,0/0/0/0,si,0.167-0.569,0.571-0.977,0.490,"(3, 1, 1, 1, 0)"
AIM-P007-362.jpg,700,560,3,0.027-0.170,0.209-0.839,0.870-0.970,0/0/0/0,si,0.169-0.566,0.569-0.979,0.487,"(3, 1, 1, 1, 0)"
AIM-P007-363.jpg,700,560,3,0.027-0.170,0.211-0.838,0.870-0.968,0/0/0/0,si,0.169-0.564,0.567-0.976,0.492,"(3, 1, 1, 1, 0)"
AIM-P007-364.jpg,700,560,3,0.027-0.170,0.211-0.838,0.870-0.968,0/0/0/0,si,0.167-0.566,0.569-0.977,0.490,"(3, 1, 1, 1, 0)"
AIM-P007-365.jpg,800,640,3,0.028-0.170,0.211-0.838,0.870-0.969,0/0/0/0,si,0.168-0.565,0.568-0.979,0.490,"(3, 1, 1, 1, 0)"
AIM-P007-366.jpg,700,560,3,0.027-0.170,0.209-0.838,0.870-0.968,0/0/0/0,si,0.167-0.566,0.569-0.979,0.488,"(3, 1, 1, 1, 0)"
AIM-P007-367.gif,700,562,3,0.014-0.162,0.203-0.852,0.883-0.986,0/0/0/0,si,0.153-0.566,0.569-0.987,0.456,"(3, 1, 1, 1, 0)"
AIM-P007-368.jpg,700,560,3,0.027-0.170,0.211-0.838,0.870-0.968,0/0/0/0,si,0.167-0.566,0.569-0.971,0.494,"(3, 1, 1, 1, 0)"
AIM-P007-369.jpg,4252,3402,3,0.028-0.170,0.207-0.839,0.871-0.969,0/0/0/0,si,0.166-0.561,0.561-0.975,0.488,"(3, 1, 1, 1, 0)"
AIM-P007-370.jpg,700,560,3,0.027-0.170,0.211-0.838,0.870-0.968,0/0/0/0,si,0.169-0.899,,0.108,"(3, 1, 1, 1, 0)"
AIM-P007-371.gif,700,560,3,0.025-0.173,0.207-0.841,0.868-0.971,0/0/0/0,si,0.031-0.206,0.223-0.981,0.395,"(3, 1, 1, 1, 0)"
AIM-P007-372.png,700,560,3,0.027-0.170,0.211-0.838,0.870-0.968,0/0/0/0,si,0.167-0.566,0.569-0.973,0.493,"(3, 1, 1, 1, 0)"
AIM-P007-373.jpg,700,560,3,0.027-0.170,0.211-0.838,0.870-0.968,0/0/0/0,si,0.169-0.564,0.567-0.979,0.490,"(3, 1, 1, 1, 0)"
AIM-P007-374.jpg,700,560,3,0.027-0.170,0.211-0.838,0.870-0.968,0/0/0/0,si,0.169-0.566,0.569-0.977,0.491,"(3, 1, 1, 1, 0)"
AIM-P007-375.jpg,700,560,3,0.027-0.170,0.211-0.838,0.870-0.968,0/0/0/0,si,0.169-0.570,0.573-0.973,0.494,"(3, 1, 1, 1, 0)"
AIM-P007-376.png,700,567,3,0.000-0.150,0.194-0.861,0.894-0.998,70/70/56/56,si,0.143-0.570,0.573-0.999,0.427,"(3, 1, 1, 1, 4)"
AIM-P007-377.jpg,700,560,3,0.027-0.170,0.211-0.838,0.870-0.968,0/0/0/0,si,0.167-0.566,0.569-0.977,0.490,"(3, 1, 1, 1, 0)"
AIM-P007-378.jpg,4252,3402,3,0.028-0.170,0.211-0.839,0.871-0.969,0/0/0/0,si,0.166-0.566,0.566-0.979,0.490,"(3, 1, 1, 1, 0)"
AIM-P007-379.jpg,700,560,3,0.029-0.171,0.211-0.839,0.871-0.970,0/0/0/0,si,0.167-0.564,0.567-0.976,0.489,"(3, 1, 1, 1, 0)"
AIM-P007-380.png,700,560,3,0.027-0.170,0.211-0.838,0.870-0.968,0/0/0/0,si,0.167-0.566,0.569-0.973,0.493,"(3, 1, 1, 1, 0)"
AIM-P007-381.gif,700,560,3,0.025-0.173,0.207-0.839,0.868-0.971,0/0/0/0,si,0.169-0.567,0.570-0.981,0.484,"(3, 1, 1, 1, 0)"
AIM-P007-382.jpg,700,560,3,0.027-0.170,0.211-0.838,0.870-0.968,0/0/0/0,si,0.167-0.567,0.570-0.973,0.493,"(3, 1, 1, 1, 0)"
AIM-P007-383.jpg,700,573,3,0.042-0.180,0.218-0.827,0.859-0.955,0/0/0/0,si,0.173-0.566,0.569-0.970,0.512,"(3, 1, 1, 1, 0)"
AIM-P007-384.jpg,700,560,3,0.029-0.171,0.211-0.839,0.871-0.970,0/0/0/0,si,0.167-0.564,0.567-0.973,0.491,"(3, 1, 1, 1, 0)"
AIM-P007-385.jpg,700,560,3,0.027-0.170,0.211-0.838,0.870-0.968,0/0/0/0,si,0.167-0.566,0.569-0.976,0.491,"(3, 1, 1, 1, 0)"
AIM-P007-386.jpg,700,560,3,0.027-0.170,0.211-0.838,0.870-0.968,0/0/0/0,si,0.167-0.566,0.569-0.979,0.489,"(3, 1, 1, 1, 0)"
AIM-P007-387.jpg,700,560,3,0.027-0.170,0.211-0.841,0.870-0.968,0/0/0/0,si,0.169-0.566,0.569-0.977,0.488,"(3, 1, 1, 1, 0)"
AIM-P007-388.jpg,700,560,3,0.027-0.170,0.211-0.838,0.870-0.968,0/0/0/0,si,0.169-0.567,0.570-0.973,0.494,"(3, 1, 1, 1, 0)"
AIM-P007-389.gif,700,562,3,0.016-0.162,0.203-0.849,0.879-0.982,0/0/0/0,si,0.157-0.486,0.489-0.984,0.463,"(3, 1, 1, 1, 0)"
AIM-P007-390.gif,700,560,3,0.025-0.173,0.207-0.839,0.868-0.971,0/0/0/0,si,0.169-0.567,0.570-0.980,0.485,"(3, 1, 1, 1, 0)"
AIM-P007-391.png,700,560,3,0.027-0.170,0.211-0.838,0.870-0.968,0/0/0/0,si,0.167-0.564,0.567-0.973,0.493,"(3, 1, 1, 1, 0)"
AIM-P007-392.png,700,560,3,0.027-0.170,0.211-0.838,0.870-0.968,0/0/0/0,si,0.167-0.566,0.569-0.973,0.493,"(3, 1, 1, 1, 0)"
AIM-P007-393.jpg,700,560,3,0.027-0.170,0.200-0.838,0.870-0.968,0/0/0/0,si,0.169-0.570,0.573-0.979,0.481,"(3, 1, 1, 1, 0)"
AIM-P007-394.jpg,700,560,3,0.029-0.171,0.211-0.839,0.871-0.970,0/0/0/0,si,0.169-0.566,0.569-0.976,0.490,"(3, 1, 1, 1, 0)"
AIM-P007-395.jpg,700,560,3,0.027-0.170,0.211-0.838,0.870-0.968,0/0/0/0,si,0.167-0.566,0.569-0.977,0.490,"(3, 1, 1, 1, 0)"
AIM-P007-396.jpg,700,560,3,0.027-0.170,0.211-0.838,0.870-0.968,0/0/0/0,si,0.167-0.566,0.569-0.976,0.491,"(3, 1, 1, 1, 0)"
AIM-P007-397.jpg,700,560,3,0.027-0.170,0.211-0.838,0.870-0.968,0/0/0/0,si,0.167-0.561,0.564-0.973,0.493,"(3, 1, 1, 1, 0)"
AIM-P007-398.jpg,700,560,3,0.027-0.170,0.211-0.838,0.870-0.968,0/0/0/0,si,0.167-0.566,0.569-0.977,0.490,"(3, 1, 1, 1, 0)"
AIM-P007-399.jpg,700,560,3,0.027-0.170,0.211-0.838,0.870-0.968,0/0/0/0,si,0.169-0.570,0.573-0.973,0.494,"(3, 1, 1, 1, 0)"
AIM-P007-400.gif,700,560,3,0.025-0.173,0.207-0.838,0.868-0.971,0/0/0/0,si,0.169-0.570,0.573-0.977,0.488,"(3, 1, 1, 1, 0)"
AIM-P007-401.png,700,560,3,0.027-0.170,0.211-0.838,0.870-0.968,0/0/0/0,si,0.167-0.566,0.569-0.973,0.493,"(3, 1, 1, 1, 0)"
AIM-P007-402.jpg,700,560,3,0.029-0.171,0.211-0.839,0.871-0.970,0/0/0/0,si,0.167-0.566,0.569-0.976,0.489,"(3, 1, 1, 1, 0)"
AIM-P007-403.jpg,700,560,3,0.027-0.170,0.211-0.843,0.870-0.968,0/0/0/0,si,0.169-0.570,0.573-0.980,0.485,"(3, 1, 1, 1, 0)"
AIM-P007-404.gif,700,562,3,0.021-0.165,0.205-0.838,0.870-0.970,0/0/0/0,si,0.159-0.560,0.563-0.971,0.483,"(3, 1, 1, 1, 0)"
AIM-P007-405.jpg,700,560,3,0.027-0.170,0.211-0.838,0.870-0.968,0/0/0/0,si,0.167-0.566,0.569-0.977,0.490,"(3, 1, 1, 1, 0)"
AIM-P007-406.jpg,700,560,3,0.027-0.170,0.211-0.838,0.870-0.968,0/0/0/0,si,0.167-0.566,0.569-0.973,0.493,"(3, 1, 1, 1, 0)"
AIM-P007-407.jpg,800,640,3,0.028-0.170,0.211-0.838,0.870-0.969,0/0/0/0,si,0.168-0.565,0.568-0.979,0.490,"(3, 1, 1, 1, 0)"
AIM-P007-408.jpg,700,560,3,0.029-0.171,0.211-0.839,0.871-0.970,0/0/0/0,si,0.169-0.567,0.570-0.976,0.490,"(3, 1, 1, 1, 0)"
AIM-P007-409.jpg,700,573,3,0.042-0.182,0.220-0.829,0.860-0.955,0/0/0/0,si,0.170-0.566,0.569-0.970,0.510,"(3, 1, 1, 1, 0)"
AIM-P007-410.jpg,700,560,3,0.027-0.170,0.211-0.838,0.870-0.968,0/0/0/0,si,0.169-0.566,0.569-0.977,0.491,"(3, 1, 1, 1, 0)"
AIM-P007-411.jpg,700,560,3,0.027-0.170,0.211-0.838,0.870-0.968,0/0/0/0,si,0.169-0.331,0.334-0.969,0.496,"(3, 1, 1, 1, 0)"
AIM-P007-412.jpg,700,560,3,0.029-0.170,0.211-0.843,0.870-0.968,0/0/0/0,si,0.167-0.570,0.573-0.980,0.484,"(3, 1, 1, 1, 0)"
AIM-P007-413.jpg,700,560,3,0.027-0.170,0.211-0.838,0.870-0.968,0/0/0/0,si,0.169-0.566,0.569-0.977,0.491,"(3, 1, 1, 1, 0)"
AIM-P007-414.jpg,700,560,3,0.027-0.170,0.205-0.839,0.870-0.970,0/0/0/0,si,0.171-0.451,0.454-0.977,0.487,"(3, 1, 1, 1, 0)"
AIM-P007-415.jpg,700,560,3,0.027-0.170,0.211-0.838,0.870-0.968,0/0/0/0,si,0.169-0.569,0.571-0.979,0.490,"(3, 1, 1, 1, 0)"
AIM-P007-416.jpg,800,640,3,0.028-0.170,0.209-0.838,0.870-0.969,0/0/0/0,si,0.169-0.565,0.568-0.979,0.489,"(3, 1, 1, 1, 0)"
AIM-P007-417.gif,700,560,3,0.025-0.173,0.207-0.836,0.868-0.971,0/0/0/0,si,0.169-0.567,0.570-0.977,0.489,"(3, 1, 1, 1, 0)"
AIM-P007-418.jpg,700,560,3,0.027-0.170,0.209-0.838,0.870-0.968,0/0/0/0,si,0.167-0.566,0.569-0.973,0.491,"(3, 1, 1, 1, 0)"
AIM-P007-419.jpg,700,573,3,0.042-0.182,0.220-0.829,0.860-0.955,0/0/0/0,si,0.170-0.569,0.571-0.970,0.510,"(3, 1, 1, 1, 0)"
AIM-P007-420.jpg,700,560,3,0.029-0.171,0.211-0.839,0.871-0.970,0/0/0/0,si,0.167-0.560,0.606-0.941,0.511,"(3, 1, 1, 1, 0)"
AIM-P008-421.jpg,700,573,3,0.042-0.182,0.220-0.829,0.860-0.955,0/0/0/0,si,0.170-0.564,0.567-0.970,0.510,"(3, 1, 1, 1, 0)"
AIM-P008-422.jpg,700,560,3,0.027-0.170,0.211-0.843,0.870-0.968,0/0/0/0,si,0.167-0.570,0.573-0.980,0.484,"(3, 1, 1, 1, 0)"
AIM-P008-423.png,700,560,3,0.027-0.170,0.211-0.838,0.870-0.968,0/0/0/0,si,0.167-0.566,0.569-0.973,0.493,"(3, 1, 1, 1, 0)"
AIM-P008-424.jpg,800,640,3,0.028-0.170,0.211-0.838,0.870-0.969,0/0/0/0,si,0.168-0.569,0.571-0.979,0.490,"(3, 1, 1, 1, 0)"
AIM-P008-425.jpg,700,560,3,0.029-0.171,0.211-0.839,0.871-0.970,0/0/0/0,si,0.167-0.566,0.569-0.976,0.489,"(3, 1, 1, 1, 0)"
AIM-P008-426.png,700,560,3,0.027-0.170,0.211-0.838,0.870-0.968,0/0/0/0,si,0.167-0.566,0.569-0.973,0.493,"(3, 1, 1, 1, 0)"
AIM-P008-427.jpg,700,560,3,0.027-0.170,0.211-0.838,0.870-0.968,0/0/0/0,si,0.169-0.566,0.569-0.973,0.494,"(3, 1, 1, 1, 0)"
AIM-P008-428.gif,700,562,3,0.021-0.169,0.210-0.854,0.886-0.988,0/0/0/0,si,0.157-0.567,0.570-0.987,0.463,"(3, 1, 1, 1, 0)"
AIM-P008-429.png,700,560,3,0.027-0.170,0.211-0.838,0.870-0.968,0/0/0/0,si,0.167-0.566,0.569-0.973,0.493,"(3, 1, 1, 1, 0)"
AIM-P008-430.jpg,700,560,3,0.027-0.170,0.211-0.838,0.870-0.968,0/0/0/0,si,0.167-0.566,0.569-0.973,0.493,"(3, 1, 1, 1, 0)"
AIM-P008-431.jpg,4252,3402,3,0.028-0.170,0.211-0.839,0.871-0.969,0/0/0/0,si,0.166-0.566,0.566-0.977,0.491,"(3, 1, 1, 1, 0)"
AIM-P008-432.jpg,700,560,3,0.027-0.170,0.209-0.838,0.870-0.968,0/0/0/0,si,0.169-0.570,0.573-0.979,0.489,"(3, 1, 1, 1, 0)"
AIM-P008-433.jpg,700,560,3,0.029-0.171,0.211-0.839,0.871-0.970,0/0/0/0,si,0.169-0.566,0.569-0.976,0.490,"(3, 1, 1, 1, 0)"
AIM-P008-434.jpg,700,560,3,0.027-0.170,0.211-0.838,0.870-0.968,0/0/0/0,si,0.169-0.566,0.569-0.973,0.494,"(3, 1, 1, 1, 0)"
AIM-P008-435.gif,700,560,3,0.025-0.173,0.207-0.841,0.868-0.971,0/0/0/0,si,0.169-0.569,0.571-0.981,0.482,"(3, 1, 1, 1, 0)"
AIM-P008-436.jpg,800,640,3,0.028-0.170,0.211-0.838,0.870-0.969,0/0/0/0,si,0.168-0.565,0.568-0.979,0.490,"(3, 1, 1, 1, 0)"
AIM-P008-437.jpg,700,560,3,0.027-0.170,0.211-0.838,0.870-0.968,0/0/0/0,si,0.167-0.566,0.569-0.973,0.493,"(3, 1, 1, 1, 0)"
AIM-P008-438.jpg,800,640,3,0.028-0.170,0.211-0.838,0.870-0.969,0/0/0/0,si,0.168-0.565,0.568-0.978,0.490,"(3, 1, 1, 1, 0)"
AIM-P008-439.gif,700,562,3,0.011-0.160,0.201-0.858,0.890-0.995,0/0/0/0,si,0.153-0.571,0.574-0.999,0.442,"(3, 1, 1, 1, 0)"
AIM-P008-440.jpg,700,560,3,0.027-0.170,0.211-0.838,0.870-0.968,0/0/0/0,si,0.167-0.566,0.569-0.977,0.490,"(3, 1, 1, 1, 0)"
AIM-P008-441.jpg,700,560,3,0.027-0.170,0.211-0.838,0.870-0.968,0/0/0/0,si,0.167-0.566,0.569-0.973,0.493,"(3, 1, 1, 1, 0)"
AIM-P008-442.gif,700,560,3,0.027-0.170,0.211-0.838,0.870-0.968,0/0/0/0,si,0.167-0.563,0.566-0.976,0.491,"(3, 1, 1, 1, 0)"
AIM-P008-443.jpg,700,560,3,0.029-0.171,0.211-0.839,0.871-0.970,0/0/0/0,si,0.167-0.567,0.570-0.976,0.489,"(3, 1, 1, 1, 0)"
AIM-P008-444.jpg,700,560,3,0.027-0.170,0.211-0.838,0.870-0.968,0/0/0/0,si,0.169-0.567,0.570-0.973,0.494,"(3, 1, 1, 1, 0)"
AIM-P008-445.jpeg,1600,1280,3,0.028-0.170,0.211-0.838,0.870-0.969,0/0/0/0,si,0.166-0.566,0.567-0.974,0.492,"(3, 1, 1, 1, 0)"
AIM-P008-446.jpg,800,640,3,0.028-0.170,0.211-0.838,0.870-0.969,0/0/0/0,si,0.168-0.565,0.568-0.979,0.490,"(3, 1, 1, 1, 0)"
AIM-P008-447.jpg,700,560,3,0.027-0.170,0.211-0.838,0.870-0.968,0/0/0/0,si,0.169-0.569,0.571-0.979,0.490,"(3, 1, 1, 1, 0)"
AIM-P008-448.gif,700,573,3,0.044-0.182,0.220-0.832,0.860-0.956,0/0/0/0,si,0.170-0.571,0.574-0.983,0.500,"(3, 1, 1, 1, 0)"
AIM-P008-449.jpg,700,560,3,0.027-0.170,0.211-0.838,0.870-0.968,0/0/0/0,si,0.169-0.570,0.573-0.973,0.494,"(3, 1, 1, 1, 0)"
AIM-P008-450.jpg,800,640,3,0.028-0.170,0.211-0.838,0.870-0.969,0/0/0/0,si,0.168-0.565,0.568-0.979,0.490,"(3, 1, 1, 1, 0)"
AIM-P008-451.jpeg,700,573,3,0.042-0.182,0.220-0.829,0.860-0.955,0/0/0/0,si,0.170-0.566,0.569-0.970,0.510,"(3, 1, 1, 1, 0)"
AIM-P008-452.jpg,700,560,3,0.027-0.170,0.211-0.843,0.870-0.968,0/0/0/0,si,0.169-0.570,0.573-0.980,0.485,"(3, 1, 1, 1, 0)"
AIM-P008-453.jpg,700,560,3,0.027-0.170,0.211-0.838,0.870-0.968,0/0/0/0,si,0.167-0.566,0.569-0.977,0.490,"(3, 1, 1, 1, 0)"
AIM-P008-454.gif,700,573,3,0.044-0.182,0.220-0.831,0.860-0.956,0/0/0/0,si,0.170-0.567,0.570-0.973,0.507,"(3, 1, 1, 1, 0)"
AIM-P008-455.jpg,700,573,3,0.042-0.182,0.220-0.829,0.860-0.955,0/0/0/0,si,0.170-0.563,0.566-0.970,0.510,"(3, 1, 1, 1, 0)"
AIM-P008-456.jpg,700,560,3,0.027-0.170,0.209-0.838,0.870-0.968,0/0/0/0,si,0.169-0.570,0.573-0.979,0.489,"(3, 1, 1, 1, 0)"
AIM-P008-457.jpg,700,560,3,0.029-0.171,0.211-0.839,0.871-0.970,0/0/0/0,si,0.167-0.569,0.571-0.976,0.489,"(3, 1, 1, 1, 0)"
AIM-P008-458.jpg,800,640,3,0.028-0.170,0.211-0.838,0.870-0.969,0/0/0/0,si,0.168-0.565,0.568-0.979,0.490,"(3, 1, 1, 1, 0)"
AIM-P008-459.jpg,700,560,3,0.027-0.170,0.211-0.838,0.870-0.968,0/0/0/0,si,0.167-0.569,0.571-0.973,0.493,"(3, 1, 1, 1, 0)"
AIM-P008-460.jpg,2560,2048,3,0.028-0.170,0.211-0.839,0.871-0.969,0/0/0/0,si,0.166-0.565,0.566-0.973,0.493,"(3, 1, 1, 1, 0)"
AIM-P008-461.jpg,700,560,3,0.029-0.171,0.211-0.839,0.871-0.970,0/0/0/0,si,0.167-0.564,0.567-0.976,0.489,"(3, 1, 1, 1, 0)"
AIM-P008-462.jpg,700,560,3,0.027-0.170,0.211-0.838,0.870-0.968,0/0/0/0,si,0.167-0.567,0.570-0.973,0.493,"(3, 1, 1, 1, 0)"
AIM-P008-463.png,700,560,3,0.027-0.170,0.211-0.838,0.870-0.968,0/0/0/0,si,0.167-0.566,0.569-0.973,0.493,"(3, 1, 1, 1, 0)"
AIM-P008-464.png,700,567,3,0.000-0.150,0.194-0.861,0.894-0.998,70/70/56/56,si,0.143-0.570,0.573-0.999,0.427,"(3, 1, 1, 1, 4)"
AIM-P008-465.gif,700,573,3,0.044-0.182,0.220-0.831,0.860-0.956,0/0/0/0,si,0.170-0.567,0.570-0.946,0.524,"(3, 1, 1, 1, 0)"
AIM-P008-466.jpg,700,560,3,0.027-0.170,0.211-0.838,0.870-0.968,0/0/0/0,si,0.167-0.566,0.569-0.973,0.493,"(3, 1, 1, 1, 0)"
AIM-P008-467.jpg,700,560,3,0.027-0.170,0.211-0.838,0.870-0.968,0/0/0/0,si,0.169-0.570,0.573-0.979,0.490,"(3, 1, 1, 1, 0)"
AIM-P008-468.jpg,700,560,3,0.027-0.170,0.211-0.838,0.870-0.968,0/0/0/0,si,0.167-0.564,0.567-0.973,0.493,"(3, 1, 1, 1, 0)"
AIM-P008-469.jpg,700,560,3,0.029-0.170,0.211-0.838,0.870-0.968,0/0/0/0,si,0.169-0.569,0.571-0.981,0.488,"(3, 1, 1, 1, 0)"
AIM-P008-470.jpg,800,640,3,0.028-0.170,0.211-0.838,0.870-0.969,0/0/0/0,si,0.168-0.565,0.568-0.979,0.490,"(3, 1, 1, 1, 0)"
AIM-P008-471.jpg,700,560,3,0.027-0.170,0.211-0.843,0.870-0.968,0/0/0/0,si,0.167-0.570,0.573-0.980,0.484,"(3, 1, 1, 1, 0)"
AIM-P008-472.jpg,800,640,3,0.028-0.170,0.211-0.838,0.870-0.969,0/0/0/0,si,0.168-0.565,0.568-0.979,0.490,"(3, 1, 1, 1, 0)"
AIM-P008-473.jpg,700,560,3,0.027-0.170,0.211-0.839,0.870-0.968,0/0/0/0,si,0.167-0.566,0.569-0.977,0.489,"(3, 1, 1, 1, 0)"
AIM-P008-474.gif,700,573,3,0.044-0.182,0.220-0.834,0.860-0.956,0/0/0/0,si,0.170-0.567,0.570-0.974,0.504,"(3, 1, 1, 1, 0)"
AIM-P008-475.jpg,700,560,3,0.027-0.170,0.211-0.838,0.870-0.968,0/0/0/0,si,0.169-0.567,0.570-0.973,0.494,"(3, 1, 1, 1, 0)"
AIM-P008-476.jpg,700,560,3,0.027-0.170,0.211-0.843,0.870-0.968,0/0/0/0,si,0.167-0.570,0.573-0.980,0.484,"(3, 1, 1, 1, 0)"
AIM-P008-477.gif,700,573,3,0.044-0.182,0.220-0.829,0.860-0.956,0/0/0/0,si,0.170-0.564,0.567-0.973,0.509,"(3, 1, 1, 1, 0)"
AIM-P008-478.jpg,700,560,3,0.027-0.170,0.211-0.838,0.870-0.968,0/0/0/0,si,0.169-0.570,0.573-0.979,0.490,"(3, 1, 1, 1, 0)"
AIM-P008-479.jpg,700,560,3,0.027-0.170,0.211-0.838,0.870-0.968,0/0/0/0,si,0.167-0.566,0.569-0.973,0.493,"(3, 1, 1, 1, 0)"
AIM-P008-480.jpg,700,560,3,0.027-0.170,0.211-0.843,0.870-0.968,0/0/0/0,si,0.167-0.570,0.573-0.980,0.484,"(3, 1, 1, 1, 0)"
AIM-P009-481.jpg,700,560,3,0.029-0.171,0.211-0.839,0.871-0.970,0/0/0/0,si,0.167-0.566,0.569-0.976,0.489,"(3, 1, 1, 1, 0)"
AIM-P009-482.jpg,2560,2048,3,0.028-0.170,0.211-0.839,0.871-0.969,0/0/0/0,si,0.166-0.561,0.562-0.977,0.490,"(3, 1, 1, 1, 0)"
AIM-P009-483.jpg,700,573,3,0.042-0.182,0.218-0.829,0.860-0.955,0/0/0/0,si,0.170-0.567,0.570-0.970,0.509,"(3, 1, 1, 1, 0)"
AIM-P009-484.jpg,700,560,3,0.029-0.171,0.211-0.839,0.871-0.970,0/0/0/0,si,0.169-0.566,0.569-0.976,0.490,"(3, 1, 1, 1, 0)"
AIM-P009-485.jpg,700,560,3,0.029-0.171,0.211-0.839,0.871-0.970,0/0/0/0,si,0.169-0.564,0.567-0.969,0.495,"(3, 1, 1, 1, 0)"
AIM-P009-486.jpg,700,560,3,0.027-0.170,0.209-0.838,0.870-0.968,0/0/0/0,si,0.167-0.570,0.573-0.977,0.489,"(3, 1, 1, 1, 0)"
AIM-P009-487.gif,700,573,3,0.044-0.182,0.220-0.834,0.860-0.956,0/0/0/0,si,0.036-0.207,,0.147,"(3, 1, 1, 1, 0)"
AIM-P009-488.jpg,700,560,3,0.027-0.170,0.211-0.838,0.870-0.968,0/0/0/0,si,0.167-0.566,0.569-0.977,0.490,"(3, 1, 1, 1, 0)"
AIM-P009-489.jpg,700,560,3,0.027-0.170,0.211-0.838,0.870-0.968,0/0/0/0,si,0.167-0.566,0.569-0.973,0.493,"(3, 1, 1, 1, 0)"
AIM-P009-490.jpg,700,560,3,0.027-0.170,0.211-0.838,0.870-0.968,0/0/0/0,si,0.167-0.566,0.569-0.973,0.493,"(3, 1, 1, 1, 0)"
AIM-P009-491.jpg,700,560,3,0.027-0.170,0.211-0.838,0.870-0.968,0/0/0/0,si,0.167-0.566,0.569-0.973,0.493,"(3, 1, 1, 1, 0)"
AIM-P009-492.jpg,700,560,3,0.027-0.170,0.211-0.838,0.870-0.968,0/0/0/0,si,0.169-0.570,0.573-0.979,0.490,"(3, 1, 1, 1, 0)"
AIM-P009-493.jpg,700,560,3,0.027-0.170,0.211-0.838,0.870-0.968,0/0/0/0,si,0.169-0.566,0.569-0.977,0.491,"(3, 1, 1, 1, 0)"
AIM-P009-494.jpg,700,560,3,0.027-0.170,0.211-0.838,0.870-0.968,0/0/0/0,si,0.169-0.566,0.569-0.973,0.494,"(3, 1, 1, 1, 0)"
AIM-P009-495.gif,700,573,3,0.044-0.182,0.220-0.831,0.860-0.956,0/0/0/0,si,0.170-0.566,0.569-0.976,0.506,"(3, 1, 1, 1, 0)"
AIM-P009-496.jpg,700,560,3,0.029-0.171,0.211-0.839,0.871-0.970,0/0/0/0,si,0.169-0.566,0.569-0.976,0.490,"(3, 1, 1, 1, 0)"
AIM-P009-497.jpg,700,560,3,0.027-0.170,0.211-0.843,0.870-0.968,0/0/0/0,si,0.167-0.570,0.573-0.980,0.484,"(3, 1, 1, 1, 0)"
AIM-P009-498.jpg,700,560,3,0.027-0.170,0.211-0.843,0.870-0.968,0/0/0/0,si,0.167-0.570,0.573-0.980,0.484,"(3, 1, 1, 1, 0)"
AIM-P009-499.jpg,700,560,3,0.027-0.170,0.211-0.838,0.870-0.968,0/0/0/0,si,0.169-0.509,,0.122,"(3, 1, 1, 1, 0)"
AIM-P009-500.jpg,700,560,3,0.027-0.170,0.209-0.838,0.870-0.968,0/0/0/0,si,0.169-0.561,0.564-0.979,0.489,"(3, 1, 1, 1, 0)"
AIM-P009-501.gif,700,573,3,0.044-0.182,0.220-0.831,0.860-0.956,0/0/0/0,si,0.170-0.567,0.570-0.976,0.506,"(3, 1, 1, 1, 0)"
AIM-P009-502.jpg,2560,2048,3,0.028-0.170,0.211-0.839,0.871-0.969,0/0/0/0,si,0.166-0.566,0.567-0.973,0.492,"(3, 1, 1, 1, 0)"
AIM-P009-503.jpg,700,560,3,0.025-0.168,0.209-0.836,0.868-0.966,0/0/0/0,si,0.167-0.566,0.569-0.979,0.489,"(3, 1, 1, 1, 0)"
AIM-P009-504.jpg,800,640,3,0.028-0.170,0.211-0.838,0.870-0.969,0/0/0/0,si,0.168-0.565,0.568-0.979,0.490,"(3, 1, 1, 1, 0)"
AIM-P009-505.jpg,700,560,3,0.027-0.170,0.211-0.838,0.870-0.968,0/0/0/0,si,0.167-0.566,0.569-0.973,0.493,"(3, 1, 1, 1, 0)"
AIM-P009-506.jpg,700,560,3,0.027-0.170,0.211-0.843,0.870-0.968,0/0/0/0,si,0.167-0.570,0.573-0.980,0.484,"(3, 1, 1, 1, 0)"
AIM-P009-507.jpg,700,560,3,0.029-0.171,0.211-0.839,0.871-0.970,0/0/0/0,si,0.167-0.569,0.571-0.976,0.489,"(3, 1, 1, 1, 0)"
AIM-P009-508.jpg,700,560,3,0.027-0.170,0.211-0.838,0.870-0.968,0/0/0/0,si,0.167-0.550,0.553-0.979,0.489,"(3, 1, 1, 1, 0)"
AIM-P009-509.png,700,560,3,0.027-0.170,0.211-0.838,0.870-0.968,0/0/0/0,si,0.167-0.566,0.569-0.973,0.493,"(3, 1, 1, 1, 0)"
AIM-P009-510.jpg,700,560,3,0.027-0.170,0.211-0.843,0.870-0.968,0/0/0/0,si,0.167-0.570,0.573-0.980,0.484,"(3, 1, 1, 1, 0)"
AIM-P009-511.gif,700,562,3,0.016-0.164,0.203-0.847,0.879-0.980,0/0/0/0,si,0.160-0.569,0.571-0.987,0.465,"(3, 1, 1, 1, 0)"
AIM-P009-512.png,700,560,3,0.027-0.170,0.211-0.838,0.870-0.968,0/0/0/0,si,0.167-0.566,0.569-0.973,0.493,"(3, 1, 1, 1, 0)"
AIM-P009-513.jpg,2560,2048,3,0.029-0.172,0.211-0.840,0.872-0.970,0/0/0/0,si,0.167-0.559,0.560-0.975,0.490,"(3, 1, 1, 1, 0)"
AIM-P009-514.gif,700,573,3,0.044-0.182,0.220-0.834,0.860-0.956,0/0/0/0,si,0.170-0.569,0.571-0.973,0.505,"(3, 1, 1, 1, 0)"
AIM-P009-515.jpg,700,560,3,0.027-0.170,0.211-0.838,0.870-0.968,0/0/0/0,si,0.167-0.566,0.569-0.973,0.493,"(3, 1, 1, 1, 0)"
AIM-P009-516.jpg,700,560,3,0.027-0.170,0.211-0.838,0.870-0.968,0/0/0/0,si,0.169-0.566,0.569-0.979,0.490,"(3, 1, 1, 1, 0)"
AIM-P009-517.jpg,700,560,3,0.027-0.170,0.211-0.838,0.870-0.968,0/0/0/0,si,0.169-0.570,0.573-0.979,0.490,"(3, 1, 1, 1, 0)"
AIM-P009-518.jpg,700,560,3,0.029-0.171,0.211-0.839,0.871-0.970,0/0/0/0,si,0.167-0.570,0.573-0.976,0.489,"(3, 1, 1, 1, 0)"
AIM-P009-519.png,700,560,3,0.027-0.170,0.211-0.838,0.870-0.968,0/0/0/0,si,0.033-0.204,0.304-0.896,0.457,"(3, 1, 1, 1, 0)"
AIM-P009-520.gif,700,573,3,0.044-0.182,0.220-0.831,0.860-0.956,0/0/0/0,si,0.170-0.567,0.570-0.977,0.505,"(3, 1, 1, 1, 0)"
AIM-P009-521.jpg,800,640,3,0.028-0.170,0.211-0.838,0.870-0.969,0/0/0/0,si,0.168-0.565,0.568-0.979,0.490,"(3, 1, 1, 1, 0)"
AIM-P009-522.jpg,700,560,3,0.027-0.170,0.211-0.838,0.870-0.968,0/0/0/0,si,0.167-0.566,0.569-0.977,0.490,"(3, 1, 1, 1, 0)"
AIM-P009-523.jpg,2560,2048,3,0.028-0.170,0.210-0.839,0.871-0.969,0/0/0/0,si,0.166-0.566,0.566-0.973,0.492,"(3, 1, 1, 1, 0)"
AIM-P009-524.jpg,700,560,3,0.027-0.170,0.211-0.839,0.870-0.968,0/0/0/0,si,0.196-0.571,0.594-0.959,0.518,"(3, 1, 1, 1, 0)"
AIM-P009-525.jpg,700,560,3,0.027-0.170,0.211-0.843,0.870-0.968,0/0/0/0,si,0.167-0.570,0.573-0.980,0.484,"(3, 1, 1, 1, 0)"
AIM-P009-526.jpg,700,560,3,0.027-0.170,0.211-0.838,0.870-0.968,0/0/0/0,si,0.167-0.566,0.569-0.977,0.490,"(3, 1, 1, 1, 0)"
AIM-P009-527.jpg,700,560,3,0.027-0.170,0.211-0.838,0.870-0.968,0/0/0/0,si,0.169-0.569,0.571-0.979,0.490,"(3, 1, 1, 1, 0)"
AIM-P009-528.jpg,700,560,3,0.027-0.170,0.211-0.839,0.870-0.968,0/0/0/0,si,0.167-0.566,0.569-0.973,0.491,"(3, 1, 1, 1, 0)"
AIM-P009-529.jpg,700,560,3,0.027-0.170,0.211-0.838,0.870-0.968,0/0/0/0,si,0.169-0.567,0.570-0.973,0.494,"(3, 1, 1, 1, 0)"
AIM-P009-530.jpg,700,560,3,0.029-0.171,0.211-0.839,0.871-0.970,0/0/0/0,si,0.170-0.570,0.573-0.973,0.493,"(3, 1, 1, 1, 0)"
AIM-P009-531.jpg,700,560,3,0.027-0.170,0.209-0.838,0.870-0.968,0/0/0/0,si,0.167-0.567,0.570-0.977,0.489,"(3, 1, 1, 1, 0)"
AIM-P009-532.gif,700,573,3,0.044-0.182,0.215-0.831,0.860-0.956,0/0/0/0,si,0.170-0.569,0.571-0.973,0.503,"(3, 1, 1, 1, 0)"
AIM-P009-533.gif,700,562,2,,0.011-0.849,0.881-0.982,0/0/0/0,no,0.009-0.587,0.590-0.996,0.170,"(2, 0, 1, 0, 0)"
AIM-P009-534.jpg,700,560,3,0.027-0.170,0.211-0.843,0.870-0.968,0/0/0/0,si,0.167-0.570,0.573-0.980,0.484,"(3, 1, 1, 1, 0)"
AIM-P009-535.gif,700,562,3,0.016-0.164,0.203-0.852,0.884-0.988,0/0/0/0,si,0.159-0.571,0.574-0.994,0.455,"(3, 1, 1, 1, 0)"
AIM-P009-536.jpg,700,573,3,0.042-0.182,0.220-0.829,0.860-0.955,0/0/0/0,si,0.170-0.566,0.569-0.970,0.510,"(3, 1, 1, 1, 0)"
AIM-P009-537.jpg,700,560,3,0.029-0.171,0.211-0.839,0.871-0.970,0/0/0/0,si,0.167-0.566,0.569-0.976,0.489,"(3, 1, 1, 1, 0)"
AIM-P009-538.jpg,700,560,3,0.027-0.170,0.211-0.838,0.870-0.968,0/0/0/0,si,0.167-0.566,0.569-0.973,0.493,"(3, 1, 1, 1, 0)"
AIM-P009-539.png,700,560,3,0.027-0.170,0.211-0.838,0.870-0.968,0/0/0/0,si,0.167-0.566,0.569-0.973,0.493,"(3, 1, 1, 1, 0)"
AIM-P009-540.jpg,700,560,3,0.027-0.170,0.211-0.838,0.870-0.968,0/0/0/0,si,0.167-0.567,0.570-0.977,0.490,"(3, 1, 1, 1, 0)"
AIM-P010-541.jpg,700,560,3,0.029-0.171,0.211-0.839,0.871-0.970,0/0/0/0,si,0.201-0.553,0.596-0.950,0.527,"(3, 1, 1, 1, 0)"
AIM-P010-542.jpg,700,560,3,0.027-0.170,0.211-0.838,0.870-0.968,0/0/0/0,si,0.167-0.566,0.569-0.977,0.490,"(3, 1, 1, 1, 0)"
AIM-P010-543.jpg,700,560,3,0.027-0.170,0.211-0.838,0.870-0.968,0/0/0/0,si,0.167-0.566,0.569-0.973,0.493,"(3, 1, 1, 1, 0)"
AIM-P010-544.gif,700,573,3,0.044-0.182,0.220-0.832,0.860-0.956,0/0/0/0,si,0.170-0.569,0.571-0.971,0.507,"(3, 1, 1, 1, 0)"
AIM-P010-545.jpg,700,560,3,0.027-0.170,0.211-0.838,0.870-0.968,0/0/0/0,si,0.167-0.570,0.573-0.977,0.490,"(3, 1, 1, 1, 0)"
AIM-P010-546.jpg,700,560,3,0.029-0.171,0.211-0.839,0.871-0.970,0/0/0/0,si,0.167-0.567,0.570-0.976,0.489,"(3, 1, 1, 1, 0)"
AIM-P010-547.jpg,700,560,3,0.027-0.170,0.211-0.839,0.870-0.968,0/0/0/0,si,0.169-0.570,0.573-0.979,0.489,"(3, 1, 1, 1, 0)"
AIM-P010-548.gif,700,562,3,0.018-0.164,0.205-0.852,0.883-0.986,0/0/0/0,si,0.160-0.571,0.574-0.991,0.459,"(3, 1, 1, 1, 0)"
AIM-P010-549.jpg,700,560,3,0.027-0.170,0.211-0.838,0.870-0.968,0/0/0/0,si,0.167-0.566,0.569-0.973,0.493,"(3, 1, 1, 1, 0)"
AIM-P010-550.gif,700,573,3,0.044-0.182,0.220-0.829,0.860-0.956,0/0/0/0,si,0.170-0.569,0.571-0.979,0.505,"(3, 1, 1, 1, 0)"
AIM-P010-551.png,700,560,3,0.027-0.170,0.211-0.838,0.870-0.968,0/0/0/0,si,0.167-0.566,0.569-0.973,0.493,"(3, 1, 1, 1, 0)"
AIM-P010-552.jpg,700,560,3,0.027-0.170,0.211-0.838,0.870-0.968,0/0/0/0,si,0.169-0.567,0.570-0.973,0.494,"(3, 1, 1, 1, 0)"
AIM-P010-553.jpg,800,640,3,0.028-0.170,0.211-0.838,0.870-0.969,0/0/0/0,si,0.168-0.565,0.568-0.979,0.490,"(3, 1, 1, 1, 0)"
AIM-P010-554.jpg,700,560,3,0.027-0.170,0.211-0.838,0.870-0.968,0/0/0/0,si,0.167-0.567,0.570-0.977,0.490,"(3, 1, 1, 1, 0)"
AIM-P010-555.jpg,700,560,3,0.027-0.170,0.209-0.838,0.870-0.968,0/0/0/0,si,0.167-0.570,0.573-0.971,0.492,"(3, 1, 1, 1, 0)"
AIM-P010-556.jpg,700,560,3,0.027-0.170,0.211-0.838,0.870-0.968,0/0/0/0,si,0.167-0.569,0.571-0.973,0.493,"(3, 1, 1, 1, 0)"
AIM-P010-557.jpg,700,560,3,0.027-0.170,0.209-0.838,0.870-0.968,0/0/0/0,si,0.169-0.566,0.569-0.977,0.489,"(3, 1, 1, 1, 0)"
AIM-P010-558.jpg,700,560,3,0.027-0.170,0.211-0.838,0.870-0.968,0/0/0/0,si,0.167-0.569,0.571-0.973,0.493,"(3, 1, 1, 1, 0)"
AIM-P010-559.jpg,700,560,3,0.027-0.170,0.211-0.838,0.870-0.968,0/0/0/0,si,0.167-0.566,0.569-0.977,0.490,"(3, 1, 1, 1, 0)"
AIM-P010-560.jpg,700,560,3,0.027-0.170,0.209-0.838,0.870-0.968,0/0/0/0,si,0.169-0.569,0.571-0.977,0.489,"(3, 1, 1, 1, 0)"
AIM-P010-561.jpg,700,560,3,0.027-0.170,0.209-0.838,0.870-0.968,0/0/0/0,si,0.169-0.570,0.573-0.979,0.489,"(3, 1, 1, 1, 0)"
AIM-P010-562.jpg,700,560,3,0.027-0.170,0.211-0.838,0.870-0.968,0/0/0/0,si,0.167-0.566,0.569-0.973,0.493,"(3, 1, 1, 1, 0)"
AIM-P010-563.jpg,700,560,3,0.027-0.170,0.211-0.838,0.870-0.968,0/0/0/0,si,0.167-0.566,0.569-0.973,0.493,"(3, 1, 1, 1, 0)"
AIM-P010-564.jpg,700,560,3,0.027-0.170,0.211-0.838,0.870-0.968,0/0/0/0,si,0.166-0.567,0.570-0.976,0.490,"(3, 1, 1, 1, 0)"
AIM-P010-565.jpg,700,560,3,0.027-0.170,0.211-0.838,0.870-0.968,0/0/0/0,si,0.167-0.466,0.469-0.973,0.493,"(3, 1, 1, 1, 0)"
AIM-P010-566.jpg,700,560,3,0.027-0.170,0.211-0.838,0.870-0.968,0/0/0/0,si,0.167-0.569,0.571-0.977,0.490,"(3, 1, 1, 1, 0)"
AIM-P010-567.gif,700,573,3,0.044-0.182,0.220-0.831,0.860-0.956,0/0/0/0,si,0.170-0.569,0.571-0.971,0.508,"(3, 1, 1, 1, 0)"
AIM-P010-568.jpg,700,560,3,0.027-0.170,0.211-0.843,0.870-0.968,0/0/0/0,si,0.167-0.570,0.573-0.980,0.484,"(3, 1, 1, 1, 0)"
AIM-P010-569.jpg,700,573,3,0.042-0.182,0.220-0.829,0.860-0.955,0/0/0/0,si,0.170-0.567,0.570-0.970,0.510,"(3, 1, 1, 1, 0)"
AIM-P010-570.jpg,700,560,3,0.027-0.170,0.211-0.838,0.870-0.968,0/0/0/0,si,0.167-0.566,0.569-0.977,0.490,"(3, 1, 1, 1, 0)"
AIM-P010-571.jpg,700,560,3,0.027-0.170,0.211-0.838,0.870-0.968,0/0/0/0,si,0.167-0.570,0.573-0.976,0.491,"(3, 1, 1, 1, 0)"
AIM-P010-572.jpg,700,560,3,0.027-0.170,0.211-0.838,0.870-0.968,0/0/0/0,si,0.167-0.566,0.569-0.973,0.493,"(3, 1, 1, 1, 0)"
AIM-P010-573.gif,700,573,3,0.044-0.182,0.220-0.831,0.860-0.956,0/0/0/0,si,0.170-0.566,0.569-0.971,0.508,"(3, 1, 1, 1, 0)"
AIM-P010-574.jpg,700,560,3,0.027-0.170,0.211-0.838,0.870-0.968,0/0/0/0,si,0.169-0.570,0.573-0.976,0.492,"(3, 1, 1, 1, 0)"
AIM-P010-575.jpg,2560,2048,3,0.028-0.170,0.211-0.839,0.871-0.969,0/0/0/0,si,0.166-0.566,0.567-0.973,0.492,"(3, 1, 1, 1, 0)"
AIM-P010-576.jpg,700,560,3,0.027-0.170,0.211-0.838,0.870-0.968,0/0/0/0,si,0.169-0.567,0.570-0.973,0.494,"(3, 1, 1, 1, 0)"
AIM-P010-577.jpg,700,573,3,0.042-0.182,0.220-0.829,0.860-0.955,0/0/0/0,si,0.170-0.570,0.573-0.970,0.510,"(3, 1, 1, 1, 0)"
AIM-P010-578.jpg,700,560,3,0.027-0.170,0.211-0.838,0.870-0.968,0/0/0/0,si,0.167-0.566,0.569-0.977,0.490,"(3, 1, 1, 1, 0)"
AIM-P010-579.jpg,700,560,3,0.027-0.170,0.211-0.838,0.870-0.968,0/0/0/0,si,0.167-0.566,0.569-0.973,0.493,"(3, 1, 1, 1, 0)"
AIM-P010-580.jpg,700,560,3,0.027-0.170,0.211-0.838,0.870-0.968,0/0/0/0,si,0.167-0.566,0.569-0.977,0.490,"(3, 1, 1, 1, 0)"
AIM-P010-581.jpg,700,560,3,0.027-0.170,0.211-0.838,0.870-0.968,0/0/0/0,si,0.167-0.566,0.569-0.973,0.493,"(3, 1, 1, 1, 0)"
AIM-P010-582.jpg,700,560,3,0.027-0.170,0.211-0.838,0.870-0.968,0/0/0/0,si,0.169-0.566,0.569-0.977,0.491,"(3, 1, 1, 1, 0)"
AIM-P010-583.jpg,700,560,3,0.027-0.170,0.211-0.838,0.870-0.968,0/0/0/0,si,0.167-0.570,0.573-0.977,0.490,"(3, 1, 1, 1, 0)"
AIM-P010-584.jpg,700,560,3,0.029-0.171,0.211-0.839,0.871-0.970,0/0/0/0,si,0.169-0.566,0.569-0.973,0.492,"(3, 1, 1, 1, 0)"
AIM-P010-585.jpg,700,560,3,0.027-0.170,0.211-0.838,0.870-0.968,0/0/0/0,si,0.167-0.566,0.569-0.977,0.490,"(3, 1, 1, 1, 0)"
AIM-P010-586.jpg,700,560,3,0.027-0.170,0.211-0.838,0.870-0.968,0/0/0/0,si,0.167-0.566,0.569-0.977,0.490,"(3, 1, 1, 1, 0)"
AIM-P010-587.jpg,700,560,3,0.027-0.170,0.211-0.838,0.870-0.968,0/0/0/0,si,0.169-0.566,0.569-0.973,0.494,"(3, 1, 1, 1, 0)"
AIM-P010-588.png,700,560,3,0.027-0.170,0.211-0.838,0.870-0.968,0/0/0/0,si,0.167-0.566,0.569-0.973,0.493,"(3, 1, 1, 1, 0)"
AIM-P010-589.jpg,700,560,3,0.027-0.170,0.211-0.838,0.870-0.968,0/0/0/0,si,0.167-0.570,0.573-0.973,0.493,"(3, 1, 1, 1, 0)"
AIM-P010-590.jpg,700,560,3,0.027-0.170,0.211-0.838,0.870-0.968,0/0/0/0,si,0.167-0.569,0.571-0.977,0.490,"(3, 1, 1, 1, 0)"
AIM-P010-591.jpg,700,560,3,0.027-0.170,0.211-0.843,0.870-0.968,0/0/0/0,si,0.167-0.570,0.573-0.980,0.484,"(3, 1, 1, 1, 0)"
AIM-P010-592.jpg,700,560,3,0.027-0.170,0.211-0.838,0.870-0.968,0/0/0/0,si,0.169-0.567,0.570-0.977,0.491,"(3, 1, 1, 1, 0)"
AIM-P010-593.gif,700,562,3,0.012-0.162,0.203-0.854,0.886-0.988,0/0/0/0,si,0.154-0.567,0.570-0.990,0.453,"(3, 1, 1, 1, 0)"
AIM-P010-594.jpg,700,560,3,0.029-0.171,0.211-0.839,0.871-0.970,0/0/0/0,si,0.167-0.570,0.573-0.976,0.489,"(3, 1, 1, 1, 0)"
AIM-P010-595.jpg,700,560,3,0.027-0.170,0.211-0.838,0.870-0.968,0/0/0/0,si,0.167-0.566,0.569-0.977,0.490,"(3, 1, 1, 1, 0)"
AIM-P010-596.jpg,700,560,3,0.027-0.170,0.211-0.838,0.870-0.968,0/0/0/0,si,0.167-0.566,0.569-0.973,0.493,"(3, 1, 1, 1, 0)"
AIM-P010-597.jpg,700,560,3,0.027-0.170,0.211-0.838,0.870-0.968,0/0/0/0,si,0.169-0.566,0.569-0.973,0.494,"(3, 1, 1, 1, 0)"
AIM-P010-598.jpg,700,560,3,0.029-0.171,0.211-0.839,0.871-0.970,0/0/0/0,si,0.169-0.566,0.569-0.976,0.490,"(3, 1, 1, 1, 0)"
AIM-P010-599.gif,700,573,3,0.044-0.182,0.220-0.831,0.860-0.956,0/0/0/0,si,0.170-0.564,0.567-0.971,0.508,"(3, 1, 1, 1, 0)"
AIM-P010-600.jpg,700,560,3,0.027-0.170,0.211-0.838,0.870-0.968,0/0/0/0,si,0.167-0.566,0.569-0.977,0.490,"(3, 1, 1, 1, 0)"
AIM-P011-601.jpg,700,560,3,0.027-0.170,0.211-0.838,0.870-0.968,0/0/0/0,si,0.167-0.566,0.569-0.973,0.493,"(3, 1, 1, 1, 0)"
AIM-P011-602.jpg,700,560,3,0.027-0.170,0.211-0.838,0.870-0.968,0/0/0/0,si,0.169-0.603,,0.113,"(3, 1, 1, 1, 0)"
AIM-P011-603.gif,700,573,2,0.044-0.182,0.204-0.956,,0/0/0/0,si,0.190-0.433,0.436-0.967,0.413,"(2, 1, 0, 1, 0)"
AIM-P011-604.jpg,700,573,3,0.040-0.180,0.218-0.827,0.859-0.953,0/0/0/0,si,0.170-0.564,0.567-0.970,0.510,"(3, 1, 1, 1, 0)"
AIM-P011-605.jpg,700,560,3,0.027-0.170,0.211-0.838,0.870-0.968,0/0/0/0,si,0.167-0.566,0.569-0.977,0.490,"(3, 1, 1, 1, 0)"
AIM-P011-606.jpg,2560,2048,3,0.028-0.170,0.211-0.839,0.871-0.969,0/0/0/0,si,0.166-0.566,0.567-0.973,0.492,"(3, 1, 1, 1, 0)"
AIM-P011-607.gif,700,562,3,0.018-0.164,0.203-0.840,0.872-0.973,0/0/0/0,si,0.031-0.237,,0.093,"(3, 1, 1, 1, 0)"
AIM-P011-608.png,700,560,3,0.027-0.170,0.211-0.838,0.870-0.968,0/0/0/0,si,0.167-0.566,0.569-0.973,0.493,"(3, 1, 1, 1, 0)"
AIM-P011-609.jpg,700,560,3,0.027-0.170,0.211-0.838,0.870-0.968,0/0/0/0,si,0.167-0.570,0.573-0.973,0.493,"(3, 1, 1, 1, 0)"
AIM-P011-610.jpg,700,573,3,0.042-0.182,0.220-0.829,0.860-0.955,0/0/0/0,si,0.170-0.566,0.569-0.970,0.510,"(3, 1, 1, 1, 0)"
AIM-P011-611.jpg,700,560,3,0.027-0.170,0.211-0.838,0.870-0.968,0/0/0/0,si,0.169-0.570,0.573-0.973,0.494,"(3, 1, 1, 1, 0)"
AIM-P011-612.jpg,700,560,3,0.027-0.170,0.211-0.838,0.870-0.968,0/0/0/0,si,0.169-0.569,0.571-0.977,0.491,"(3, 1, 1, 1, 0)"
AIM-P011-613.png,700,560,3,0.027-0.170,0.211-0.838,0.870-0.968,0/0/0/0,si,0.167-0.566,0.569-0.973,0.493,"(3, 1, 1, 1, 0)"
AIM-P011-614.jpg,700,560,3,0.027-0.170,0.211-0.838,0.870-0.968,0/0/0/0,si,0.167-0.566,0.569-0.977,0.490,"(3, 1, 1, 1, 0)"
AIM-P011-615.jpg,700,560,3,0.027-0.170,0.211-0.838,0.870-0.968,0/0/0/0,si,0.167-0.566,0.569-0.977,0.490,"(3, 1, 1, 1, 0)"
AIM-P011-616.jpg,700,560,3,0.027-0.170,0.211-0.838,0.870-0.968,0/0/0/0,si,0.167-0.566,0.569-0.979,0.489,"(3, 1, 1, 1, 0)"
AIM-P011-617.gif,700,573,3,0.044-0.182,0.220-0.829,0.860-0.956,0/0/0/0,si,0.170-0.573,0.576-0.973,0.509,"(3, 1, 1, 1, 0)"
AIM-P011-618.jpg,700,560,3,0.029-0.171,0.211-0.839,0.871-0.970,0/0/0/0,si,0.167-0.564,0.567-0.976,0.489,"(3, 1, 1, 1, 0)"
AIM-P011-619.jpg,700,560,3,0.027-0.170,0.211-0.843,0.870-0.968,0/0/0/0,si,0.167-0.570,0.573-0.980,0.484,"(3, 1, 1, 1, 0)"
AIM-P011-620.jpg,700,560,3,0.027-0.170,0.211-0.838,0.870-0.968,0/0/0/0,si,0.169-0.566,0.569-0.973,0.494,"(3, 1, 1, 1, 0)"
AIM-P011-621.jpg,700,560,3,0.027-0.170,0.211-0.838,0.870-0.968,0/0/0/0,si,0.169-0.566,0.569-0.977,0.491,"(3, 1, 1, 1, 0)"
AIM-P011-622.gif,700,562,3,0.020-0.165,0.205-0.845,0.875-0.977,0/0/0/0,si,0.163-0.569,0.571-0.983,0.472,"(3, 1, 1, 1, 0)"
AIM-P011-623.jpg,700,560,3,0.027-0.170,0.209-0.839,0.870-0.968,0/0/0/0,si,0.169-0.570,0.573-0.979,0.487,"(3, 1, 1, 1, 0)"
AIM-P011-624.jpg,700,560,3,0.027-0.170,0.211-0.838,0.870-0.968,0/0/0/0,si,0.167-0.566,0.569-0.973,0.493,"(3, 1, 1, 1, 0)"
AIM-P011-625.jpg,700,560,3,0.027-0.170,0.211-0.843,0.870-0.968,0/0/0/0,si,0.167-0.570,0.573-0.980,0.484,"(3, 1, 1, 1, 0)"
AIM-P011-626.jpg,700,560,3,0.027-0.170,0.209-0.839,0.868-0.970,0/0/0/0,si,0.169-0.567,0.570-0.977,0.488,"(3, 1, 1, 1, 0)"
AIM-P011-627.gif,700,573,3,0.044-0.182,0.220-0.829,0.860-0.956,0/0/0/0,si,0.170-0.561,0.564-0.971,0.510,"(3, 1, 1, 1, 0)"
AIM-P011-628.jpg,700,560,3,0.027-0.170,0.211-0.838,0.870-0.968,0/0/0/0,si,0.169-0.566,0.569-0.973,0.494,"(3, 1, 1, 1, 0)"
AIM-P011-629.jpg,700,560,3,0.027-0.170,0.196-0.838,0.870-0.968,0/0/0/0,si,0.239-0.386,0.389-0.891,0.579,"(3, 1, 1, 1, 0)"
AIM-P011-630.jpg,700,573,3,0.042-0.182,0.220-0.829,0.860-0.955,0/0/0/0,si,0.170-0.566,0.569-0.970,0.510,"(3, 1, 1, 1, 0)"
AIM-P011-631.jpg,2560,2048,3,0.028-0.170,0.211-0.839,0.871-0.969,0/0/0/0,si,0.166-0.566,0.567-0.975,0.491,"(3, 1, 1, 1, 0)"
AIM-P011-632.jpg,700,560,3,0.027-0.170,0.211-0.838,0.870-0.968,0/0/0/0,si,0.167-0.566,0.569-0.973,0.493,"(3, 1, 1, 1, 0)"
AIM-P011-633.gif,700,573,3,0.044-0.182,0.220-0.831,0.860-0.956,0/0/0/0,si,0.170-0.570,0.573-0.971,0.508,"(3, 1, 1, 1, 0)"
AIM-P011-634.jpg,700,560,3,0.027-0.170,0.211-0.838,0.870-0.968,0/0/0/0,si,0.233-0.566,0.569-0.923,0.565,"(3, 1, 1, 1, 0)"
AIM-P011-635.png,700,560,3,0.027-0.170,0.211-0.838,0.870-0.968,0/0/0/0,si,0.167-0.566,0.569-0.973,0.493,"(3, 1, 1, 1, 0)"
AIM-P011-636.png,700,560,3,0.027-0.170,0.211-0.838,0.870-0.968,0/0/0/0,si,0.167-0.566,0.569-0.979,0.489,"(3, 1, 1, 1, 0)"
AIM-P011-637.jpg,700,560,3,0.027-0.170,0.209-0.838,0.870-0.968,0/0/0/0,si,0.169-0.569,0.571-0.979,0.489,"(3, 1, 1, 1, 0)"
AIM-P011-638.jpg,700,560,3,0.029-0.170,0.211-0.838,0.870-0.968,0/0/0/0,si,0.169-0.603,0.631-0.916,0.529,"(3, 1, 1, 1, 0)"
AIM-P011-639.gif,700,562,3,0.027-0.173,0.212-0.847,0.877-0.979,0/0/0/0,si,0.159-0.563,0.566-0.976,0.479,"(3, 1, 1, 1, 0)"
AIM-P011-640.jpg,700,560,3,0.027-0.170,0.211-0.838,0.870-0.968,0/0/0/0,si,0.169-0.567,0.570-0.973,0.494,"(3, 1, 1, 1, 0)"
AIM-P011-641.jpg,700,560,3,0.027-0.170,0.211-0.838,0.870-0.968,0/0/0/0,si,0.169-0.570,0.573-0.977,0.491,"(3, 1, 1, 1, 0)"
AIM-P011-642.jpg,700,560,3,0.027-0.170,0.211-0.838,0.870-0.968,0/0/0/0,si,0.169-0.570,0.573-0.979,0.490,"(3, 1, 1, 1, 0)"
AIM-P011-643.png,700,560,3,0.027-0.170,0.211-0.838,0.870-0.968,0/0/0/0,si,0.167-0.566,0.569-0.973,0.493,"(3, 1, 1, 1, 0)"
AIM-P011-644.gif,700,573,3,0.044-0.182,0.220-0.831,0.860-0.956,0/0/0/0,si,0.170-0.570,0.573-0.983,0.501,"(3, 1, 1, 1, 0)"
AIM-P011-645.jpg,700,560,3,0.027-0.170,0.211-0.838,0.870-0.968,0/0/0/0,si,0.169-0.569,0.571-0.977,0.491,"(3, 1, 1, 1, 0)"
AIM-P011-646.jpg,700,560,3,0.027-0.170,0.211-0.838,0.870-0.968,0/0/0/0,si,0.169-0.566,0.569-0.973,0.494,"(3, 1, 1, 1, 0)"
AIM-P011-647.jpg,700,560,3,0.029-0.171,0.211-0.839,0.871-0.970,0/0/0/0,si,0.167-0.566,0.569-0.976,0.489,"(3, 1, 1, 1, 0)"
AIM-P011-648.jpg,700,560,3,0.027-0.170,0.211-0.838,0.870-0.968,0/0/0/0,si,0.167-0.844,,0.122,"(3, 1, 1, 1, 0)"
AIM-P011-649.jpg,700,560,3,0.027-0.170,0.211-0.838,0.870-0.968,0/0/0/0,si,0.169-0.566,0.569-0.973,0.494,"(3, 1, 1, 1, 0)"
AIM-P011-650.jpg,700,560,3,0.029-0.171,0.211-0.839,0.871-0.970,0/0/0/0,si,0.167-0.567,0.570-0.976,0.489,"(3, 1, 1, 1, 0)"
AIM-P011-651.gif,700,562,3,0.021-0.169,0.208-0.849,0.879-0.982,0/0/0/0,si,0.166-0.571,0.574-0.986,0.472,"(3, 1, 1, 1, 0)"
AIM-P011-652.jpg,700,560,3,0.027-0.170,0.211-0.845,0.870-0.968,0/0/0/0,si,0.167-0.571,0.574-0.980,0.482,"(3, 1, 1, 1, 0)"
AIM-P011-653.jpg,700,560,3,0.027-0.170,0.211-0.841,0.870-0.968,0/0/0/0,si,0.170-0.570,0.573-0.977,0.489,"(3, 1, 1, 1, 0)"
AIM-P011-654.jpg,700,560,3,0.027-0.170,0.211-0.838,0.870-0.968,0/0/0/0,si,0.169-0.566,0.569-0.977,0.491,"(3, 1, 1, 1, 0)"
AIM-P011-655.gif,700,573,3,0.044-0.182,0.220-0.831,0.860-0.956,0/0/0/0,si,0.170-0.563,0.566-0.973,0.507,"(3, 1, 1, 1, 0)"
AIM-P011-656.jpg,700,560,3,0.029-0.171,0.211-0.839,0.871-0.970,0/0/0/0,si,0.169-0.566,0.569-0.976,0.490,"(3, 1, 1, 1, 0)"
AIM-P011-657.png,2560,2048,3,0.028-0.170,0.211-0.839,0.871-0.969,0/0/0/0,si,0.166-0.566,0.567-0.974,0.492,"(3, 1, 1, 1, 0)"
AIM-P011-658.gif,700,573,3,0.044-0.182,0.220-0.832,0.860-0.956,0/0/0/0,si,0.169-0.564,0.567-0.973,0.505,"(3, 1, 1, 1, 0)"
AIM-P011-659.jpg,700,556,3,0.027-0.171,0.212-0.849,0.876-0.975,0/0/0/0,si,0.167-0.570,0.573-0.980,0.480,"(3, 1, 1, 1, 0)"
AIM-P011-660.gif,700,562,3,0.023-0.167,0.208-0.843,0.874-0.975,0/0/0/0,si,0.159-0.561,0.564-0.976,0.479,"(3, 1, 1, 1, 0)"
AIM-P012-661.jpg,700,560,3,0.027-0.170,0.211-0.838,0.870-0.968,0/0/0/0,si,0.167-0.569,0.571-0.973,0.493,"(3, 1, 1, 1, 0)"
AIM-P012-662.jpg,700,560,3,0.027-0.170,0.211-0.843,0.870-0.968,0/0/0/0,si,0.167-0.570,0.573-0.980,0.484,"(3, 1, 1, 1, 0)"
AIM-P012-663.jpg,700,560,3,0.027-0.170,0.211-0.838,0.870-0.968,0/0/0/0,si,0.167-0.570,0.573-0.977,0.490,"(3, 1, 1, 1, 0)"
AIM-P012-664.jpg,700,560,3,0.027-0.170,0.211-0.838,0.870-0.968,0/0/0/0,si,0.167-0.566,0.569-0.973,0.493,"(3, 1, 1, 1, 0)"
AIM-P012-665.jpg,700,560,3,0.027-0.170,0.211-0.838,0.870-0.968,0/0/0/0,si,0.167-0.566,0.569-0.977,0.490,"(3, 1, 1, 1, 0)"
AIM-P012-666.jpg,700,560,3,0.027-0.170,0.211-0.843,0.870-0.968,0/0/0/0,si,0.167-0.570,0.573-0.980,0.484,"(3, 1, 1, 1, 0)"
AIM-P012-667.jpg,700,560,3,0.027-0.170,0.211-0.838,0.870-0.968,0/0/0/0,si,0.169-0.570,0.573-0.977,0.491,"(3, 1, 1, 1, 0)"
AIM-P012-668.jpg,700,573,3,0.042-0.182,0.220-0.829,0.860-0.955,0/0/0/0,si,0.170-0.570,0.573-0.970,0.510,"(3, 1, 1, 1, 0)"
AIM-P012-669.jpg,700,560,3,0.027-0.170,0.211-0.838,0.870-0.968,0/0/0/0,si,0.169-0.567,0.570-0.973,0.494,"(3, 1, 1, 1, 0)"
AIM-P012-670.jpg,2560,2048,3,0.028-0.170,0.211-0.839,0.871-0.969,0/0/0/0,si,0.166-0.567,0.568-0.973,0.492,"(3, 1, 1, 1, 0)"
AIM-P012-671.gif,700,573,3,0.044-0.182,0.220-0.832,0.860-0.956,0/0/0/0,si,0.170-0.564,0.567-0.970,0.508,"(3, 1, 1, 1, 0)"
AIM-P012-672.jpg,700,560,3,0.029-0.171,0.211-0.839,0.871-0.970,0/0/0/0,si,0.167-0.570,0.573-0.976,0.489,"(3, 1, 1, 1, 0)"
AIM-P012-673.png,700,560,3,0.027-0.170,0.211-0.838,0.870-0.968,0/0/0/0,si,0.167-0.566,0.569-0.973,0.493,"(3, 1, 1, 1, 0)"
AIM-P012-674.gif,700,562,3,0.027-0.173,0.214-0.854,0.884-0.975,0/0/0/0,si,0.157-0.564,0.567-0.980,0.471,"(3, 1, 1, 1, 0)"
AIM-P012-675.jpg,700,560,3,0.027-0.170,0.211-0.838,0.870-0.968,0/0/0/0,si,0.170-0.566,0.569-0.973,0.494,"(3, 1, 1, 1, 0)"
AIM-P012-676.jpg,2560,2048,3,0.028-0.170,0.211-0.839,0.871-0.969,0/0/0/0,si,0.166-0.558,0.559-0.973,0.492,"(3, 1, 1, 1, 0)"
AIM-P012-677.jpg,700,560,3,0.027-0.170,0.211-0.838,0.870-0.968,0/0/0/0,si,0.167-0.570,0.573-0.977,0.490,"(3, 1, 1, 1, 0)"
AIM-P012-678.jpg,700,560,3,0.029-0.171,0.211-0.839,0.871-0.970,0/0/0/0,si,0.170-0.570,0.573-0.976,0.491,"(3, 1, 1, 1, 0)"
AIM-P012-679.jpg,700,573,3,0.042-0.182,0.220-0.829,0.860-0.955,0/0/0/0,si,0.170-0.566,0.569-0.970,0.510,"(3, 1, 1, 1, 0)"
AIM-P012-680.gif,700,573,3,0.044-0.182,0.220-0.831,0.860-0.956,0/0/0/0,si,0.170-0.564,0.567-0.971,0.508,"(3, 1, 1, 1, 0)"
AIM-P012-681.png,700,560,3,0.027-0.170,0.211-0.838,0.870-0.968,0/0/0/0,si,0.167-0.566,0.569-0.976,0.491,"(3, 1, 1, 1, 0)"
AIM-P012-682.jpg,700,560,3,0.027-0.170,0.211-0.838,0.870-0.968,0/0/0/0,si,0.169-0.599,,0.122,"(3, 1, 1, 1, 0)"
AIM-P012-683.jpg,700,560,3,0.027-0.170,0.209-0.838,0.870-0.968,0/0/0/0,si,0.169-0.567,0.570-0.973,0.492,"(3, 1, 1, 1, 0)"
AIM-P012-684.jpg,700,560,3,0.027-0.170,0.211-0.838,0.870-0.968,0/0/0/0,si,0.167-0.566,0.569-0.977,0.490,"(3, 1, 1, 1, 0)"
AIM-P012-685.jpg,700,573,3,0.042-0.182,0.220-0.829,0.860-0.955,0/0/0/0,si,0.170-0.566,0.569-0.970,0.510,"(3, 1, 1, 1, 0)"
AIM-P012-686.jpg,800,640,3,0.028-0.170,0.211-0.838,0.870-0.969,0/0/0/0,si,0.168-0.565,0.568-0.979,0.490,"(3, 1, 1, 1, 0)"
AIM-P012-687.gif,700,573,3,0.044-0.182,0.220-0.832,0.860-0.956,0/0/0/0,si,0.170-0.566,0.569-0.973,0.506,"(3, 1, 1, 1, 0)"
AIM-P012-688.jpg,700,560,3,0.027-0.170,0.211-0.843,0.870-0.968,0/0/0/0,si,0.167-0.570,0.573-0.980,0.484,"(3, 1, 1, 1, 0)"
AIM-P012-689.jpg,700,560,3,0.027-0.170,0.211-0.838,0.870-0.968,0/0/0/0,si,0.167-0.566,0.569-0.973,0.493,"(3, 1, 1, 1, 0)"
AIM-P012-690.jpg,700,560,3,0.027-0.170,0.211-0.838,0.870-0.968,0/0/0/0,si,0.167-0.569,0.571-0.973,0.493,"(3, 1, 1, 1, 0)"
AIM-P012-691.jpg,700,560,3,0.027-0.170,0.211-0.838,0.870-0.968,0/0/0/0,si,0.169-0.566,0.569-0.979,0.490,"(3, 1, 1, 1, 0)"
AIM-P012-692.png,700,560,3,0.027-0.170,0.211-0.838,0.870-0.968,0/0/0/0,si,0.167-0.566,0.569-0.973,0.493,"(3, 1, 1, 1, 0)"
AIM-P012-693.jpg,700,560,3,0.027-0.170,0.211-0.838,0.870-0.968,0/0/0/0,si,0.167-0.566,0.569-0.973,0.493,"(3, 1, 1, 1, 0)"
AIM-P012-694.jpg,700,560,3,0.027-0.170,0.211-0.838,0.870-0.968,0/0/0/0,si,0.167-0.566,0.569-0.977,0.490,"(3, 1, 1, 1, 0)"
AIM-P012-695.gif,700,573,3,0.044-0.182,0.220-0.832,0.860-0.956,0/0/0/0,si,0.170-0.566,0.569-0.971,0.507,"(3, 1, 1, 1, 0)"
AIM-P012-696.jpg,700,560,3,0.027-0.170,0.211-0.838,0.870-0.968,0/0/0/0,si,0.169-0.570,0.573-0.973,0.494,"(3, 1, 1, 1, 0)"
AIM-P012-697.jpg,800,640,3,0.028-0.170,0.211-0.838,0.870-0.969,0/0/0/0,si,0.168-0.565,0.568-0.979,0.490,"(3, 1, 1, 1, 0)"
AIM-P012-698.png,700,560,3,0.027-0.170,0.211-0.838,0.870-0.968,0/0/0/0,si,0.167-0.566,0.569-0.973,0.493,"(3, 1, 1, 1, 0)"
AIM-P012-699.gif,700,573,3,0.044-0.182,0.220-0.831,0.860-0.956,0/0/0/0,si,0.170-0.563,0.566-0.970,0.509,"(3, 1, 1, 1, 0)"
AIM-P012-700.jpg,700,560,3,0.027-0.170,0.211-0.843,0.870-0.968,0/0/0/0,si,0.167-0.570,0.573-0.980,0.484,"(3, 1, 1, 1, 0)"
AIM-P012-701.jpg,700,560,3,0.027-0.170,0.211-0.839,0.870-0.970,0/0/0/0,si,0.169-0.566,0.569-0.976,0.490,"(3, 1, 1, 1, 0)"
AIM-P012-702.jpg,700,560,3,0.027-0.170,0.211-0.838,0.870-0.968,0/0/0/0,si,0.167-0.566,0.569-0.977,0.490,"(3, 1, 1, 1, 0)"
AIM-P012-703.jpg,700,560,3,0.027-0.170,0.211-0.838,0.870-0.968,0/0/0/0,si,0.167-0.566,0.569-0.973,0.493,"(3, 1, 1, 1, 0)"
AIM-P012-704.jpg,700,560,3,0.027-0.170,0.211-0.838,0.870-0.968,0/0/0/0,si,0.169-0.599,0.691-0.856,0.567,"(3, 1, 1, 1, 0)"
AIM-P012-705.jpg,700,560,3,0.027-0.170,0.211-0.843,0.870-0.968,0/0/0/0,si,0.167-0.570,0.573-0.980,0.484,"(3, 1, 1, 1, 0)"
AIM-P012-706.jpg,700,560,3,0.027-0.170,0.211-0.838,0.870-0.968,0/0/0/0,si,0.169-0.603,0.654-0.977,0.491,"(3, 1, 1, 1, 0)"
AIM-P012-707.gif,700,573,3,0.044-0.182,0.220-0.834,0.860-0.956,0/0/0/0,si,0.170-0.561,0.564-0.974,0.504,"(3, 1, 1, 1, 0)"
AIM-P012-708.jpg,700,560,3,0.027-0.170,0.211-0.838,0.870-0.968,0/0/0/0,si,0.167-0.566,0.569-0.977,0.490,"(3, 1, 1, 1, 0)"
AIM-P012-709.jpg,700,560,3,0.027-0.170,0.209-0.839,0.870-0.970,0/0/0/0,si,0.169-0.570,0.573-0.979,0.487,"(3, 1, 1, 1, 0)"
AIM-P012-710.jpg,700,560,3,0.027-0.170,0.211-0.838,0.870-0.968,0/0/0/0,si,0.167-0.566,0.569-0.977,0.490,"(3, 1, 1, 1, 0)"
AIM-P012-711.gif,700,573,3,0.044-0.182,0.220-0.832,0.860-0.956,0/0/0/0,si,0.170-0.563,0.566-0.974,0.505,"(3, 1, 1, 1, 0)"
AIM-P012-712.png,700,560,3,0.027-0.170,0.211-0.838,0.870-0.968,0/0/0/0,si,0.167-0.569,0.571-0.973,0.493,"(3, 1, 1, 1, 0)"
AIM-P012-713.jpg,700,560,3,0.027-0.170,0.211-0.838,0.870-0.968,0/0/0/0,si,0.169-0.564,0.567-0.979,0.490,"(3, 1, 1, 1, 0)"
AIM-P012-714.jpg,700,560,3,0.027-0.170,0.211-0.838,0.870-0.968,0/0/0/0,si,0.167-0.566,0.569-0.973,0.493,"(3, 1, 1, 1, 0)"
AIM-P012-715.jpg,700,560,3,0.027-0.170,0.211-0.838,0.870-0.968,0/0/0/0,si,0.169-0.567,0.570-0.977,0.491,"(3, 1, 1, 1, 0)"
AIM-P012-716.gif,700,562,3,0.021-0.167,0.208-0.849,0.879-0.980,0/0/0/0,si,0.159-0.566,0.569-0.981,0.471,"(3, 1, 1, 1, 0)"
AIM-P012-717.gif,700,562,3,0.014-0.162,0.203-0.847,0.879-0.980,0/0/0/0,si,0.157-0.566,0.569-0.986,0.464,"(3, 1, 1, 1, 0)"
AIM-P012-718.jpg,700,560,3,0.027-0.170,0.209-0.838,0.870-0.968,0/0/0/0,si,0.169-0.570,0.573-0.979,0.489,"(3, 1, 1, 1, 0)"
AIM-P012-719.jpg,700,560,3,0.027-0.170,0.211-0.838,0.870-0.968,0/0/0/0,si,0.169-0.567,0.570-0.979,0.490,"(3, 1, 1, 1, 0)"
AIM-P012-720.jpg,700,560,3,0.027-0.170,0.211-0.838,0.870-0.968,0/0/0/0,si,0.167-0.563,0.566-0.976,0.491,"(3, 1, 1, 1, 0)"
AIM-P013-721.jpg,700,560,3,0.027-0.170,0.211-0.838,0.870-0.968,0/0/0/0,si,0.169-0.566,0.569-0.973,0.494,"(3, 1, 1, 1, 0)"
AIM-P013-722.jpg,700,573,3,0.042-0.180,0.218-0.827,0.859-0.955,0/0/0/0,si,0.167-0.609,0.687-0.854,0.579,"(3, 1, 1, 1, 0)"
AIM-P013-723.png,700,560,3,0.027-0.170,0.211-0.838,0.870-0.968,0/0/0/0,si,0.167-0.560,0.563-0.973,0.493,"(3, 1, 1, 1, 0)"
AIM-P013-724.jpg,2560,2048,3,0.028-0.170,0.209-0.839,0.871-0.969,0/0/0/0,si,0.166-0.568,0.569-0.979,0.487,"(3, 1, 1, 1, 0)"
AIM-P013-725.jpg,700,560,3,0.027-0.170,0.211-0.838,0.870-0.968,0/0/0/0,si,0.167-0.566,0.569-0.977,0.490,"(3, 1, 1, 1, 0)"
AIM-P013-726.jpg,800,640,3,0.028-0.170,0.211-0.838,0.870-0.969,0/0/0/0,si,0.168-0.565,0.568-0.979,0.490,"(3, 1, 1, 1, 0)"
AIM-P013-727.jpg,700,560,3,0.027-0.170,0.211-0.838,0.870-0.968,0/0/0/0,si,0.169-0.569,0.571-0.973,0.494,"(3, 1, 1, 1, 0)"
AIM-P013-728.jpg,700,560,3,0.027-0.170,0.211-0.839,0.870-0.970,0/0/0/0,si,0.169-0.567,0.570-0.979,0.489,"(3, 1, 1, 1, 0)"
AIM-P013-729.jpg,700,560,3,0.027-0.170,0.211-0.838,0.870-0.968,0/0/0/0,si,0.167-0.566,0.569-0.979,0.489,"(3, 1, 1, 1, 0)"
AIM-P013-730.gif,700,573,3,0.044-0.182,0.220-0.832,0.860-0.956,0/0/0/0,si,0.036-0.204,0.223-0.530,0.695,"(3, 1, 1, 1, 0)"
AIM-P013-731.jpg,700,573,3,0.042-0.182,0.220-0.829,0.860-0.955,0/0/0/0,si,0.171-0.567,0.570-0.970,0.511,"(3, 1, 1, 1, 0)"
AIM-P013-732.jpg,2560,2048,3,0.028-0.170,0.209-0.839,0.871-0.969,0/0/0/0,si,0.166-0.566,0.567-0.973,0.491,"(3, 1, 1, 1, 0)"
AIM-P013-733.jpg,700,560,3,0.027-0.170,0.211-0.838,0.870-0.968,0/0/0/0,si,0.167-0.566,0.569-0.973,0.493,"(3, 1, 1, 1, 0)"
AIM-P013-734.png,700,560,3,0.027-0.170,0.211-0.838,0.870-0.968,0/0/0/0,si,0.167-0.566,0.569-0.973,0.493,"(3, 1, 1, 1, 0)"
AIM-P013-735.jpg,700,560,3,0.027-0.170,0.211-0.838,0.870-0.968,0/0/0/0,si,0.169-0.570,0.573-0.979,0.490,"(3, 1, 1, 1, 0)"
AIM-P013-736.jpg,800,640,3,0.028-0.170,0.211-0.838,0.870-0.969,0/0/0/0,si,0.168-0.561,0.564-0.979,0.490,"(3, 1, 1, 1, 0)"
AIM-P013-737.gif,700,573,3,0.044-0.182,0.218-0.829,0.860-0.956,0/0/0/0,si,0.170-0.566,0.569-0.973,0.507,"(3, 1, 1, 1, 0)"
AIM-P013-738.jpg,700,560,3,0.027-0.170,0.211-0.838,0.870-0.968,0/0/0/0,si,0.167-0.566,0.569-0.977,0.490,"(3, 1, 1, 1, 0)"
AIM-P013-739.jpg,700,560,3,0.027-0.170,0.211-0.843,0.870-0.968,0/0/0/0,si,0.167-0.570,0.573-0.979,0.485,"(3, 1, 1, 1, 0)"
AIM-P013-740.jpg,700,560,3,0.027-0.170,0.211-0.843,0.870-0.968,0/0/0/0,si,0.167-0.570,0.573-0.980,0.484,"(3, 1, 1, 1, 0)"
AIM-P013-741.jpg,700,560,3,0.027-0.170,0.211-0.838,0.870-0.968,0/0/0/0,si,0.169-0.567,0.570-0.973,0.494,"(3, 1, 1, 1, 0)"
AIM-P013-742.jpg,2560,2048,3,0.028-0.170,0.210-0.839,0.871-0.969,0/0/0/0,si,0.166-0.566,0.567-0.977,0.490,"(3, 1, 1, 1, 0)"
AIM-P013-743.gif,700,573,3,0.044-0.182,0.218-0.829,0.860-0.956,0/0/0/0,si,0.170-0.566,0.569-0.973,0.507,"(3, 1, 1, 1, 0)"
AIM-P013-744.jpg,700,560,3,0.027-0.170,0.211-0.838,0.870-0.968,0/0/0/0,si,0.167-0.569,0.571-0.977,0.490,"(3, 1, 1, 1, 0)"
AIM-P013-745.jpg,700,560,3,0.027-0.170,0.211-0.838,0.870-0.968,0/0/0/0,si,0.169-0.567,0.570-0.973,0.494,"(3, 1, 1, 1, 0)"
AIM-P013-746.jpg,700,560,3,0.027-0.170,0.211-0.838,0.870-0.968,0/0/0/0,si,0.167-0.566,0.569-0.973,0.493,"(3, 1, 1, 1, 0)"
AIM-P013-747.jpg,700,560,3,0.029-0.171,0.211-0.839,0.871-0.970,0/0/0/0,si,0.167-0.570,0.573-0.976,0.489,"(3, 1, 1, 1, 0)"
AIM-P013-748.jpg,700,560,3,0.027-0.170,0.211-0.838,0.870-0.968,0/0/0/0,si,0.169-0.567,0.570-0.973,0.494,"(3, 1, 1, 1, 0)"
AIM-P013-749.jpg,700,573,3,0.042-0.182,0.220-0.829,0.860-0.955,0/0/0/0,si,0.170-0.564,0.567-0.970,0.510,"(3, 1, 1, 1, 0)"
AIM-P013-750.gif,700,573,3,0.044-0.182,0.220-0.831,0.860-0.956,0/0/0/0,si,0.170-0.563,0.566-0.971,0.508,"(3, 1, 1, 1, 0)"
AIM-P013-751.jpg,700,560,3,0.027-0.170,0.211-0.838,0.870-0.968,0/0/0/0,si,0.167-0.566,0.569-0.977,0.490,"(3, 1, 1, 1, 0)"
AIM-P013-752.jpg,700,560,3,0.027-0.170,0.211-0.838,0.870-0.968,0/0/0/0,si,0.169-0.570,0.573-0.979,0.490,"(3, 1, 1, 1, 0)"
AIM-P013-753.jpg,700,560,3,0.027-0.170,0.211-0.838,0.870-0.968,0/0/0/0,si,0.167-0.977,,0.122,"(3, 1, 1, 1, 0)"
AIM-P013-754.jpg,700,560,3,0.027-0.170,0.211-0.838,0.870-0.968,0/0/0/0,si,0.169-0.566,0.569-0.977,0.491,"(3, 1, 1, 1, 0)"
AIM-P013-755.gif,700,562,3,0.025-0.169,0.208-0.842,0.872-0.972,0/0/0/0,si,0.166-0.567,0.570-0.979,0.483,"(3, 1, 1, 1, 0)"
AIM-P013-756.jpg,700,573,3,0.042-0.182,0.220-0.829,0.860-0.955,0/0/0/0,si,0.170-0.564,0.567-0.970,0.510,"(3, 1, 1, 1, 0)"
AIM-P013-757.gif,700,573,3,0.044-0.182,0.220-0.829,0.860-0.956,0/0/0/0,si,0.170-0.563,0.566-0.971,0.510,"(3, 1, 1, 1, 0)"
AIM-P013-758.jpg,700,560,3,0.027-0.170,0.211-0.838,0.870-0.968,0/0/0/0,si,0.167-0.563,0.566-0.977,0.490,"(3, 1, 1, 1, 0)"
AIM-P013-759.jpg,700,560,3,0.029-0.170,0.211-0.838,0.870-0.968,0/0/0/0,si,0.169-0.566,0.569-0.977,0.491,"(3, 1, 1, 1, 0)"
AIM-P013-760.jpg,700,560,3,0.027-0.170,0.211-0.838,0.870-0.968,0/0/0/0,si,0.167-0.566,0.569-0.977,0.490,"(3, 1, 1, 1, 0)"
AIM-P013-761.jpg,700,560,3,0.027-0.170,0.211-0.838,0.870-0.968,0/0/0/0,si,0.167-0.566,0.569-0.973,0.493,"(3, 1, 1, 1, 0)"
AIM-P013-762.jpg,700,573,3,0.042-0.182,0.220-0.829,0.860-0.955,0/0/0/0,si,0.170-0.570,0.573-0.970,0.510,"(3, 1, 1, 1, 0)"
AIM-P013-763.jpg,700,560,3,0.027-0.170,0.211-0.838,0.870-0.968,0/0/0/0,si,0.167-0.570,0.573-0.977,0.490,"(3, 1, 1, 1, 0)"
AIM-P013-764.jpg,2560,2048,3,0.028-0.170,0.211-0.839,0.871-0.969,0/0/0/0,si,0.166-0.566,0.567-0.973,0.492,"(3, 1, 1, 1, 0)"
AIM-P013-765.gif,700,573,3,0.044-0.182,0.220-0.829,0.860-0.956,0/0/0/0,si,0.170-0.563,0.566-0.974,0.508,"(3, 1, 1, 1, 0)"
AIM-P013-766.jpg,700,560,3,0.027-0.170,0.211-0.838,0.870-0.968,0/0/0/0,si,0.167-0.570,0.573-0.977,0.490,"(3, 1, 1, 1, 0)"
AIM-P013-767.jpg,700,560,3,0.032-0.175,0.211-0.843,0.875-0.973,0/0/0/0,si,0.166-0.564,0.567-0.976,0.486,"(3, 1, 1, 1, 0)"
AIM-P013-768.jpg,700,560,3,0.027-0.170,0.211-0.838,0.870-0.968,0/0/0/0,si,0.167-0.563,0.566-0.976,0.491,"(3, 1, 1, 1, 0)"
AIM-P013-769.jpg,700,573,3,0.042-0.182,0.220-0.829,0.860-0.955,0/0/0/0,si,0.170-0.570,0.573-0.970,0.510,"(3, 1, 1, 1, 0)"
AIM-P013-770.jpg,700,560,3,0.027-0.170,0.211-0.838,0.870-0.968,0/0/0/0,si,0.167-0.566,0.569-0.973,0.493,"(3, 1, 1, 1, 0)"
AIM-P013-771.jpg,2560,2048,3,0.028-0.170,0.211-0.839,0.871-0.969,0/0/0/0,si,0.166-0.566,0.567-0.973,0.492,"(3, 1, 1, 1, 0)"
AIM-P013-772.jpg,700,560,3,0.027-0.170,0.211-0.843,0.870-0.968,0/0/0/0,si,0.167-0.570,0.573-0.980,0.484,"(3, 1, 1, 1, 0)"
AIM-P013-773.jpg,700,560,3,0.027-0.170,0.211-0.838,0.870-0.968,0/0/0/0,si,0.167-0.566,0.569-0.977,0.490,"(3, 1, 1, 1, 0)"
AIM-P013-774.jpg,700,560,3,0.027-0.170,0.211-0.838,0.870-0.968,0/0/0/0,si,0.033-0.204,0.276-0.487,0.714,"(3, 1, 1, 1, 0)"
AIM-P013-775.jpg,700,560,3,0.027-0.170,0.211-0.838,0.870-0.968,0/0/0/0,si,0.167-0.567,0.570-0.977,0.490,"(3, 1, 1, 1, 0)"
AIM-P013-776.jpg,700,560,3,0.027-0.170,0.202-0.839,0.870-0.970,0/0/0/0,si,0.169-0.570,0.573-0.979,0.481,"(3, 1, 1, 1, 0)"
AIM-P013-777.jpg,700,573,3,0.042-0.182,0.220-0.829,0.860-0.955,0/0/0/0,si,0.170-0.564,0.567-0.970,0.510,"(3, 1, 1, 1, 0)"
AIM-P013-778.jpg,2560,2048,3,0.028-0.170,0.211-0.839,0.871-0.969,0/0/0/0,si,0.166-0.566,0.567-0.973,0.493,"(3, 1, 1, 1, 0)"
AIM-P013-779.jpg,700,560,3,0.027-0.170,0.211-0.838,0.870-0.968,0/0/0/0,si,0.167-0.566,0.569-0.977,0.490,"(3, 1, 1, 1, 0)"
AIM-P013-780.jpg,800,640,3,0.028-0.170,0.211-0.838,0.870-0.969,0/0/0/0,si,0.168-0.561,0.564-0.970,0.495,"(3, 1, 1, 1, 0)"
AIM-P014-781.jpg,700,560,3,0.029-0.171,0.211-0.839,0.871-0.970,0/0/0/0,si,0.167-0.566,0.569-0.976,0.489,"(3, 1, 1, 1, 0)"
AIM-P014-782.jpg,700,560,3,0.027-0.170,0.211-0.838,0.870-0.968,0/0/0/0,si,0.167-0.566,0.569-0.973,0.493,"(3, 1, 1, 1, 0)"
AIM-P014-783.jpg,2560,2048,3,0.028-0.170,0.211-0.839,0.871-0.969,0/0/0/0,si,0.166-0.566,0.567-0.974,0.492,"(3, 1, 1, 1, 0)"
AIM-P014-784.jpg,700,560,3,0.027-0.170,0.211-0.838,0.870-0.968,0/0/0/0,si,0.167-0.567,0.570-0.977,0.490,"(3, 1, 1, 1, 0)"
AIM-P014-785.jpg,700,560,3,0.027-0.170,0.211-0.838,0.870-0.968,0/0/0/0,si,0.169-0.567,0.570-0.977,0.491,"(3, 1, 1, 1, 0)"
AIM-P014-786.gif,700,573,3,0.044-0.182,0.220-0.829,0.860-0.956,0/0/0/0,si,0.170-0.564,0.567-0.974,0.508,"(3, 1, 1, 1, 0)"
AIM-P014-787.jpg,700,560,3,0.027-0.170,0.209-0.839,0.870-0.970,0/0/0/0,si,0.169-0.570,0.573-0.977,0.488,"(3, 1, 1, 1, 0)"
AIM-P014-788.jpg,700,560,2,,0.027-0.838,0.870-0.968,0/0/0/0,no,0.021-0.977,,0.122,"(2, 0, 1, 0, 0)"
AIM-P014-789.jpg,700,560,3,0.027-0.170,0.209-0.838,0.870-0.968,0/0/0/0,si,0.169-0.570,0.573-0.973,0.492,"(3, 1, 1, 1, 0)"
AIM-P014-790.jpg,700,560,3,0.029-0.170,0.211-0.838,0.870-0.968,0/0/0/0,si,0.167-0.564,0.567-0.977,0.490,"(3, 1, 1, 1, 0)"
AIM-P014-791.jpg,700,560,3,0.027-0.170,0.211-0.839,0.870-0.968,0/0/0/0,si,0.167-0.570,0.573-0.973,0.491,"(3, 1, 1, 1, 0)"
AIM-P014-792.jpg,700,560,3,0.027-0.170,0.209-0.838,0.870-0.970,0/0/0/0,si,0.169-0.566,0.569-0.979,0.489,"(3, 1, 1, 1, 0)"
AIM-P014-793.png,700,560,3,0.027-0.170,0.211-0.838,0.870-0.968,0/0/0/0,si,0.167-0.566,0.569-0.973,0.493,"(3, 1, 1, 1, 0)"
AIM-P014-794.jpg,700,560,3,0.027-0.170,0.209-0.839,0.870-0.968,0/0/0/0,si,0.169-0.567,0.570-0.979,0.487,"(3, 1, 1, 1, 0)"
AIM-P014-795.gif,700,573,3,0.044-0.182,0.220-0.829,0.860-0.956,0/0/0/0,si,0.170-0.563,0.566-0.973,0.509,"(3, 1, 1, 1, 0)"
AIM-P014-796.jpg,700,560,3,0.029-0.171,0.211-0.839,0.871-0.970,0/0/0/0,si,0.164-0.566,0.569-0.977,0.487,"(3, 1, 1, 1, 0)"
AIM-P014-797.jpg,800,640,3,0.028-0.170,0.211-0.838,0.870-0.969,0/0/0/0,si,0.168-0.561,0.564-0.970,0.495,"(3, 1, 1, 1, 0)"
AIM-P014-798.jpg,700,560,3,0.027-0.170,0.211-0.838,0.870-0.968,0/0/0/0,si,0.167-0.523,0.551-0.973,0.493,"(3, 1, 1, 1, 0)"
AIM-P014-799.gif,700,573,3,0.044-0.182,0.220-0.829,0.860-0.956,0/0/0/0,si,0.170-0.563,0.566-0.973,0.509,"(3, 1, 1, 1, 0)"
AIM-P014-800.png,700,560,3,0.027-0.170,0.211-0.838,0.870-0.968,0/0/0/0,si,0.167-0.566,0.569-0.973,0.493,"(3, 1, 1, 1, 0)"
AIM-P014-801.jpg,700,560,3,0.027-0.170,0.211-0.838,0.870-0.968,0/0/0/0,si,0.167-0.569,0.571-0.973,0.493,"(3, 1, 1, 1, 0)"
AIM-P014-802.jpg,2560,2048,3,0.028-0.170,0.211-0.838,0.871-0.969,0/0/0/0,si,0.166-0.567,0.568-0.974,0.493,"(3, 1, 1, 1, 0)"
AIM-P014-803.jpg,700,560,3,0.027-0.170,0.211-0.839,0.870-0.968,0/0/0/0,si,0.169-0.566,0.569-0.973,0.492,"(3, 1, 1, 1, 0)"
AIM-P014-804.jpg,700,560,3,0.027-0.170,0.211-0.838,0.870-0.968,0/0/0/0,si,0.033-0.204,0.283-0.471,0.723,"(3, 1, 1, 1, 0)"
AIM-P014-805.jpg,700,560,3,0.027-0.170,0.211-0.838,0.870-0.968,0/0/0/0,si,0.167-0.566,0.569-0.973,0.493,"(3, 1, 1, 1, 0)"
AIM-P014-806.jpg,700,560,3,0.027-0.170,0.211-0.838,0.870-0.968,0/0/0/0,si,0.167-0.566,0.569-0.973,0.493,"(3, 1, 1, 1, 0)"
AIM-P014-807.gif,700,573,3,0.044-0.182,0.220-0.831,0.860-0.956,0/0/0/0,si,0.170-0.563,0.566-0.973,0.507,"(3, 1, 1, 1, 0)"
AIM-P014-808.jpg,700,560,3,0.029-0.171,0.211-0.839,0.871-0.970,0/0/0/0,si,0.169-0.554,0.557-0.976,0.490,"(3, 1, 1, 1, 0)"
AIM-P014-809.jpg,700,560,3,0.027-0.170,0.211-0.838,0.870-0.968,0/0/0/0,si,0.169-0.570,0.573-0.977,0.491,"(3, 1, 1, 1, 0)"
AIM-P014-810.jpg,700,560,3,0.027-0.170,0.211-0.843,0.870-0.968,0/0/0/0,si,0.167-0.570,0.573-0.980,0.484,"(3, 1, 1, 1, 0)"
AIM-P014-811.jpg,700,560,3,0.027-0.170,0.211-0.838,0.870-0.968,0/0/0/0,si,0.167-0.566,0.569-0.973,0.493,"(3, 1, 1, 1, 0)"
AIM-P014-812.jpg,700,560,3,0.027-0.170,0.211-0.838,0.870-0.968,0/0/0/0,si,0.204-0.551,0.599-0.944,0.534,"(3, 1, 1, 1, 0)"
AIM-P014-813.jpg,700,560,3,0.027-0.170,0.209-0.841,0.870-0.968,0/0/0/0,si,0.170-0.566,0.569-0.977,0.487,"(3, 1, 1, 1, 0)"
AIM-P014-814.jpg,700,560,3,0.027-0.170,0.209-0.838,0.870-0.968,0/0/0/0,si,0.167-0.569,0.571-0.973,0.491,"(3, 1, 1, 1, 0)"
AIM-P014-815.jpg,700,560,3,0.027-0.170,0.211-0.843,0.870-0.968,0/0/0/0,si,0.167-0.570,0.573-0.980,0.484,"(3, 1, 1, 1, 0)"
AIM-P014-816.jpg,700,560,3,0.027-0.170,0.211-0.841,0.870-0.970,0/0/0/0,si,0.169-0.566,0.569-0.979,0.487,"(3, 1, 1, 1, 0)"
AIM-P014-817.jpg,700,560,3,0.027-0.170,0.211-0.838,0.870-0.968,0/0/0/0,si,0.167-0.569,0.571-0.977,0.490,"(3, 1, 1, 1, 0)"
AIM-P014-818.jpg,800,640,3,0.028-0.170,0.211-0.838,0.870-0.969,0/0/0/0,si,0.168-0.564,0.566-0.979,0.490,"(3, 1, 1, 1, 0)"
AIM-P014-819.jpg,700,560,3,0.027-0.170,0.211-0.838,0.870-0.968,0/0/0/0,si,0.167-0.566,0.569-0.977,0.490,"(3, 1, 1, 1, 0)"
AIM-P014-820.jpg,700,560,3,0.027-0.170,0.211-0.838,0.870-0.968,0/0/0/0,si,0.167-0.569,0.571-0.973,0.493,"(3, 1, 1, 1, 0)"
AIM-P014-821.jpg,700,560,3,0.027-0.170,0.211-0.838,0.870-0.968,0/0/0/0,si,0.169-0.570,0.573-0.973,0.494,"(3, 1, 1, 1, 0)"
AIM-P014-822.jpg,700,573,3,0.042-0.182,0.220-0.829,0.860-0.955,0/0/0/0,si,0.170-0.566,0.569-0.970,0.510,"(3, 1, 1, 1, 0)"
AIM-P014-823.png,700,560,3,0.027-0.170,0.211-0.838,0.870-0.968,0/0/0/0,si,0.167-0.566,0.569-0.973,0.493,"(3, 1, 1, 1, 0)"
AIM-P014-824.jpg,700,560,3,0.027-0.170,0.211-0.838,0.870-0.968,0/0/0/0,si,0.167-0.564,0.567-0.977,0.490,"(3, 1, 1, 1, 0)"
AIM-P014-825.jpg,700,560,3,0.027-0.170,0.211-0.838,0.870-0.968,0/0/0/0,si,0.167-0.570,0.573-0.979,0.489,"(3, 1, 1, 1, 0)"
AIM-P014-826.jpg,700,560,3,0.027-0.170,0.211-0.838,0.870-0.968,0/0/0/0,si,0.169-0.566,0.569-0.977,0.491,"(3, 1, 1, 1, 0)"
AIM-P014-827.jpg,700,560,3,0.029-0.171,0.211-0.839,0.871-0.970,0/0/0/0,si,0.167-0.564,0.567-0.976,0.489,"(3, 1, 1, 1, 0)"
AIM-P014-828.png,700,560,3,0.027-0.170,0.211-0.838,0.870-0.968,0/0/0/0,si,0.167-0.566,0.569-0.970,0.494,"(3, 1, 1, 1, 0)"
AIM-P014-829.jpg,700,560,3,0.027-0.170,0.211-0.838,0.870-0.968,0/0/0/0,si,0.169-0.566,0.569-0.973,0.494,"(3, 1, 1, 1, 0)"
AIM-P014-830.png,700,560,3,0.027-0.170,0.211-0.838,0.870-0.968,0/0/0/0,si,0.167-0.566,0.569-0.973,0.493,"(3, 1, 1, 1, 0)"
AIM-P014-831.jpg,2560,2048,3,0.028-0.170,0.211-0.839,0.871-0.969,0/0/0/0,si,0.166-0.566,0.567-0.974,0.492,"(3, 1, 1, 1, 0)"
AIM-P014-832.jpg,700,560,3,0.027-0.170,0.211-0.839,0.870-0.968,0/0/0/0,si,0.169-0.570,0.573-0.979,0.489,"(3, 1, 1, 1, 0)"
AIM-P014-833.jpg,700,560,3,0.027-0.170,0.211-0.838,0.870-0.968,0/0/0/0,si,0.167-0.566,0.569-0.973,0.493,"(3, 1, 1, 1, 0)"
AIM-P014-834.jpg,700,560,3,0.027-0.170,0.211-0.838,0.870-0.968,0/0/0/0,si,0.169-0.570,0.573-0.976,0.492,"(3, 1, 1, 1, 0)"
AIM-P014-835.png,700,560,3,0.027-0.170,0.211-0.838,0.870-0.968,0/0/0/0,si,0.167-0.566,0.569-0.980,0.488,"(3, 1, 1, 1, 0)"
AIM-P014-836.gif,700,562,3,0.025-0.169,0.208-0.845,0.875-0.996,0/0/0/0,si,0.167-0.571,0.574-0.984,0.477,"(3, 1, 1, 1, 0)"
AIM-P014-837.jpg,2560,2048,3,0.028-0.170,0.211-0.839,0.871-0.969,0/0/0/0,si,0.166-0.566,0.567-0.974,0.492,"(3, 1, 1, 1, 0)"
AIM-P014-838.jpg,700,560,3,0.027-0.170,0.211-0.838,0.870-0.968,0/0/0/0,si,0.167-0.570,0.573-0.977,0.490,"(3, 1, 1, 1, 0)"
AIM-P014-839.jpg,700,560,3,0.027-0.170,0.211-0.838,0.870-0.968,0/0/0/0,si,0.167-0.569,0.571-0.977,0.490,"(3, 1, 1, 1, 0)"
AIM-P014-840.jpg,700,560,3,0.027-0.170,0.211-0.839,0.870-0.968,0/0/0/0,si,0.169-0.570,0.573-0.979,0.489,"(3, 1, 1, 1, 0)"
AIM-P015-841.jpg,700,560,3,0.027-0.170,0.211-0.838,0.870-0.968,0/0/0/0,si,0.167-0.566,0.569-0.977,0.490,"(3, 1, 1, 1, 0)"
AIM-P015-842.jpg,700,560,3,0.029-0.171,0.211-0.839,0.871-0.970,0/0/0/0,si,0.169-0.564,0.567-0.976,0.490,"(3, 1, 1, 1, 0)"
AIM-P015-843.jpg,700,560,3,0.027-0.170,0.211-0.843,0.870-0.968,0/0/0/0,si,0.167-0.570,0.573-0.980,0.484,"(3, 1, 1, 1, 0)"
AIM-P015-844.jpg,700,560,3,0.027-0.170,0.211-0.838,0.870-0.968,0/0/0/0,si,0.169-0.566,0.569-0.973,0.494,"(3, 1, 1, 1, 0)"
AIM-P015-845.jpg,700,560,3,0.027-0.170,0.211-0.838,0.870-0.968,0/0/0/0,si,0.167-0.566,0.569-0.973,0.493,"(3, 1, 1, 1, 0)"
AIM-P015-846.jpg,700,573,3,0.042-0.182,0.220-0.829,0.860-0.955,0/0/0/0,si,0.170-0.566,0.569-0.970,0.510,"(3, 1, 1, 1, 0)"
AIM-P015-847.png,700,560,3,0.027-0.170,0.211-0.838,0.870-0.968,0/0/0/0,si,0.167-0.566,0.569-0.973,0.493,"(3, 1, 1, 1, 0)"
AIM-P015-848.jpg,700,560,3,0.027-0.170,0.211-0.838,0.870-0.968,0/0/0/0,si,0.167-0.566,0.569-0.973,0.493,"(3, 1, 1, 1, 0)"
AIM-P015-849.jpg,700,560,3,0.029-0.171,0.211-0.839,0.871-0.970,0/0/0/0,si,0.167-0.566,0.569-0.976,0.489,"(3, 1, 1, 1, 0)"
AIM-P015-850.jpg,700,560,3,0.027-0.170,0.211-0.838,0.870-0.968,0/0/0/0,si,0.167-0.566,0.569-0.973,0.493,"(3, 1, 1, 1, 0)"
AIM-P015-851.jpg,700,560,3,0.027-0.170,0.211-0.838,0.870-0.968,0/0/0/0,si,0.167-0.554,0.557-0.977,0.490,"(3, 1, 1, 1, 0)"
AIM-P015-852.gif,700,573,3,0.044-0.182,0.220-0.829,0.860-0.956,0/0/0/0,si,0.170-0.573,0.576-0.973,0.509,"(3, 1, 1, 1, 0)"
AIM-P015-853.jpg,700,560,3,0.027-0.170,0.211-0.838,0.870-0.968,0/0/0/0,si,0.167-0.566,0.569-0.977,0.490,"(3, 1, 1, 1, 0)"
AIM-P015-854.jpg,700,560,3,0.027-0.170,0.211-0.838,0.870-0.968,0/0/0/0,si,0.169-0.576,0.579-0.974,0.493,"(3, 1, 1, 1, 0)"
AIM-P015-855.jpg,700,560,3,0.027-0.170,0.211-0.838,0.870-0.968,0/0/0/0,si,0.167-0.566,0.569-0.977,0.490,"(3, 1, 1, 1, 0)"
AIM-P015-856.jpg,700,560,3,0.027-0.170,0.211-0.838,0.870-0.968,0/0/0/0,si,0.167-0.569,0.571-0.977,0.490,"(3, 1, 1, 1, 0)"
AIM-P015-857.jpg,700,560,3,0.027-0.170,0.211-0.843,0.870-0.968,0/0/0/0,si,0.167-0.570,0.573-0.980,0.484,"(3, 1, 1, 1, 0)"
AIM-P015-858.jpg,700,560,3,0.027-0.170,0.211-0.838,0.870-0.968,0/0/0/0,si,0.167-0.566,0.569-0.977,0.490,"(3, 1, 1, 1, 0)"
AIM-P015-859.gif,700,562,3,0.025-0.169,0.210-0.842,0.874-0.973,0/0/0/0,si,0.164-0.566,0.569-0.976,0.485,"(3, 1, 1, 1, 0)"
AIM-P015-860.jpg,700,560,3,0.027-0.170,0.211-0.838,0.870-0.968,0/0/0/0,si,0.169-0.567,0.570-0.973,0.494,"(3, 1, 1, 1, 0)"
AIM-P015-861.png,700,560,3,0.027-0.170,0.211-0.838,0.870-0.968,0/0/0/0,si,0.167-0.599,0.687-0.854,0.567,"(3, 1, 1, 1, 0)"
AIM-P015-862.jpg,700,560,3,0.027-0.170,0.211-0.838,0.870-0.968,0/0/0/0,si,0.169-0.566,0.569-0.977,0.491,"(3, 1, 1, 1, 0)"
AIM-P015-863.jpg,2560,2048,3,0.028-0.170,0.211-0.839,0.871-0.969,0/0/0/0,si,0.166-0.567,0.568-0.974,0.492,"(3, 1, 1, 1, 0)"
AIM-P015-864.gif,700,573,3,0.044-0.182,0.220-0.829,0.860-0.956,0/0/0/0,si,0.170-0.566,0.569-0.973,0.509,"(3, 1, 1, 1, 0)"
AIM-P015-865.jpg,700,560,3,0.027-0.170,0.211-0.838,0.870-0.968,0/0/0/0,si,0.167-0.566,0.569-0.977,0.490,"(3, 1, 1, 1, 0)"
AIM-P015-866.jpg,700,560,3,0.027-0.170,0.211-0.843,0.870-0.968,0/0/0/0,si,0.167-0.573,0.576-0.980,0.484,"(3, 1, 1, 1, 0)"
AIM-P015-867.jpg,700,560,3,0.027-0.170,0.211-0.838,0.870-0.968,0/0/0/0,si,0.169-0.566,0.569-0.973,0.494,"(3, 1, 1, 1, 0)"
AIM-P015-868.jpg,700,560,3,0.027-0.170,0.211-0.839,0.870-0.968,0/0/0/0,si,0.167-0.570,0.573-0.977,0.489,"(3, 1, 1, 1, 0)"
AIM-P015-869.gif,700,573,3,0.044-0.182,0.220-0.832,0.860-0.956,0/0/0/0,si,0.170-0.563,0.566-0.971,0.507,"(3, 1, 1, 1, 0)"
AIM-P015-870.gif,700,562,3,0.012-0.160,0.201-0.852,0.884-0.988,0/0/0/0,si,0.159-0.571,0.574-0.994,0.453,"(3, 1, 1, 1, 0)"
AIM-P015-871.jpg,2560,2048,3,0.028-0.170,0.210-0.839,0.871-0.969,0/0/0/0,si,0.166-0.566,0.567-0.973,0.492,"(3, 1, 1, 1, 0)"
AIM-P015-872.jpg,700,560,3,0.027-0.170,0.211-0.838,0.870-0.968,0/0/0/0,si,0.169-0.567,0.570-0.973,0.494,"(3, 1, 1, 1, 0)"
AIM-P015-873.jpg,2560,2048,3,0.028-0.170,0.211-0.839,0.871-0.969,0/0/0/0,si,0.166-0.564,0.564-0.977,0.490,"(3, 1, 1, 1, 0)"
AIM-P015-874.jpg,700,560,3,0.027-0.170,0.209-0.839,0.870-0.970,0/0/0/0,si,0.173-0.566,0.569-0.979,0.490,"(3, 1, 1, 1, 0)"
AIM-P015-875.jpg,700,560,3,0.027-0.170,0.211-0.843,0.870-0.968,0/0/0/0,si,0.167-0.571,0.574-0.980,0.484,"(3, 1, 1, 1, 0)"
AIM-P015-876.jpg,700,573,3,0.042-0.182,0.220-0.829,0.860-0.955,0/0/0/0,si,0.170-0.564,0.567-0.970,0.510,"(3, 1, 1, 1, 0)"
AIM-P015-877.jpg,700,560,3,0.027-0.170,0.211-0.838,0.870-0.968,0/0/0/0,si,0.167-0.566,0.569-0.977,0.490,"(3, 1, 1, 1, 0)"
AIM-P015-878.jpg,800,640,3,0.028-0.172,0.209-0.838,0.872-0.970,0/0/0/0,si,0.168-0.564,0.566-0.979,0.488,"(3, 1, 1, 1, 0)"
AIM-P015-879.jpg,700,560,3,0.027-0.170,0.211-0.838,0.870-0.968,0/0/0/0,si,0.167-0.567,0.570-0.971,0.494,"(3, 1, 1, 1, 0)"
AIM-P015-880.gif,700,573,3,0.044-0.182,0.220-0.829,0.860-0.956,0/0/0/0,si,0.170-0.564,0.567-0.973,0.509,"(3, 1, 1, 1, 0)"
AIM-P015-881.jpg,700,560,3,0.027-0.170,0.211-0.838,0.870-0.968,0/0/0/0,si,0.169-0.569,0.571-0.966,0.498,"(3, 1, 1, 1, 0)"
AIM-P015-882.jpg,700,560,3,0.027-0.170,0.211-0.838,0.870-0.968,0/0/0/0,si,0.167-0.566,0.569-0.973,0.493,"(3, 1, 1, 1, 0)"
AIM-P015-883.jpg,700,560,3,0.027-0.170,0.211-0.838,0.870-0.968,0/0/0/0,si,0.167-0.566,0.569-0.973,0.493,"(3, 1, 1, 1, 0)"
AIM-P015-884.jpg,700,560,3,0.027-0.170,0.211-0.838,0.870-0.968,0/0/0/0,si,0.167-0.563,0.566-0.979,0.489,"(3, 1, 1, 1, 0)"
AIM-P015-885.jpg,2560,2048,3,0.028-0.170,0.208-0.839,0.871-0.969,0/0/0/0,si,0.166-0.564,0.565-0.977,0.488,"(3, 1, 1, 1, 0)"
AIM-P015-886.png,700,560,3,0.027-0.170,0.211-0.838,0.870-0.968,0/0/0/0,si,0.167-0.566,0.569-0.973,0.493,"(3, 1, 1, 1, 0)"
AIM-P015-887.jpg,700,560,3,0.029-0.171,0.211-0.839,0.871-0.970,0/0/0/0,si,0.167-0.567,0.570-0.976,0.489,"(3, 1, 1, 1, 0)"
AIM-P015-888.jpg,700,560,3,0.027-0.170,0.209-0.838,0.870-0.970,0/0/0/0,si,0.169-0.566,0.569-0.979,0.489,"(3, 1, 1, 1, 0)"
AIM-P015-889.jpg,2560,2048,3,0.028-0.170,0.211-0.839,0.871-0.969,0/0/0/0,si,0.166-0.567,0.568-0.979,0.489,"(3, 1, 1, 1, 0)"
AIM-P015-890.jpg,700,560,3,0.027-0.170,0.211-0.838,0.870-0.968,0/0/0/0,si,0.169-0.566,0.569-0.979,0.490,"(3, 1, 1, 1, 0)"
AIM-P015-891.jpg,700,560,3,0.027-0.170,0.211-0.839,0.870-0.968,0/0/0/0,si,0.169-0.567,0.570-0.979,0.489,"(3, 1, 1, 1, 0)"
AIM-P015-892.gif,700,560,3,0.020-0.164,0.205-0.846,0.879-0.979,0/0/0/0,si,0.156-0.560,0.563-0.980,0.469,"(3, 1, 1, 1, 0)"
AIM-P015-893.jpg,700,573,3,0.042-0.182,0.220-0.829,0.860-0.955,0/0/0/0,si,0.170-0.564,0.567-0.970,0.510,"(3, 1, 1, 1, 0)"
AIM-P015-894.jpg,700,560,3,0.027-0.170,0.209-0.838,0.870-0.968,0/0/0/0,si,0.167-0.774,,0.122,"(3, 1, 1, 1, 0)"
AIM-P015-895.jpg,700,560,3,0.029-0.171,0.211-0.839,0.871-0.970,0/0/0/0,si,0.167-0.566,0.569-0.976,0.489,"(3, 1, 1, 1, 0)"
AIM-P015-896.png,700,560,1,,0.027-0.968,,0/0/0/0,si,0.189-0.976,,0.122,"(1, 0, 0, 1, 0)"
AIM-P015-897.jpg,2560,2048,3,0.028-0.170,0.211-0.839,0.871-0.969,0/0/0/0,si,0.166-0.554,0.555-0.973,0.492,"(3, 1, 1, 1, 0)"
AIM-P015-898.jpg,700,560,3,0.027-0.170,0.211-0.843,0.870-0.968,0/0/0/0,si,0.167-0.570,0.573-0.980,0.484,"(3, 1, 1, 1, 0)"
AIM-P015-899.jpg,700,560,3,0.027-0.170,0.211-0.838,0.870-0.968,0/0/0/0,si,0.167-0.569,0.571-0.977,0.490,"(3, 1, 1, 1, 0)"
AIM-P015-900.jpg,700,560,3,0.027-0.170,0.211-0.838,0.870-0.968,0/0/0/0,si,0.167-0.566,0.569-0.973,0.493,"(3, 1, 1, 1, 0)"
AIM-P016-901.jpg,700,560,3,0.027-0.170,0.211-0.838,0.870-0.968,0/0/0/0,si,0.167-0.567,0.570-0.973,0.493,"(3, 1, 1, 1, 0)"
AIM-P016-902.png,700,560,3,0.027-0.170,0.211-0.838,0.870-0.968,0/0/0/0,si,0.167-0.566,0.569-0.973,0.493,"(3, 1, 1, 1, 0)"
AIM-P016-903.jpg,700,573,3,0.042-0.182,0.220-0.829,0.860-0.955,0/0/0/0,si,0.170-0.570,0.573-0.970,0.510,"(3, 1, 1, 1, 0)"
AIM-P016-904.jpg,700,560,3,0.029-0.171,0.211-0.839,0.871-0.970,0/0/0/0,si,0.167-0.570,0.573-0.976,0.489,"(3, 1, 1, 1, 0)"
AIM-P016-905.jpg,700,560,3,0.027-0.170,0.211-0.838,0.870-0.968,0/0/0/0,si,0.167-0.567,0.570-0.977,0.490,"(3, 1, 1, 1, 0)"
AIM-P016-906.jpg,700,560,3,0.027-0.170,0.211-0.838,0.870-0.968,0/0/0/0,si,0.167-0.566,0.569-0.973,0.493,"(3, 1, 1, 1, 0)"
AIM-P016-907.gif,700,560,3,0.020-0.164,0.205-0.850,0.879-0.979,0/0/0/0,si,0.156-0.564,0.583-0.980,0.466,"(3, 1, 1, 1, 0)"
AIM-P016-908.jpg,700,560,3,0.027-0.170,0.211-0.838,0.870-0.968,0/0/0/0,si,0.169-0.570,0.573-0.973,0.494,"(3, 1, 1, 1, 0)"
AIM-P016-909.jpg,700,560,3,0.027-0.170,0.211-0.838,0.870-0.968,0/0/0/0,si,0.169-0.566,0.569-0.979,0.490,"(3, 1, 1, 1, 0)"
AIM-P016-910.jpg,800,640,3,0.028-0.170,0.211-0.838,0.870-0.969,0/0/0/0,si,0.168-0.564,0.566-0.979,0.490,"(3, 1, 1, 1, 0)"
AIM-P016-911.jpg,700,560,3,0.027-0.170,0.211-0.838,0.870-0.968,0/0/0/0,si,0.167-0.566,0.569-0.973,0.493,"(3, 1, 1, 1, 0)"
AIM-P016-912.jpg,700,573,3,0.042-0.182,0.220-0.829,0.860-0.955,0/0/0/0,si,0.170-0.661,0.680-0.970,0.510,"(3, 1, 1, 1, 0)"
AIM-P016-913.jpg,2560,2048,3,0.028-0.170,0.211-0.839,0.871-0.969,0/0/0/0,si,0.166-0.568,0.568-0.974,0.492,"(3, 1, 1, 1, 0)"
AIM-P016-914.jpg,800,640,3,0.028-0.172,0.209-0.838,0.872-0.970,0/0/0/0,si,0.168-0.564,0.566-0.979,0.488,"(3, 1, 1, 1, 0)"
AIM-P016-915.jpg,700,560,3,0.027-0.170,0.211-0.838,0.870-0.968,0/0/0/0,si,0.167-0.566,0.569-0.977,0.490,"(3, 1, 1, 1, 0)"
AIM-P016-916.jpg,800,640,3,0.028-0.170,0.211-0.838,0.870-0.969,0/0/0/0,si,0.168-0.564,0.566-0.979,0.490,"(3, 1, 1, 1, 0)"
AIM-P016-917.jpg,700,560,3,0.027-0.170,0.211-0.838,0.870-0.968,0/0/0/0,si,0.169-0.570,0.573-0.977,0.491,"(3, 1, 1, 1, 0)"
AIM-P016-918.jpg,700,560,3,0.027-0.170,0.211-0.838,0.870-0.968,0/0/0/0,si,0.169-0.569,0.571-0.973,0.494,"(3, 1, 1, 1, 0)"
AIM-P016-919.jpg,700,560,3,0.027-0.170,0.211-0.838,0.870-0.968,0/0/0/0,si,0.169-0.566,0.569-0.979,0.490,"(3, 1, 1, 1, 0)"
AIM-P016-920.png,700,560,3,0.027-0.170,0.211-0.838,0.870-0.968,0/0/0/0,si,0.167-0.566,0.569-0.973,0.493,"(3, 1, 1, 1, 0)"
AIM-P016-921.jpg,700,560,3,0.029-0.171,0.211-0.839,0.871-0.970,0/0/0/0,si,0.167-0.570,0.573-0.976,0.489,"(3, 1, 1, 1, 0)"
AIM-P016-922.jpg,700,560,3,0.027-0.170,0.211-0.838,0.870-0.968,0/0/0/0,si,0.169-0.569,0.571-0.973,0.494,"(3, 1, 1, 1, 0)"
AIM-P016-923.jpg,700,560,3,0.027-0.170,0.209-0.838,0.870-0.968,0/0/0/0,si,0.169-0.570,0.573-0.979,0.489,"(3, 1, 1, 1, 0)"
AIM-P016-924.gif,700,560,3,0.020-0.164,0.204-0.845,0.879-0.979,0/0/0/0,si,0.156-0.554,0.557-0.980,0.469,"(3, 1, 1, 1, 0)"
AIM-P016-925.jpg,700,560,3,0.027-0.170,0.211-0.838,0.870-0.968,0/0/0/0,si,0.169-0.570,0.573-0.977,0.491,"(3, 1, 1, 1, 0)"
AIM-P016-926.jpg,700,560,3,0.027-0.170,0.211-0.838,0.870-0.968,0/0/0/0,si,0.169-0.566,0.569-0.973,0.494,"(3, 1, 1, 1, 0)"
AIM-P016-927.jpg,700,560,3,0.027-0.170,0.211-0.838,0.870-0.968,0/0/0/0,si,0.167-0.567,0.570-0.977,0.490,"(3, 1, 1, 1, 0)"
AIM-P016-928.jpg,800,640,3,0.028-0.170,0.211-0.838,0.870-0.969,0/0/0/0,si,0.168-0.566,0.569-0.979,0.490,"(3, 1, 1, 1, 0)"
AIM-P016-929.jpg,700,560,3,0.029-0.171,0.211-0.839,0.871-0.970,0/0/0/0,si,0.169-0.566,0.569-0.976,0.490,"(3, 1, 1, 1, 0)"
AIM-P016-930.gif,700,562,3,0.011-0.158,0.199-0.851,0.883-0.986,0/0/0/0,si,0.156-0.570,0.573-0.993,0.452,"(3, 1, 1, 1, 0)"
AIM-P016-931.png,700,560,3,0.027-0.170,0.211-0.838,0.870-0.968,0/0/0/0,si,0.167-0.569,0.571-0.973,0.493,"(3, 1, 1, 1, 0)"
AIM-P016-932.jpg,700,560,3,0.029-0.171,0.211-0.839,0.871-0.970,0/0/0/0,si,0.197-0.547,0.594-0.943,0.529,"(3, 1, 1, 1, 0)"
AIM-P016-933.jpg,700,560,3,0.027-0.170,0.211-0.838,0.870-0.968,0/0/0/0,si,0.167-0.566,0.569-0.973,0.493,"(3, 1, 1, 1, 0)"
AIM-P016-934.jpg,700,560,3,0.027-0.170,0.211-0.838,0.870-0.968,0/0/0/0,si,0.169-0.567,0.570-0.977,0.491,"(3, 1, 1, 1, 0)"
AIM-P016-935.jpg,700,560,3,0.027-0.170,0.211-0.843,0.870-0.968,0/0/0/0,si,0.167-0.570,0.573-0.980,0.484,"(3, 1, 1, 1, 0)"
AIM-P016-936.jpg,700,560,3,0.027-0.171,0.209-0.839,0.868-0.970,0/0/0/0,si,0.170-0.570,0.573-0.979,0.488,"(3, 1, 1, 1, 0)"
AIM-P016-937.jpg,700,560,3,0.027-0.170,0.211-0.838,0.870-0.968,0/0/0/0,si,0.169-0.567,0.570-0.973,0.494,"(3, 1, 1, 1, 0)"
AIM-P016-938.jpg,700,560,3,0.027-0.170,0.211-0.838,0.870-0.968,0/0/0/0,si,0.167-0.570,0.573-0.977,0.490,"(3, 1, 1, 1, 0)"
AIM-P016-939.jpg,700,560,3,0.027-0.170,0.211-0.838,0.870-0.968,0/0/0/0,si,0.167-0.570,0.573-0.973,0.493,"(3, 1, 1, 1, 0)"
AIM-P016-940.jpg,700,573,3,0.042-0.182,0.220-0.829,0.860-0.955,0/0/0/0,si,0.170-0.569,0.571-0.970,0.510,"(3, 1, 1, 1, 0)"
AIM-P016-941.gif,700,560,3,0.037-0.180,0.212-0.852,0.880-0.979,0/0/0/0,si,0.163-0.557,0.560-0.970,0.482,"(3, 1, 1, 1, 0)"
AIM-P016-942.jpg,700,560,3,0.027-0.170,0.211-0.838,0.870-0.968,0/0/0/0,si,0.167-0.570,0.573-0.973,0.493,"(3, 1, 1, 1, 0)"
AIM-P016-943.jpg,700,560,3,0.027-0.170,0.211-0.838,0.870-0.968,0/0/0/0,si,0.169-0.567,0.570-0.977,0.491,"(3, 1, 1, 1, 0)"
AIM-P016-944.jpg,2560,2048,3,0.028-0.170,0.211-0.839,0.871-0.969,0/0/0/0,si,0.166-0.566,0.567-0.975,0.492,"(3, 1, 1, 1, 0)"
AIM-P016-945.jpg,700,560,3,0.027-0.170,0.211-0.838,0.870-0.968,0/0/0/0,si,0.033-0.204,0.240-0.516,0.696,"(3, 1, 1, 1, 0)"
AIM-P016-946.jpg,800,640,3,0.028-0.170,0.211-0.838,0.870-0.969,0/0/0/0,si,0.168-0.564,0.566-0.979,0.490,"(3, 1, 1, 1, 0)"
AIM-P016-947.jpg,700,560,3,0.029-0.171,0.211-0.839,0.871-0.970,0/0/0/0,si,0.164-0.570,0.573-0.977,0.487,"(3, 1, 1, 1, 0)"
AIM-P016-948.jpg,700,560,3,0.027-0.170,0.211-0.839,0.870-0.968,0/0/0/0,si,0.167-0.570,0.573-0.973,0.491,"(3, 1, 1, 1, 0)"
AIM-P016-949.jpg,700,560,3,0.027-0.170,0.211-0.843,0.870-0.968,0/0/0/0,si,0.167-0.570,0.573-0.980,0.484,"(3, 1, 1, 1, 0)"
AIM-P016-950.gif,700,560,3,0.037-0.180,0.220-0.855,0.880-0.979,0/0/0/0,si,0.163-0.557,0.560-0.969,0.485,"(3, 1, 1, 1, 0)"
AIM-P016-951.jpg,700,560,3,0.027-0.170,0.211-0.838,0.870-0.968,0/0/0/0,si,0.167-0.569,0.571-0.973,0.493,"(3, 1, 1, 1, 0)"
AIM-P016-952.png,700,560,3,0.027-0.170,0.211-0.838,0.870-0.968,0/0/0/0,si,0.167-0.566,0.569-0.973,0.493,"(3, 1, 1, 1, 0)"
AIM-P016-953.jpg,700,560,3,0.027-0.170,0.211-0.838,0.870-0.968,0/0/0/0,si,0.169-0.566,0.569-0.977,0.491,"(3, 1, 1, 1, 0)"
AIM-P016-954.png,700,560,3,0.027-0.170,0.211-0.838,0.870-0.968,0/0/0/0,si,0.167-0.566,0.569-0.973,0.493,"(3, 1, 1, 1, 0)"
AIM-P016-955.jpg,700,560,3,0.027-0.170,0.211-0.838,0.870-0.968,0/0/0/0,si,0.169-0.566,0.569-0.977,0.491,"(3, 1, 1, 1, 0)"
AIM-P016-956.jpg,700,560,3,0.027-0.170,0.211-0.838,0.870-0.968,0/0/0/0,si,0.167-0.566,0.569-0.973,0.493,"(3, 1, 1, 1, 0)"
AIM-P016-957.jpg,700,560,3,0.027-0.170,0.211-0.838,0.870-0.968,0/0/0/0,si,0.169-0.567,0.570-0.979,0.490,"(3, 1, 1, 1, 0)"
AIM-P016-958.jpg,700,560,3,0.029-0.171,0.211-0.839,0.871-0.970,0/0/0/0,si,0.167-0.566,0.569-0.976,0.489,"(3, 1, 1, 1, 0)"
AIM-P016-959.jpg,700,560,3,0.027-0.170,0.211-0.838,0.870-0.968,0/0/0/0,si,0.169-0.566,0.569-0.973,0.494,"(3, 1, 1, 1, 0)"
AIM-P016-960.jpg,700,560,3,0.027-0.170,0.211-0.838,0.870-0.968,0/0/0/0,si,0.167-0.564,0.567-0.977,0.490,"(3, 1, 1, 1, 0)"
AIM-P017-1000.gif,700,560,3,0.037-0.180,0.220-0.848,0.880-0.979,0/0/0/0,si,0.230-0.577,0.596-0.944,0.549,"(3, 1, 1, 1, 0)"
AIM-P017-961.jpg,700,560,3,0.027-0.170,0.211-0.838,0.870-0.968,0/0/0/0,si,0.169-0.566,0.569-0.977,0.491,"(3, 1, 1, 1, 0)"
AIM-P017-962.jpg,700,560,3,0.027-0.170,0.211-0.838,0.870-0.968,0/0/0/0,si,0.167-0.566,0.569-0.973,0.493,"(3, 1, 1, 1, 0)"
AIM-P017-963.jpg,700,560,3,0.027-0.170,0.211-0.838,0.870-0.968,0/0/0/0,si,0.169-0.566,0.569-0.979,0.490,"(3, 1, 1, 1, 0)"
AIM-P017-964.jpg,700,560,3,0.027-0.170,0.211-0.838,0.870-0.968,0/0/0/0,si,0.169-0.566,0.569-0.979,0.490,"(3, 1, 1, 1, 0)"
AIM-P017-965.jpg,700,560,3,0.027-0.170,0.211-0.838,0.870-0.968,0/0/0/0,si,0.169-0.566,0.569-0.977,0.491,"(3, 1, 1, 1, 0)"
AIM-P017-966.png,700,560,3,0.027-0.170,0.211-0.838,0.870-0.968,0/0/0/0,si,0.167-0.566,0.569-0.973,0.493,"(3, 1, 1, 1, 0)"
AIM-P017-967.jpg,800,640,3,0.028-0.170,0.211-0.838,0.870-0.969,0/0/0/0,si,0.168-0.562,0.565-0.979,0.490,"(3, 1, 1, 1, 0)"
AIM-P017-968.jpg,2560,2048,3,0.028-0.170,0.211-0.839,0.871-0.969,0/0/0/0,si,0.166-0.560,0.561-0.973,0.492,"(3, 1, 1, 1, 0)"
AIM-P017-969.jpg,700,573,3,0.042-0.182,0.220-0.829,0.860-0.955,0/0/0/0,si,0.170-0.564,0.567-0.970,0.510,"(3, 1, 1, 1, 0)"
AIM-P017-970.gif,700,560,3,0.037-0.180,0.220-0.854,0.880-0.979,0/0/0/0,si,0.163-0.561,0.564-0.964,0.490,"(3, 1, 1, 1, 0)"
AIM-P017-971.jpg,700,560,3,0.027-0.170,0.211-0.838,0.870-0.968,0/0/0/0,si,0.169-0.566,0.569-0.977,0.491,"(3, 1, 1, 1, 0)"
AIM-P017-972.png,700,560,3,0.027-0.170,0.211-0.838,0.870-0.968,0/0/0/0,si,0.167-0.564,0.567-0.973,0.493,"(3, 1, 1, 1, 0)"
AIM-P017-973.jpg,800,640,3,0.028-0.170,0.211-0.838,0.870-0.969,0/0/0/0,si,0.168-0.566,0.569-0.979,0.490,"(3, 1, 1, 1, 0)"
AIM-P017-974.jpg,700,560,3,0.027-0.170,0.211-0.838,0.870-0.968,0/0/0/0,si,0.169-0.566,0.569-0.979,0.490,"(3, 1, 1, 1, 0)"
AIM-P017-975.jpg,700,560,3,0.027-0.170,0.211-0.838,0.870-0.968,0/0/0/0,si,0.167-0.566,0.569-0.973,0.493,"(3, 1, 1, 1, 0)"
AIM-P017-976.jpg,700,560,3,0.027-0.170,0.211-0.838,0.870-0.968,0/0/0/0,si,0.167-0.569,0.571-0.977,0.490,"(3, 1, 1, 1, 0)"
AIM-P017-977.jpg,700,560,3,0.027-0.170,0.211-0.838,0.870-0.968,0/0/0/0,si,0.167-0.566,0.569-0.973,0.493,"(3, 1, 1, 1, 0)"
AIM-P017-978.jpg,700,560,3,0.029-0.171,0.211-0.839,0.871-0.970,0/0/0/0,si,0.169-0.569,0.571-0.976,0.490,"(3, 1, 1, 1, 0)"
AIM-P017-979.gif,700,562,3,0.027-0.171,0.212-0.849,0.879-0.980,0/0/0/0,si,0.163-0.567,0.570-0.980,0.477,"(3, 1, 1, 1, 0)"
AIM-P017-980.jpg,700,560,3,0.027-0.170,0.211-0.838,0.870-0.968,0/0/0/0,si,0.169-0.570,0.573-0.979,0.490,"(3, 1, 1, 1, 0)"
AIM-P017-981.jpg,800,640,3,0.028-0.170,0.211-0.838,0.870-0.969,0/0/0/0,si,0.168-0.564,0.566-0.978,0.490,"(3, 1, 1, 1, 0)"
AIM-P017-982.jpg,700,560,3,0.027-0.170,0.211-0.838,0.870-0.968,0/0/0/0,si,0.167-0.566,0.569-0.973,0.493,"(3, 1, 1, 1, 0)"
AIM-P017-983.jpg,700,560,3,0.027-0.170,0.211-0.838,0.870-0.968,0/0/0/0,si,0.167-0.567,0.570-0.973,0.493,"(3, 1, 1, 1, 0)"
AIM-P017-984.gif,700,560,3,0.029-0.171,0.211-0.839,0.871-0.970,0/0/0/0,si,0.167-0.556,0.559-0.964,0.497,"(3, 1, 1, 1, 0)"
AIM-P017-985.jpg,700,560,3,0.027-0.170,0.211-0.838,0.870-0.968,0/0/0/0,si,0.167-0.570,0.573-0.973,0.493,"(3, 1, 1, 1, 0)"
AIM-P017-986.jpg,700,560,3,0.027-0.170,0.211-0.838,0.870-0.968,0/0/0/0,si,0.167-0.566,0.569-0.977,0.490,"(3, 1, 1, 1, 0)"
AIM-P017-987.jpg,2560,2048,3,0.028-0.170,0.210-0.839,0.871-0.969,0/0/0/0,si,0.166-0.600,0.618-0.923,0.523,"(3, 1, 1, 1, 0)"
AIM-P017-988.jpg,700,573,3,0.042-0.182,0.220-0.829,0.860-0.955,0/0/0/0,si,0.170-0.566,0.569-0.970,0.510,"(3, 1, 1, 1, 0)"
AIM-P017-989.gif,700,560,3,0.037-0.180,0.220-0.848,0.880-0.979,0/0/0/0,si,0.163-0.560,0.563-0.970,0.490,"(3, 1, 1, 1, 0)"
AIM-P017-990.jpg,700,560,3,0.027-0.170,0.211-0.838,0.870-0.968,0/0/0/0,si,0.167-0.569,0.571-0.973,0.493,"(3, 1, 1, 1, 0)"
AIM-P017-991.jpg,700,560,3,0.027-0.170,0.211-0.838,0.870-0.968,0/0/0/0,si,0.167-0.570,0.573-0.977,0.490,"(3, 1, 1, 1, 0)"
AIM-P017-992.jpg,700,560,3,0.027-0.170,0.211-0.843,0.870-0.968,0/0/0/0,si,0.167-0.570,0.573-0.980,0.484,"(3, 1, 1, 1, 0)"
AIM-P017-993.gif,700,562,3,0.016-0.164,0.205-0.851,0.883-0.984,0/0/0/0,si,0.159-0.569,0.571-0.990,0.461,"(3, 1, 1, 1, 0)"
AIM-P017-994.jpg,700,560,3,0.027-0.170,0.211-0.838,0.870-0.968,0/0/0/0,si,0.169-0.566,0.569-0.973,0.494,"(3, 1, 1, 1, 0)"
AIM-P017-995.jpg,700,560,3,0.027-0.170,0.211-0.838,0.870-0.968,0/0/0/0,si,0.169-0.569,0.571-0.977,0.491,"(3, 1, 1, 1, 0)"
AIM-P017-996.jpg,700,560,3,0.029-0.171,0.211-0.839,0.871-0.970,0/0/0/0,si,0.169-0.567,0.570-0.976,0.490,"(3, 1, 1, 1, 0)"
AIM-P017-997.gif,700,562,3,0.018-0.164,0.205-0.852,0.883-0.986,0/0/0/0,si,0.160-0.570,0.573-0.990,0.460,"(3, 1, 1, 1, 0)"
AIM-P017-998.jpg,700,560,3,0.027-0.170,0.211-0.843,0.870-0.968,0/0/0/0,si,0.167-0.570,0.573-0.980,0.484,"(3, 1, 1, 1, 0)"
AIM-P017-999.jpg,700,560,3,0.027-0.170,0.211-0.838,0.870-0.968,0/0/0/0,si,0.169-0.570,0.573-0.977,0.491,"(3, 1, 1, 1, 0)"
