id,estado,motivo,dimensiones_normalizada,guardada,frente_detectado,espalda_detectada
AIM-P001-001.jpg,ok,"logo separado de bloque ancho x[15:117] | frente/espalda fusionados, separados en x=400",551x353,ok-saved,si,si
AIM-P001-002.jpg,ok,"logo separado de bloque ancho x[15:116] | frente/espalda fusionados, separados en x=397",551x352,ok-saved,si,si
AIM-P001-003.jpg,ok,"logo separado de bloque ancho x[15:115] | frente/espalda fusionados, separados en x=398",544x352,ok-saved,si,si
AIM-P001-004.jpg,ok,"logo separado de bloque ancho x[15:115] | frente/espalda fusionados, separados en x=398",552x353,ok-saved,si,si
AIM-P001-005.jpg,ok,"logo separado de bloque ancho x[5:109] | frente/espalda fusionados, separados en x=401",569x366,ok-saved,si,si
AIM-P001-006.jpg,ok,"logo separado de bloque ancho x[15:115] | frente/espalda fusionados, separados en x=396",541x352,ok-saved,si,si
AIM-P001-007.jpg,ok,"logo separado de bloque ancho x[15:115] | frente/espalda fusionados, separados en x=397",543x352,ok-saved,si,si
AIM-P001-008.jpg,ok,logo separado de bloque ancho x[15:115],477x352,ok-saved,si,si
AIM-P001-009.jpg,ok,"logo separado de bloque ancho x[15:116] | frente/espalda fusionados, separados en x=397",544x352,ok-saved,si,si
AIM-P001-010.jpg,ok,logo separado de bloque ancho x[15:115],543x352,ok-saved,si,si
AIM-P001-011.jpg,ok,"logo separado de bloque ancho x[15:116] | frente/espalda fusionados, separados en x=397",550x352,ok-saved,si,si
AIM-P001-012.jpg,ok,"logo separado de bloque ancho x[15:115] | frente/espalda fusionados, separados en x=400",558x354,ok-saved,si,si
AIM-P001-013.jpg,ok,"logo separado de bloque ancho x[15:115] | frente/espalda fusionados, separados en x=396",541x352,ok-saved,si,si
AIM-P001-014.jpg,ok,"logo separado de bloque ancho x[15:116] | frente/espalda fusionados, separados en x=400",552x352,ok-saved,si,si
AIM-P001-015.jpg,ok,"logo separado de bloque ancho x[15:115] | frente/espalda fusionados, separados en x=400",543x352,ok-saved,si,si
AIM-P001-016.jpg,ok,"logo separado de bloque ancho x[91:703] | frente/espalda fusionados, separados en x=2415",700x455,ok-saved,si,si
AIM-P001-017.jpg,ok,"logo descartado x[14:125] | frente/espalda fusionados, separados en x=395",518x352,ok-saved,si,si
AIM-P001-018.jpg,ok,"logo separado de bloque ancho x[15:116] | frente/espalda fusionados, separados en x=397",556x352,ok-saved,si,si
AIM-P001-019.jpg,ok,"logo separado de bloque ancho x[15:115] | frente/espalda fusionados, separados en x=402",558x353,ok-saved,si,si
AIM-P001-020.jpg,ok,"logo separado de bloque ancho x[15:115] | frente/espalda fusionados, separados en x=400",546x352,ok-saved,si,si
AIM-P001-021.jpg,ok,"logo separado de bloque ancho x[15:115] | frente/espalda fusionados, separados en x=400",555x352,ok-saved,si,si
AIM-P001-022.jpg,ok,"logo separado de bloque ancho x[15:117] | frente/espalda fusionados, separados en x=397",540x353,ok-saved,si,si
AIM-P001-023.jpg,ok,"logo separado de bloque ancho x[15:116] | frente/espalda fusionados, separados en x=398",555x352,ok-saved,si,si
AIM-P001-024.jpg,ok,"logo separado de bloque ancho x[14:115] | frente/espalda fusionados, separados en x=395",545x352,ok-saved,si,si
AIM-P001-025.jpg,ok,"logo separado de bloque ancho x[15:116] | frente/espalda fusionados, separados en x=400",543x352,ok-saved,si,si
AIM-P001-026.jpg,ok,"logo separado de bloque ancho x[15:115] | frente/espalda fusionados, separados en x=400",546x352,ok-saved,si,si
AIM-P001-027.jpg,ok,logo separado de bloque ancho x[15:116],514x352,ok-saved,si,si
AIM-P001-028.jpg,ok,"logo separado de bloque ancho x[15:116] | frente/espalda fusionados, separados en x=400",551x352,ok-saved,si,si
AIM-P001-029.jpg,ok,"logo separado de bloque ancho x[15:115] | frente/espalda fusionados, separados en x=400",551x352,ok-saved,si,si
AIM-P001-030.jpg,ok,"logo separado de bloque ancho x[15:116] | frente/espalda fusionados, separados en x=397",543x353,ok-saved,si,si
AIM-P001-031.jpg,ok,"logo separado de bloque ancho x[14:115] | frente/espalda fusionados, separados en x=395",545x352,ok-saved,si,si
AIM-P001-032.jpg,ok,"logo separado de bloque ancho x[15:116] | frente/espalda fusionados, separados en x=397",548x352,ok-saved,si,si
AIM-P001-033.jpg,ok,"logo separado de bloque ancho x[15:116] | frente/espalda fusionados, separados en x=397",543x353,ok-saved,si,si
AIM-P001-034.jpg,ok,"logo separado de bloque ancho x[15:115] | frente/espalda fusionados, separados en x=397",545x352,ok-saved,si,si
AIM-P001-035.jpg,ok,"logo separado de bloque ancho x[15:115] | frente/espalda fusionados, separados en x=397",543x352,ok-saved,si,si
AIM-P001-036.jpg,ok,"logo separado de bloque ancho x[3:107] | frente/espalda fusionados, separados en x=396",564x364,ok-saved,si,si
AIM-P001-037.jpg,ok,"logo separado de bloque ancho x[14:115] | frente/espalda fusionados, separados en x=395",545x352,ok-saved,si,si
AIM-P001-038.jpg,ok,"logo separado de bloque ancho x[15:116] | frente/espalda fusionados, separados en x=398",550x353,ok-saved,si,si
AIM-P001-039.jpg,ok,"logo separado de bloque ancho x[15:116] | frente/espalda fusionados, separados en x=398",549x356,ok-saved,si,si
AIM-P001-040.jpg,ok,"logo separado de bloque ancho x[15:116] | frente/espalda fusionados, separados en x=397",543x352,ok-saved,si,si
AIM-P001-041.jpg,ok,"logo separado de bloque ancho x[15:116] | frente/espalda fusionados, separados en x=400",556x352,ok-saved,si,si
AIM-P001-042.jpg,ok,"logo separado de bloque ancho x[15:115] | frente/espalda fusionados, separados en x=397",544x352,ok-saved,si,si
AIM-P001-043.jpg,ok,"logo separado de bloque ancho x[15:116] | frente/espalda fusionados, separados en x=397",543x352,ok-saved,si,si
AIM-P001-044.jpg,ok,"logo separado de bloque ancho x[15:115] | frente/espalda fusionados, separados en x=400",557x354,ok-saved,si,si
AIM-P001-045.jpg,ok,"logo separado de bloque ancho x[15:115] | frente/espalda fusionados, separados en x=397",547x352,ok-saved,si,si
AIM-P001-046.jpg,ok,"logo separado de bloque ancho x[15:115] | frente/espalda fusionados, separados en x=397",547x352,ok-saved,si,si
AIM-P001-047.jpg,ok,"logo separado de bloque ancho x[15:115] | frente/espalda fusionados, separados en x=398",554x352,ok-saved,si,si
AIM-P001-048.jpg,ok,"logo separado de bloque ancho x[15:116] | frente/espalda fusionados, separados en x=397",543x352,ok-saved,si,si
AIM-P001-049.jpg,ok,"logo separado de bloque ancho x[15:115] | frente/espalda fusionados, separados en x=397",544x352,ok-saved,si,si
AIM-P001-050.jpg,ok,"logo separado de bloque ancho x[15:116] | frente/espalda fusionados, separados en x=399",554x352,ok-saved,si,si
AIM-P001-051.jpg,ok,"logo separado de bloque ancho x[15:115] | frente/espalda fusionados, separados en x=397",543x352,ok-saved,si,si
AIM-P001-052.jpg,ok,"logo separado de bloque ancho x[91:703] | frente/espalda fusionados, separados en x=2379",700x452,ok-saved,si,si
AIM-P001-053.jpg,ok,"logo separado de bloque ancho x[14:115] | frente/espalda fusionados, separados en x=395",545x352,ok-saved,si,si
AIM-P001-054.jpg,ok,"logo separado de bloque ancho x[15:115] | frente/espalda fusionados, separados en x=399",544x352,ok-saved,si,si
AIM-P001-055.jpg,ok,"logo separado de bloque ancho x[15:115] | frente/espalda fusionados, separados en x=397",547x352,ok-saved,si,si
AIM-P001-056.jpg,ok,logo separado de bloque ancho x[15:116],551x352,ok-saved,si,si
AIM-P001-057.jpg,ok,"logo separado de bloque ancho x[15:116] | frente/espalda fusionados, separados en x=397",543x352,ok-saved,si,si
AIM-P001-058.jpg,ok,"logo separado de bloque ancho x[15:115] | frente/espalda fusionados, separados en x=396",541x352,ok-saved,si,si
AIM-P001-059.jpg,ok,"logo separado de bloque ancho x[15:116] | frente/espalda fusionados, separados en x=397",545x352,ok-saved,si,si
AIM-P001-060.jpg,ok,"logo separado de bloque ancho x[15:116] | frente/espalda fusionados, separados en x=400",548x353,ok-saved,si,si
AIM-P002-061.jpg,ok,"logo separado de bloque ancho x[15:115] | frente/espalda fusionados, separados en x=396",541x352,ok-saved,si,si
AIM-P002-062.jpg,ok,"logo separado de bloque ancho x[15:116] | frente/espalda fusionados, separados en x=397",544x352,ok-saved,si,si
AIM-P002-063.jpg,ok,"logo separado de bloque ancho x[15:116] | frente/espalda fusionados, separados en x=397",543x352,ok-saved,si,si
AIM-P002-064.jpg,ok,logo separado de bloque ancho x[15:115],470x352,ok-saved,si,si
AIM-P002-065.jpg,ok,"logo separado de bloque ancho x[15:115] | frente/espalda fusionados, separados en x=402",543x352,ok-saved,si,si
AIM-P002-066.jpg,ok,"logo separado de bloque ancho x[15:115] | frente/espalda fusionados, separados en x=397",547x352,ok-saved,si,si
AIM-P002-067.jpg,ok,"logo separado de bloque ancho x[15:116] | frente/espalda fusionados, separados en x=397",543x353,ok-saved,si,si
AIM-P002-068.jpg,ok,"logo separado de bloque ancho x[15:115] | frente/espalda fusionados, separados en x=397",543x352,ok-saved,si,si
AIM-P002-069.jpg,ok,"logo separado de bloque ancho x[14:115] | frente/espalda fusionados, separados en x=395",545x352,ok-saved,si,si
AIM-P002-070.jpg,ok,"logo separado de bloque ancho x[91:703] | frente/espalda fusionados, separados en x=2389",700x453,ok-saved,si,si
AIM-P002-071.jpg,ok,"logo separado de bloque ancho x[15:115] | frente/espalda fusionados, separados en x=399",544x352,ok-saved,si,si
AIM-P002-072.jpg,ok,"logo separado de bloque ancho x[15:116] | frente/espalda fusionados, separados en x=398",552x352,ok-saved,si,si
AIM-P002-073.jpg,ok,"logo separado de bloque ancho x[1:105] | frente/espalda fusionados, separados en x=395",566x365,ok-saved,si,si
AIM-P002-074.jpg,ok,"logo separado de bloque ancho x[5:110] | frente/espalda fusionados, separados en x=401",568x366,ok-saved,si,si
AIM-P002-075.jpg,ok,"logo separado de bloque ancho x[15:115] | frente/espalda fusionados, separados en x=397",543x352,ok-saved,si,si
AIM-P002-076.jpg,ok,"logo separado de bloque ancho x[15:116] | frente/espalda fusionados, separados en x=399",552x340,ok-saved,si,si
AIM-P002-077.jpg,ok,"logo separado de bloque ancho x[15:115] | frente/espalda fusionados, separados en x=362",557x353,ok-saved,si,si
AIM-P002-078.jpg,ok,"logo separado de bloque ancho x[15:115] | frente/espalda fusionados, separados en x=398",552x352,ok-saved,si,si
AIM-P002-079.jpg,ok,"logo separado de bloque ancho x[15:116] | frente/espalda fusionados, separados en x=397",545x352,ok-saved,si,si
AIM-P002-080.jpg,ok,"logo separado de bloque ancho x[15:116] | frente/espalda fusionados, separados en x=397",544x353,ok-saved,si,si
AIM-P002-081.jpg,ok,"logo separado de bloque ancho x[15:116] | frente/espalda fusionados, separados en x=397",551x352,ok-saved,si,si
AIM-P002-082.jpg,ok,"logo separado de bloque ancho x[15:116] | frente/espalda fusionados, separados en x=397",550x352,ok-saved,si,si
AIM-P002-083.jpg,ok,"logo separado de bloque ancho x[15:115] | frente/espalda fusionados, separados en x=397",547x352,ok-saved,si,si
AIM-P002-084.jpg,ok,"logo separado de bloque ancho x[15:116] | frente/espalda fusionados, separados en x=398",543x352,ok-saved,si,si
AIM-P002-085.jpg,ok,"logo separado de bloque ancho x[15:115] | frente/espalda fusionados, separados en x=396",541x352,ok-saved,si,si
AIM-P002-086.jpg,ok,"logo separado de bloque ancho x[91:703] | frente/espalda fusionados, separados en x=2428",700x456,ok-saved,si,si
AIM-P002-087.jpg,ok,"logo separado de bloque ancho x[15:116] | frente/espalda fusionados, separados en x=399",544x352,ok-saved,si,si
AIM-P002-088.jpg,ok,"logo separado de bloque ancho x[15:116] | frente/espalda fusionados, separados en x=397",543x353,ok-saved,si,si
AIM-P002-089.jpg,ok,"logo separado de bloque ancho x[15:116] | frente/espalda fusionados, separados en x=394",546x354,ok-saved,si,si
AIM-P002-090.jpg,ok,"logo separado de bloque ancho x[15:115] | frente/espalda fusionados, separados en x=396",541x352,ok-saved,si,si
AIM-P002-091.jpg,ok,"logo separado de bloque ancho x[15:115] | frente/espalda fusionados, separados en x=386",557x352,ok-saved,si,si
AIM-P002-092.jpg,ok,"logo separado de bloque ancho x[14:115] | frente/espalda fusionados, separados en x=395",545x352,ok-saved,si,si
AIM-P002-093.jpg,ok,"logo separado de bloque ancho x[15:116] | frente/espalda fusionados, separados en x=397",543x352,ok-saved,si,si
AIM-P002-094.jpg,ok,"logo separado de bloque ancho x[15:115] | frente/espalda fusionados, separados en x=399",546x352,ok-saved,si,si
AIM-P002-095.jpg,ok,"logo separado de bloque ancho x[15:115] | frente/espalda fusionados, separados en x=400",546x352,ok-saved,si,si
AIM-P002-096.jpg,ok,"logo separado de bloque ancho x[15:116] | frente/espalda fusionados, separados en x=396",545x353,ok-saved,si,si
AIM-P002-097.jpg,ok,"logo separado de bloque ancho x[15:115] | frente/espalda fusionados, separados en x=396",541x352,ok-saved,si,si
AIM-P002-098.jpg,ok,"logo separado de bloque ancho x[15:116] | frente/espalda fusionados, separados en x=397",550x352,ok-saved,si,si
AIM-P002-099.jpg,ok,"logo separado de bloque ancho x[15:115] | frente/espalda fusionados, separados en x=400",549x352,ok-saved,si,si
AIM-P002-100.jpg,ok,"logo separado de bloque ancho x[15:116] | frente/espalda fusionados, separados en x=397",554x352,ok-saved,si,si
AIM-P002-101.jpg,ok,"logo separado de bloque ancho x[15:116] | frente/espalda fusionados, separados en x=400",556x353,ok-saved,si,si
AIM-P002-102.jpg,ok,"logo separado de bloque ancho x[14:115] | frente/espalda fusionados, separados en x=395",545x352,ok-saved,si,si
AIM-P002-103.jpg,ok,"logo separado de bloque ancho x[15:116] | frente/espalda fusionados, separados en x=397",543x352,ok-saved,si,si
AIM-P002-104.jpg,ok,"logo separado de bloque ancho x[15:115] | frente/espalda fusionados, separados en x=397",547x352,ok-saved,si,si
AIM-P002-105.jpg,ok,"logo separado de bloque ancho x[15:115] | frente/espalda fusionados, separados en x=397",543x352,ok-saved,si,si
AIM-P002-106.jpg,ok,"logo separado de bloque ancho x[15:116] | frente/espalda fusionados, separados en x=400",544x353,ok-saved,si,si
AIM-P002-107.jpg,ok,logo separado de bloque ancho x[15:21],648x353,ok-saved,si,si
AIM-P002-108.jpg,ok,"logo separado de bloque ancho x[15:116] | frente/espalda fusionados, separados en x=398",543x352,ok-saved,si,si
AIM-P002-109.jpg,ok,"logo separado de bloque ancho x[15:115] | frente/espalda fusionados, separados en x=397",543x352,ok-saved,si,si
AIM-P002-110.jpg,ok,"logo separado de bloque ancho x[17:118] | frente/espalda fusionados, separados en x=397",550x353,ok-saved,si,si
AIM-P002-111.jpg,ok,"logo separado de bloque ancho x[91:703] | frente/espalda fusionados, separados en x=2407",700x453,ok-saved,si,si
AIM-P002-112.jpg,ok,"logo separado de bloque ancho x[15:116] | frente/espalda fusionados, separados en x=397",543x353,ok-saved,si,si
AIM-P002-113.jpg,ok,"logo separado de bloque ancho x[15:115] | frente/espalda fusionados, separados en x=397",547x352,ok-saved,si,si
AIM-P002-114.jpg,ok,"logo separado de bloque ancho x[14:115] | frente/espalda fusionados, separados en x=395",545x352,ok-saved,si,si
AIM-P002-115.jpg,ok,"logo separado de bloque ancho x[15:115] | frente/espalda fusionados, separados en x=397",540x352,ok-saved,si,si
AIM-P002-116.jpg,ok,"logo separado de bloque ancho x[15:115] | frente/espalda fusionados, separados en x=397",543x352,ok-saved,si,si
AIM-P002-117.jpg,ok,"logo separado de bloque ancho x[1:107] | frente/espalda fusionados, separados en x=401",573x370,ok-saved,si,si
AIM-P002-118.jpg,ok,"logo separado de bloque ancho x[15:115] | frente/espalda fusionados, separados en x=397",551x352,ok-saved,si,si
AIM-P002-119.jpg,ok,logo separado de bloque ancho x[91:703],700x453,ok-saved,si,si
AIM-P002-120.jpg,ok,"logo separado de bloque ancho x[15:116] | frente/espalda fusionados, separados en x=400",556x352,ok-saved,si,si
AIM-P003-121.jpg,ok,"logo separado de bloque ancho x[15:116] | frente/espalda fusionados, separados en x=399",548x354,ok-saved,si,si
AIM-P003-122.jpg,ok,"logo separado de bloque ancho x[15:116] | frente/espalda fusionados, separados en x=397",543x352,ok-saved,si,si
AIM-P003-123.jpg,ok,"logo separado de bloque ancho x[14:115] | frente/espalda fusionados, separados en x=395",541x352,ok-saved,si,si
AIM-P003-124.jpg,ok,"logo separado de bloque ancho x[15:115] | frente/espalda fusionados, separados en x=397",547x352,ok-saved,si,si
AIM-P003-125.jpg,ok,"logo separado de bloque ancho x[15:117] | frente/espalda fusionados, separados en x=398",563x352,ok-saved,si,si
AIM-P003-126.jpg,ok,"logo separado de bloque ancho x[15:116] | frente/espalda fusionados, separados en x=397",543x352,ok-saved,si,si
AIM-P003-127.jpg,ok,"logo separado de bloque ancho x[14:115] | frente/espalda fusionados, separados en x=395",545x352,ok-saved,si,si
AIM-P003-128.jpg,ok,"logo separado de bloque ancho x[15:115] | frente/espalda fusionados, separados en x=397",543x352,ok-saved,si,si
AIM-P003-129.jpg,ok,"logo separado de bloque ancho x[15:115] | frente/espalda fusionados, separados en x=397",543x352,ok-saved,si,si
AIM-P003-130.jpg,ok,"logo separado de bloque ancho x[5:109] | frente/espalda fusionados, separados en x=397",563x363,ok-saved,si,si
AIM-P003-131.jpg,ok,"logo separado de bloque ancho x[3:107] | frente/espalda fusionados, separados en x=398",568x367,ok-saved,si,si
AIM-P003-132.jpg,ok,"logo separado de bloque ancho x[15:116] | frente/espalda fusionados, separados en x=398",553x353,ok-saved,si,si
AIM-P003-133.jpg,ok,"logo separado de bloque ancho x[15:115] | frente/espalda fusionados, separados en x=396",541x352,ok-saved,si,si
AIM-P003-134.jpg,ok,logo separado de bloque ancho x[15:22],337x352,ok-saved,si,si
AIM-P003-135.jpg,ok,"logo separado de bloque ancho x[15:116] | frente/espalda fusionados, separados en x=399",543x352,ok-saved,si,si
AIM-P003-136.jpg,ok,"logo separado de bloque ancho x[15:116] | frente/espalda fusionados, separados en x=395",548x352,ok-saved,si,si
AIM-P003-137.jpg,ok,"logo separado de bloque ancho x[91:703] | frente/espalda fusionados, separados en x=2399",700x453,ok-saved,si,si
AIM-P003-138.jpg,ok,"logo separado de bloque ancho x[15:115] | frente/espalda fusionados, separados en x=395",557x355,ok-saved,si,si
AIM-P003-139.jpg,dudoso,logo separado de bloque ancho x[15:116] | espalda no distinguible del fondo (revisar),289x352,ok-saved,si,no
AIM-P003-140.jpg,ok,"logo separado de bloque ancho x[15:116] | frente/espalda fusionados, separados en x=397",548x352,ok-saved,si,si
AIM-P003-141.jpg,ok,"logo separado de bloque ancho x[15:116] | frente/espalda fusionados, separados en x=397",543x352,ok-saved,si,si
AIM-P003-142.jpg,ok,"logo separado de bloque ancho x[15:115] | frente/espalda fusionados, separados en x=397",543x352,ok-saved,si,si
AIM-P003-143.jpg,ok,"logo separado de bloque ancho x[15:116] | frente/espalda fusionados, separados en x=397",553x352,ok-saved,si,si
AIM-P003-144.jpg,ok,"logo separado de bloque ancho x[3:107] | frente/espalda fusionados, separados en x=397",563x364,ok-saved,si,si
AIM-P003-145.jpg,ok,"logo separado de bloque ancho x[15:115] | frente/espalda fusionados, separados en x=398",551x352,ok-saved,si,si
AIM-P003-146.jpg,ok,"logo separado de bloque ancho x[91:703] | frente/espalda fusionados, separados en x=2407",700x454,ok-saved,si,si
AIM-P003-147.jpg,ok,logo separado de bloque ancho x[16:24],399x402,ok-saved,si,si
AIM-P003-148.jpg,ok,"logo separado de bloque ancho x[15:116] | frente/espalda fusionados, separados en x=397",550x352,ok-saved,si,si
AIM-P003-149.jpg,ok,"logo separado de bloque ancho x[15:116] | frente/espalda fusionados, separados en x=397",543x352,ok-saved,si,si
AIM-P003-150.jpg,ok,"logo separado de bloque ancho x[15:115] | frente/espalda fusionados, separados en x=396",546x354,ok-saved,si,si
AIM-P003-151.jpg,ok,"logo separado de bloque ancho x[1:106] | frente/espalda fusionados, separados en x=401",574x370,ok-saved,si,si
AIM-P003-152.jpg,ok,"logo separado de bloque ancho x[15:116] | frente/espalda fusionados, separados en x=397",540x352,ok-saved,si,si
AIM-P003-153.jpg,ok,"logo separado de bloque ancho x[15:117] | frente/espalda fusionados, separados en x=400",554x353,ok-saved,si,si
AIM-P003-154.jpg,ok,"logo separado de bloque ancho x[16:132] | frente/espalda fusionados, separados en x=453",618x402,ok-saved,si,si
AIM-P003-155.jpg,ok,logo separado de bloque ancho x[15:115],484x354,ok-saved,si,si
AIM-P003-156.jpg,ok,"logo separado de bloque ancho x[15:116] | frente/espalda fusionados, separados en x=400",540x357,ok-saved,si,si
AIM-P003-157.jpg,ok,"logo separado de bloque ancho x[15:115] | frente/espalda fusionados, separados en x=397",544x352,ok-saved,si,si
AIM-P003-158.jpg,ok,"logo separado de bloque ancho x[15:115] | frente/espalda fusionados, separados en x=400",548x352,ok-saved,si,si
AIM-P003-159.jpg,ok,"logo separado de bloque ancho x[91:703] | frente/espalda fusionados, separados en x=2407",700x455,ok-saved,si,si
AIM-P003-160.jpg,ok,"logo separado de bloque ancho x[15:116] | frente/espalda fusionados, separados en x=398",545x352,ok-saved,si,si
AIM-P003-161.jpg,ok,"logo separado de bloque ancho x[15:115] | frente/espalda fusionados, separados en x=397",543x352,ok-saved,si,si
AIM-P003-162.jpg,ok,"logo separado de bloque ancho x[15:116] | frente/espalda fusionados, separados en x=397",544x352,ok-saved,si,si
AIM-P003-163.jpg,ok,"logo separado de bloque ancho x[15:116] | frente/espalda fusionados, separados en x=397",543x352,ok-saved,si,si
AIM-P003-164.jpg,dudoso,logo separado de bloque ancho x[92:704] | espalda no distinguible del fondo (revisar),614x700,ok-saved,si,no
AIM-P003-165.jpg,ok,"logo separado de bloque ancho x[15:115] | frente/espalda fusionados, separados en x=400",543x352,ok-saved,si,si
AIM-P003-166.jpg,ok,"logo separado de bloque ancho x[15:116] | frente/espalda fusionados, separados en x=397",546x352,ok-saved,si,si
AIM-P003-167.jpg,ok,"logo separado de bloque ancho x[16:132] | frente/espalda fusionados, separados en x=453",618x402,ok-saved,si,si
AIM-P003-168.jpg,ok,"logo separado de bloque ancho x[14:115] | frente/espalda fusionados, separados en x=395",545x352,ok-saved,si,si
AIM-P003-169.jpg,ok,"logo separado de bloque ancho x[15:116] | frente/espalda fusionados, separados en x=397",550x352,ok-saved,si,si
AIM-P003-170.jpg,ok,"logo separado de bloque ancho x[92:704] | frente/espalda fusionados, separados en x=2407",700x455,ok-saved,si,si
AIM-P003-171.jpg,ok,"logo separado de bloque ancho x[15:116] | frente/espalda fusionados, separados en x=397",546x352,ok-saved,si,si
AIM-P003-172.jpg,ok,"logo separado de bloque ancho x[15:115] | frente/espalda fusionados, separados en x=398",545x352,ok-saved,si,si
AIM-P003-173.jpg,ok,"logo separado de bloque ancho x[14:115] | frente/espalda fusionados, separados en x=395",545x352,ok-saved,si,si
AIM-P003-174.jpg,ok,"logo separado de bloque ancho x[15:116] | frente/espalda fusionados, separados en x=400",548x353,ok-saved,si,si
AIM-P003-175.jpg,ok,"logo separado de bloque ancho x[15:116] | frente/espalda fusionados, separados en x=397",551x353,ok-saved,si,si
AIM-P003-176.jpg,ok,logo separado de bloque ancho x[15:21],591x352,ok-saved,si,si
AIM-P003-177.jpg,ok,"logo separado de bloque ancho x[15:115] | frente/espalda fusionados, separados en x=395",549x352,ok-saved,si,si
AIM-P003-178.jpg,ok,"logo separado de bloque ancho x[15:116] | frente/espalda fusionados, separados en x=400",556x352,ok-saved,si,si
AIM-P003-179.jpg,ok,logo separado de bloque ancho x[15:21],397x352,ok-saved,si,si
AIM-P003-180.jpg,ok,"logo separado de bloque ancho x[15:116] | frente/espalda fusionados, separados en x=397",544x352,ok-saved,si,si
AIM-P004-181.jpg,ok,"logo separado de bloque ancho x[5:109] | frente/espalda fusionados, separados en x=399",563x363,ok-saved,si,si
AIM-P004-182.jpg,ok,"logo separado de bloque ancho x[15:115] | frente/espalda fusionados, separados en x=397",543x352,ok-saved,si,si
AIM-P004-183.jpg,ok,"logo separado de bloque ancho x[14:115] | frente/espalda fusionados, separados en x=395",545x342,ok-saved,si,si
AIM-P004-184.jpg,ok,"logo separado de bloque ancho x[15:116] | frente/espalda fusionados, separados en x=397",544x352,ok-saved,si,si
AIM-P004-185.jpg,ok,"logo separado de bloque ancho x[15:116] | frente/espalda fusionados, separados en x=397",544x352,ok-saved,si,si
AIM-P004-186.jpg,ok,"logo separado de bloque ancho x[15:115] | frente/espalda fusionados, separados en x=398",540x352,ok-saved,si,si
AIM-P004-187.jpg,ok,"logo separado de bloque ancho x[15:115] | frente/espalda fusionados, separados en x=397",548x352,ok-saved,si,si
AIM-P004-188.jpg,ok,"logo separado de bloque ancho x[15:115] | frente/espalda fusionados, separados en x=397",543x352,ok-saved,si,si
AIM-P004-189.jpg,ok,"logo separado de bloque ancho x[15:115] | frente/espalda fusionados, separados en x=399",549x353,ok-saved,si,si
AIM-P004-190.jpg,ok,"logo separado de bloque ancho x[91:703] | frente/espalda fusionados, separados en x=2389",700x452,ok-saved,si,si
AIM-P004-191.jpg,ok,"logo separado de bloque ancho x[15:115] | frente/espalda fusionados, separados en x=397",548x352,ok-saved,si,si
AIM-P004-192.jpg,ok,"logo separado de bloque ancho x[15:115] | frente/espalda fusionados, separados en x=397",545x353,ok-saved,si,si
AIM-P004-193.jpg,ok,"logo separado de bloque ancho x[15:115] | frente/espalda fusionados, separados en x=398",548x352,ok-saved,si,si
AIM-P004-194.jpg,ok,"logo separado de bloque ancho x[14:115] | frente/espalda fusionados, separados en x=395",545x352,ok-saved,si,si
AIM-P004-195.jpg,ok,"logo separado de bloque ancho x[15:115] | frente/espalda fusionados, separados en x=397",547x352,ok-saved,si,si
AIM-P004-196.jpg,ok,"logo separado de bloque ancho x[15:116] | frente/espalda fusionados, separados en x=398",550x353,ok-saved,si,si
AIM-P004-197.jpg,ok,"logo separado de bloque ancho x[15:115] | frente/espalda fusionados, separados en x=397",543x352,ok-saved,si,si
AIM-P004-198.jpg,ok,"logo separado de bloque ancho x[15:116] | frente/espalda fusionados, separados en x=400",544x352,ok-saved,si,si
AIM-P004-199.jpg,ok,"logo separado de bloque ancho x[3:107] | frente/espalda fusionados, separados en x=395",562x362,ok-saved,si,si
AIM-P004-200.jpg,ok,"logo separado de bloque ancho x[15:116] | frente/espalda fusionados, separados en x=397",543x352,ok-saved,si,si
AIM-P004-201.jpg,ok,"logo separado de bloque ancho x[15:116] | frente/espalda fusionados, separados en x=397",547x352,ok-saved,si,si
AIM-P004-202.jpg,ok,"logo separado de bloque ancho x[91:703] | frente/espalda fusionados, separados en x=2388",700x453,ok-saved,si,si
AIM-P004-203.jpg,ok,"logo separado de bloque ancho x[15:115] | frente/espalda fusionados, separados en x=397",547x352,ok-saved,si,si
AIM-P004-204.jpg,ok,"logo separado de bloque ancho x[15:116] | frente/espalda fusionados, separados en x=400",545x353,ok-saved,si,si
AIM-P004-205.jpg,ok,"logo separado de bloque ancho x[15:116] | frente/espalda fusionados, separados en x=397",543x353,ok-saved,si,si
AIM-P004-206.jpg,ok,"logo separado de bloque ancho x[15:116] | frente/espalda fusionados, separados en x=397",543x352,ok-saved,si,si
AIM-P004-207.jpg,ok,"logo separado de bloque ancho x[14:115] | frente/espalda fusionados, separados en x=395",545x352,ok-saved,si,si
AIM-P004-208.jpg,ok,"logo separado de bloque ancho x[15:115] | frente/espalda fusionados, separados en x=397",549x352,ok-saved,si,si
AIM-P004-209.jpg,ok,"logo separado de bloque ancho x[15:115] | frente/espalda fusionados, separados en x=400",551x353,ok-saved,si,si
AIM-P004-210.jpg,ok,"logo separado de bloque ancho x[14:116] | frente/espalda fusionados, separados en x=397",554x354,ok-saved,si,si
AIM-P004-211.jpg,ok,"logo separado de bloque ancho x[15:115] | frente/espalda fusionados, separados en x=400",550x352,ok-saved,si,si
AIM-P004-212.jpg,ok,"logo separado de bloque ancho x[15:116] | frente/espalda fusionados, separados en x=397",543x353,ok-saved,si,si
AIM-P004-213.jpg,ok,"logo separado de bloque ancho x[15:117] | frente/espalda fusionados, separados en x=400",556x350,ok-saved,si,si
AIM-P004-214.jpg,ok,"logo separado de bloque ancho x[15:116] | frente/espalda fusionados, separados en x=402",548x352,ok-saved,si,si
AIM-P004-215.jpg,ok,"logo separado de bloque ancho x[15:115] | frente/espalda fusionados, separados en x=397",543x352,ok-saved,si,si
AIM-P004-216.jpg,ok,"logo separado de bloque ancho x[15:115] | frente/espalda fusionados, separados en x=400",555x352,ok-saved,si,si
AIM-P004-217.jpg,ok,"logo descartado x[91:764] | frente/espalda fusionados, separados en x=2445",700x456,ok-saved,si,si
AIM-P004-218.jpg,ok,"logo separado de bloque ancho x[15:115] | frente/espalda fusionados, separados en x=398",548x352,ok-saved,si,si
AIM-P004-219.jpg,ok,"logo separado de bloque ancho x[15:115] | frente/espalda fusionados, separados en x=397",543x352,ok-saved,si,si
AIM-P004-220.jpg,ok,"logo separado de bloque ancho x[15:115] | frente/espalda fusionados, separados en x=397",543x352,ok-saved,si,si
AIM-P004-221.jpg,ok,"logo separado de bloque ancho x[15:115] | frente/espalda fusionados, separados en x=400",556x352,ok-saved,si,si
AIM-P004-222.jpg,ok,"logo separado de bloque ancho x[15:116] | frente/espalda fusionados, separados en x=397",546x352,ok-saved,si,si
AIM-P004-223.jpg,ok,"logo separado de bloque ancho x[14:115] | frente/espalda fusionados, separados en x=395",545x352,ok-saved,si,si
AIM-P004-224.jpg,ok,"logo separado de bloque ancho x[15:115] | frente/espalda fusionados, separados en x=399",553x353,ok-saved,si,si
AIM-P004-225.jpg,ok,"logo separado de bloque ancho x[15:115] | frente/espalda fusionados, separados en x=397",547x352,ok-saved,si,si
AIM-P004-226.jpg,ok,"logo separado de bloque ancho x[15:115] | frente/espalda fusionados, separados en x=397",543x353,ok-saved,si,si
AIM-P004-227.jpg,ok,"logo separado de bloque ancho x[15:116] | frente/espalda fusionados, separados en x=399",544x353,ok-saved,si,si
AIM-P004-228.jpg,ok,"logo separado de bloque ancho x[8:111] | frente/espalda fusionados, separados en x=399",561x362,ok-saved,si,si
AIM-P004-229.jpg,ok,"logo separado de bloque ancho x[4:108] | frente/espalda fusionados, separados en x=398",565x364,ok-saved,si,si
AIM-P004-230.jpg,ok,"logo separado de bloque ancho x[15:115] | frente/espalda fusionados, separados en x=397",543x352,ok-saved,si,si
AIM-P004-231.jpg,ok,"logo separado de bloque ancho x[15:116] | frente/espalda fusionados, separados en x=397",544x352,ok-saved,si,si
AIM-P004-232.jpg,ok,"logo separado de bloque ancho x[15:115] | frente/espalda fusionados, separados en x=397",543x352,ok-saved,si,si
AIM-P004-233.jpg,ok,"logo separado de bloque ancho x[91:703] | frente/espalda fusionados, separados en x=2407",700x455,ok-saved,si,si
AIM-P004-234.jpg,ok,"logo separado de bloque ancho x[15:115] | frente/espalda fusionados, separados en x=398",551x352,ok-saved,si,si
AIM-P004-235.jpg,ok,"logo separado de bloque ancho x[15:115] | frente/espalda fusionados, separados en x=396",541x352,ok-saved,si,si
AIM-P004-236.jpg,ok,"logo separado de bloque ancho x[15:115] | frente/espalda fusionados, separados en x=398",547x352,ok-saved,si,si
AIM-P004-237.jpg,ok,"logo separado de bloque ancho x[11:85] | frente/espalda fusionados, separados en x=290",398x257,ok-saved,si,si
AIM-P004-238.jpg,ok,"logo separado de bloque ancho x[15:116] | frente/espalda fusionados, separados en x=397",545x352,ok-saved,si,si
AIM-P004-239.jpg,ok,"logo separado de bloque ancho x[15:116] | frente/espalda fusionados, separados en x=397",563x352,ok-saved,si,si
AIM-P004-240.jpg,ok,"logo separado de bloque ancho x[15:115] | frente/espalda fusionados, separados en x=396",541x352,ok-saved,si,si
AIM-P005-241.jpg,ok,"logo separado de bloque ancho x[15:116] | frente/espalda fusionados, separados en x=397",543x353,ok-saved,si,si
AIM-P005-242.jpg,ok,"logo separado de bloque ancho x[15:116] | frente/espalda fusionados, separados en x=397",543x352,ok-saved,si,si
AIM-P005-243.jpg,ok,"logo separado de bloque ancho x[15:116] | frente/espalda fusionados, separados en x=398",549x352,ok-saved,si,si
AIM-P005-244.jpg,ok,"logo separado de bloque ancho x[2:105] | frente/espalda fusionados, separados en x=391",557x359,ok-saved,si,si
AIM-P005-245.jpg,ok,"logo separado de bloque ancho x[15:115] | frente/espalda fusionados, separados en x=396",541x352,ok-saved,si,si
AIM-P005-246.jpg,ok,"logo separado de bloque ancho x[15:115] | frente/espalda fusionados, separados en x=399",547x352,ok-saved,si,si
AIM-P005-247.jpg,ok,"logo separado de bloque ancho x[15:115] | frente/espalda fusionados, separados en x=397",543x352,ok-saved,si,si
AIM-P005-248.jpg,ok,"logo separado de bloque ancho x[15:116] | frente/espalda fusionados, separados en x=400",564x355,ok-saved,si,si
AIM-P005-249.jpg,ok,"logo separado de bloque ancho x[15:115] | frente/espalda fusionados, separados en x=397",543x352,ok-saved,si,si
AIM-P005-250.jpg,ok,"logo separado de bloque ancho x[15:115] | frente/espalda fusionados, separados en x=397",543x352,ok-saved,si,si
AIM-P005-251.jpg,ok,"logo separado de bloque ancho x[15:115] | frente/espalda fusionados, separados en x=396",541x352,ok-saved,si,si
AIM-P005-252.jpg,ok,"logo separado de bloque ancho x[91:703] | frente/espalda fusionados, separados en x=2407",700x458,ok-saved,si,si
AIM-P005-253.jpg,ok,"logo separado de bloque ancho x[15:115] | frente/espalda fusionados, separados en x=400",547x352,ok-saved,si,si
AIM-P005-254.jpg,ok,"logo separado de bloque ancho x[3:109] | frente/espalda fusionados, separados en x=403",572x370,ok-saved,si,si
AIM-P005-255.jpg,ok,"logo separado de bloque ancho x[15:115] | frente/espalda fusionados, separados en x=397",547x352,ok-saved,si,si
AIM-P005-256.jpg,ok,"logo separado de bloque ancho x[15:116] | frente/espalda fusionados, separados en x=397",544x352,ok-saved,si,si
AIM-P005-257.jpg,ok,"logo separado de bloque ancho x[15:115] | frente/espalda fusionados, separados en x=397",543x352,ok-saved,si,si
AIM-P005-258.jpg,ok,"logo separado de bloque ancho x[15:116] | frente/espalda fusionados, separados en x=398",552x352,ok-saved,si,si
AIM-P005-259.jpg,ok,"logo separado de bloque ancho x[15:115] | frente/espalda fusionados, separados en x=399",554x353,ok-saved,si,si
AIM-P005-260.jpg,ok,"logo separado de bloque ancho x[15:115] | frente/espalda fusionados, separados en x=397",545x353,ok-saved,si,si
AIM-P005-261.jpg,dudoso,logo descartado x[15:125] | espalda no distinguible del fondo (revisar) | recorte pequeno 86x105,172x210,ok-saved,si,no
AIM-P005-262.jpg,ok,"logo separado de bloque ancho x[15:115] | frente/espalda fusionados, separados en x=396",550x353,ok-saved,si,si
AIM-P005-263.jpg,ok,"logo separado de bloque ancho x[14:115] | frente/espalda fusionados, separados en x=397",543x352,ok-saved,si,si
AIM-P005-264.jpg,ok,"logo separado de bloque ancho x[15:116] | frente/espalda fusionados, separados en x=397",551x354,ok-saved,si,si
AIM-P005-265.jpg,ok,"logo separado de bloque ancho x[15:115] | frente/espalda fusionados, separados en x=396",541x352,ok-saved,si,si
AIM-P005-266.jpg,ok,"logo separado de bloque ancho x[15:116] | frente/espalda fusionados, separados en x=400",564x353,ok-saved,si,si
AIM-P005-267.jpg,ok,"logo separado de bloque ancho x[15:115] | frente/espalda fusionados, separados en x=400",548x353,ok-saved,si,si
AIM-P005-268.jpg,ok,"logo separado de bloque ancho x[15:116] | frente/espalda fusionados, separados en x=399",543x353,ok-saved,si,si
AIM-P005-269.jpg,ok,"logo separado de bloque ancho x[15:115] | frente/espalda fusionados, separados en x=397",547x352,ok-saved,si,si
AIM-P005-270.jpg,ok,"logo separado de bloque ancho x[15:115] | frente/espalda fusionados, separados en x=397",543x353,ok-saved,si,si
AIM-P005-271.jpg,ok,"logo separado de bloque ancho x[15:116] | frente/espalda fusionados, separados en x=397",544x352,ok-saved,si,si
AIM-P005-272.jpg,ok,"logo separado de bloque ancho x[15:115] | frente/espalda fusionados, separados en x=400",548x352,ok-saved,si,si
AIM-P005-273.jpg,ok,"logo separado de bloque ancho x[15:116] | frente/espalda fusionados, separados en x=400",554x352,ok-saved,si,si
AIM-P005-274.jpg,ok,"logo separado de bloque ancho x[15:116] | frente/espalda fusionados, separados en x=398",551x353,ok-saved,si,si
AIM-P005-275.jpg,ok,"logo separado de bloque ancho x[15:115] | frente/espalda fusionados, separados en x=396",541x352,ok-saved,si,si
AIM-P005-276.jpg,ok,"logo separado de bloque ancho x[15:116] | frente/espalda fusionados, separados en x=399",545x353,ok-saved,si,si
AIM-P005-277.jpg,ok,"logo separado de bloque ancho x[14:116] | frente/espalda fusionados, separados en x=399",545x354,ok-saved,si,si
AIM-P005-278.jpg,ok,"logo separado de bloque ancho x[15:116] | frente/espalda fusionados, separados en x=397",543x352,ok-saved,si,si
AIM-P005-279.jpg,ok,"logo separado de bloque ancho x[15:116] | frente/espalda fusionados, separados en x=397",544x353,ok-saved,si,si
AIM-P005-280.jpg,ok,"logo separado de bloque ancho x[15:116] | frente/espalda fusionados, separados en x=400",550x353,ok-saved,si,si
AIM-P005-281.jpg,ok,"logo separado de bloque ancho x[15:115] | frente/espalda fusionados, separados en x=396",541x352,ok-saved,si,si
AIM-P005-282.jpg,ok,"logo separado de bloque ancho x[15:115] | frente/espalda fusionados, separados en x=397",543x352,ok-saved,si,si
AIM-P005-283.jpg,ok,"logo separado de bloque ancho x[15:116] | frente/espalda fusionados, separados en x=400",545x352,ok-saved,si,si
AIM-P005-284.jpg,ok,"logo separado de bloque ancho x[91:703] | frente/espalda fusionados, separados en x=2401",700x456,ok-saved,si,si
AIM-P005-285.jpg,ok,"logo separado de bloque ancho x[10:113] | frente/espalda fusionados, separados en x=401",561x361,ok-saved,si,si
AIM-P005-286.jpg,ok,"logo separado de bloque ancho x[15:117] | frente/espalda fusionados, separados en x=398",553x352,ok-saved,si,si
AIM-P005-287.jpg,ok,"logo separado de bloque ancho x[15:116] | frente/espalda fusionados, separados en x=397",543x352,ok-saved,si,si
AIM-P005-288.jpg,ok,"logo separado de bloque ancho x[15:116] | frente/espalda fusionados, separados en x=398",544x352,ok-saved,si,si
AIM-P005-289.jpg,ok,"logo separado de bloque ancho x[15:116] | frente/espalda fusionados, separados en x=397",543x352,ok-saved,si,si
AIM-P005-290.jpg,ok,"logo separado de bloque ancho x[15:115] | frente/espalda fusionados, separados en x=397",546x352,ok-saved,si,si
AIM-P005-291.jpg,ok,logo separado de bloque ancho x[15:115],482x352,ok-saved,si,si
AIM-P005-292.jpg,ok,"logo separado de bloque ancho x[15:115] | frente/espalda fusionados, separados en x=397",546x352,ok-saved,si,si
AIM-P005-293.jpg,ok,"logo separado de bloque ancho x[15:115] | frente/espalda fusionados, separados en x=396",546x352,ok-saved,si,si
AIM-P005-294.jpg,ok,"logo separado de bloque ancho x[15:115] | frente/espalda fusionados, separados en x=397",543x352,ok-saved,si,si
AIM-P005-295.jpg,ok,"logo separado de bloque ancho x[15:115] | frente/espalda fusionados, separados en x=400",556x352,ok-saved,si,si
AIM-P005-296.jpg,ok,"logo separado de bloque ancho x[15:115] | frente/espalda fusionados, separados en x=395",543x352,ok-saved,si,si
AIM-P005-297.jpg,ok,"logo separado de bloque ancho x[15:115] | frente/espalda fusionados, separados en x=399",555x353,ok-saved,si,si
AIM-P005-298.jpg,ok,"logo separado de bloque ancho x[15:115] | frente/espalda fusionados, separados en x=397",541x352,ok-saved,si,si
AIM-P005-299.jpg,ok,"logo separado de bloque ancho x[15:115] | frente/espalda fusionados, separados en x=397",543x346,ok-saved,si,si
AIM-P005-300.jpg,ok,"logo separado de bloque ancho x[15:115] | frente/espalda fusionados, separados en x=397",543x352,ok-saved,si,si
AIM-P006-301.jpg,ok,"logo separado de bloque ancho x[15:115] | frente/espalda fusionados, separados en x=400",555x352,ok-saved,si,si
AIM-P006-302.jpg,ok,"logo separado de bloque ancho x[15:115] | frente/espalda fusionados, separados en x=398",546x352,ok-saved,si,si
AIM-P006-303.jpg,ok,"logo separado de bloque ancho x[15:116] | frente/espalda fusionados, separados en x=397",556x353,ok-saved,si,si
AIM-P006-304.jpg,ok,"logo separado de bloque ancho x[15:115] | frente/espalda fusionados, separados en x=399",549x352,ok-saved,si,si
AIM-P006-305.jpg,ok,"logo separado de bloque ancho x[15:115] | frente/espalda fusionados, separados en x=397",543x352,ok-saved,si,si
AIM-P006-306.jpg,ok,"logo separado de bloque ancho x[15:115] | frente/espalda fusionados, separados en x=397",543x352,ok-saved,si,si
AIM-P006-307.jpg,ok,"logo separado de bloque ancho x[15:115] | frente/espalda fusionados, separados en x=397",543x352,ok-saved,si,si
AIM-P006-308.jpg,ok,"logo separado de bloque ancho x[8:110] | frente/espalda fusionados, separados en x=394",550x358,ok-saved,si,si
AIM-P006-309.jpg,ok,"logo separado de bloque ancho x[15:115] | frente/espalda fusionados, separados en x=397",543x352,ok-saved,si,si
AIM-P006-310.jpg,ok,"logo separado de bloque ancho x[17:117] | frente/espalda fusionados, separados en x=397",542x350,ok-saved,si,si
AIM-P006-311.jpg,ok,"logo separado de bloque ancho x[91:703] | frente/espalda fusionados, separados en x=2412",700x452,ok-saved,si,si
AIM-P006-312.jpg,ok,"logo separado de bloque ancho x[12:114] | frente/espalda fusionados, separados en x=396",545x353,ok-saved,si,si
AIM-P006-313.jpg,ok,"logo separado de bloque ancho x[17:117] | frente/espalda fusionados, separados en x=396",540x350,ok-saved,si,si
AIM-P006-314.jpg,ok,"logo separado de bloque ancho x[15:116] | frente/espalda fusionados, separados en x=397",551x352,ok-saved,si,si
AIM-P006-315.jpg,ok,"logo separado de bloque ancho x[16:132] | frente/espalda fusionados, separados en x=453",617x402,ok-saved,si,si
AIM-P006-316.jpg,ok,"logo separado de bloque ancho x[15:115] | frente/espalda fusionados, separados en x=397",543x352,ok-saved,si,si
AIM-P006-317.jpg,ok,"logo separado de bloque ancho x[15:115] | frente/espalda fusionados, separados en x=395",547x352,ok-saved,si,si
AIM-P006-318.jpg,ok,"logo separado de bloque ancho x[15:115] | frente/espalda fusionados, separados en x=397",546x352,ok-saved,si,si
AIM-P006-319.jpg,ok,"logo separado de bloque ancho x[15:116] | frente/espalda fusionados, separados en x=398",550x353,ok-saved,si,si
AIM-P006-320.jpg,ok,"logo separado de bloque ancho x[10:113] | frente/espalda fusionados, separados en x=401",555x360,ok-saved,si,si
AIM-P006-321.jpg,ok,"logo separado de bloque ancho x[15:115] | frente/espalda fusionados, separados en x=400",546x352,ok-saved,si,si
AIM-P006-322.jpg,ok,"logo separado de bloque ancho x[12:114] | frente/espalda fusionados, separados en x=396",543x353,ok-saved,si,si
AIM-P006-323.jpg,ok,"logo separado de bloque ancho x[15:115] | frente/espalda fusionados, separados en x=398",550x352,ok-saved,si,si
AIM-P006-324.jpg,ok,"logo separado de bloque ancho x[15:116] | frente/espalda fusionados, separados en x=400",556x354,ok-saved,si,si
AIM-P006-325.jpg,ok,"logo separado de bloque ancho x[14:116] | frente/espalda fusionados, separados en x=398",548x353,ok-saved,si,si
AIM-P006-326.jpg,ok,"logo separado de bloque ancho x[16:132] | frente/espalda fusionados, separados en x=453",617x402,ok-saved,si,si
AIM-P006-327.jpg,ok,"logo separado de bloque ancho x[15:115] | frente/espalda fusionados, separados en x=398",547x352,ok-saved,si,si
AIM-P006-328.jpg,ok,"logo separado de bloque ancho x[15:115] | frente/espalda fusionados, separados en x=397",543x352,ok-saved,si,si
AIM-P006-329.jpg,ok,"logo separado de bloque ancho x[15:116] | frente/espalda fusionados, separados en x=398",552x352,ok-saved,si,si
AIM-P006-330.jpg,ok,"logo separado de bloque ancho x[15:115] | frente/espalda fusionados, separados en x=397",547x353,ok-saved,si,si
AIM-P006-331.jpg,ok,"logo separado de bloque ancho x[15:115] | frente/espalda fusionados, separados en x=397",543x352,ok-saved,si,si
AIM-P006-332.jpg,ok,"logo separado de bloque ancho x[16:132] | frente/espalda fusionados, separados en x=453",617x402,ok-saved,si,si
AIM-P006-333.jpg,ok,"logo separado de bloque ancho x[14:116] | frente/espalda fusionados, separados en x=398",546x354,ok-saved,si,si
AIM-P006-334.jpg,ok,"logo separado de bloque ancho x[7:110] | frente/espalda fusionados, separados en x=395",551x358,ok-saved,si,si
AIM-P006-335.jpg,ok,"logo separado de bloque ancho x[15:115] | frente/espalda fusionados, separados en x=390",549x352,ok-saved,si,si
AIM-P006-336.jpg,ok,"logo separado de bloque ancho x[15:115] | frente/espalda fusionados, separados en x=400",552x352,ok-saved,si,si
AIM-P006-337.jpg,ok,"logo separado de bloque ancho x[15:115] | frente/espalda fusionados, separados en x=400",548x353,ok-saved,si,si
AIM-P006-338.jpg,ok,"logo separado de bloque ancho x[17:117] | frente/espalda fusionados, separados en x=397",541x350,ok-saved,si,si
AIM-P006-339.jpg,ok,"logo separado de bloque ancho x[15:116] | frente/espalda fusionados, separados en x=397",544x352,ok-saved,si,si
AIM-P006-340.jpg,ok,"logo separado de bloque ancho x[14:115] | frente/espalda fusionados, separados en x=397",550x352,ok-saved,si,si
AIM-P006-341.jpg,ok,"logo separado de bloque ancho x[91:703] | frente/espalda fusionados, separados en x=2407",700x453,ok-saved,si,si
AIM-P006-342.jpg,ok,"logo separado de bloque ancho x[15:115] | frente/espalda fusionados, separados en x=399",551x316,ok-saved,si,si
AIM-P006-343.jpg,ok,"logo separado de bloque ancho x[15:116] | frente/espalda fusionados, separados en x=400",548x352,ok-saved,si,si
AIM-P006-344.jpg,ok,"logo separado de bloque ancho x[15:115] | frente/espalda fusionados, separados en x=397",546x352,ok-saved,si,si
AIM-P006-345.jpg,ok,"logo separado de bloque ancho x[15:115] | frente/espalda fusionados, separados en x=397",543x352,ok-saved,si,si
AIM-P006-346.jpg,ok,"logo separado de bloque ancho x[91:703] | frente/espalda fusionados, separados en x=2407",700x454,ok-saved,si,si
AIM-P006-347.jpg,ok,"logo separado de bloque ancho x[16:132] | frente/espalda fusionados, separados en x=453",617x402,ok-saved,si,si
AIM-P006-348.jpg,ok,"logo separado de bloque ancho x[14:116] | frente/espalda fusionados, separados en x=391",547x353,ok-saved,si,si
AIM-P006-349.jpg,ok,"logo separado de bloque ancho x[15:115] | frente/espalda fusionados, separados en x=397",550x352,ok-saved,si,si
AIM-P006-350.jpg,ok,"logo separado de bloque ancho x[15:115] | frente/espalda fusionados, separados en x=397",543x352,ok-saved,si,si
AIM-P006-351.jpg,ok,"logo separado de bloque ancho x[15:115] | frente/espalda fusionados, separados en x=399",557x354,ok-saved,si,si
AIM-P006-352.jpg,ok,"logo separado de bloque ancho x[15:116] | frente/espalda fusionados, separados en x=392",554x353,ok-saved,si,si
AIM-P006-353.jpg,ok,"logo separado de bloque ancho x[16:132] | frente/espalda fusionados, separados en x=453",617x402,ok-saved,si,si
AIM-P006-354.jpg,ok,"logo separado de bloque ancho x[14:116] | frente/espalda fusionados, separados en x=393",549x353,ok-saved,si,si
AIM-P006-355.jpg,ok,"logo separado de bloque ancho x[15:115] | frente/espalda fusionados, separados en x=398",551x352,ok-saved,si,si
AIM-P006-356.jpg,ok,"logo separado de bloque ancho x[15:115] | frente/espalda fusionados, separados en x=397",548x352,ok-saved,si,si
AIM-P006-357.jpg,ok,"logo separado de bloque ancho x[14:116] | frente/espalda fusionados, separados en x=402",539x353,ok-saved,si,si
AIM-P006-358.jpg,ok,"logo separado de bloque ancho x[15:115] | frente/espalda fusionados, separados en x=397",547x352,ok-saved,si,si
AIM-P006-359.jpg,ok,"logo separado de bloque ancho x[15:115] | frente/espalda fusionados, separados en x=399",546x353,ok-saved,si,si
AIM-P006-360.jpg,ok,"logo separado de bloque ancho x[15:115] | frente/espalda fusionados, separados en x=397",543x352,ok-saved,si,si
AIM-P007-361.jpg,ok,"logo separado de bloque ancho x[15:115] | frente/espalda fusionados, separados en x=399",549x352,ok-saved,si,si
AIM-P007-362.jpg,ok,"logo separado de bloque ancho x[14:116] | frente/espalda fusionados, separados en x=397",549x354,ok-saved,si,si
AIM-P007-363.jpg,ok,"logo separado de bloque ancho x[15:116] | frente/espalda fusionados, separados en x=396",552x352,ok-saved,si,si
AIM-P007-364.jpg,ok,"logo separado de bloque ancho x[15:115] | frente/espalda fusionados, separados en x=397",547x352,ok-saved,si,si
AIM-P007-365.jpg,ok,"logo separado de bloque ancho x[16:132] | frente/espalda fusionados, separados en x=453",617x402,ok-saved,si,si
AIM-P007-366.jpg,ok,"logo separado de bloque ancho x[15:115] | frente/espalda fusionados, separados en x=397",547x353,ok-saved,si,si
AIM-P007-367.jpg,ok,"logo separado de bloque ancho x[1:105] | frente/espalda fusionados, separados en x=397",564x366,ok-saved,si,si
AIM-P007-368.jpg,ok,"logo separado de bloque ancho x[15:115] | frente/espalda fusionados, separados en x=397",544x352,ok-saved,si,si
AIM-P007-369.jpg,ok,"logo separado de bloque ancho x[91:703] | frente/espalda fusionados, separados en x=2385",700x452,ok-saved,si,si
AIM-P007-370.jpg,dudoso,logo separado de bloque ancho x[15:116] | espalda no distinguible del fondo (revisar),500x352,ok-saved,si,no
AIM-P007-371.jpg,ok,logo separado de bloque ancho x[14:20],658x356,ok-saved,si,si
AIM-P007-372.jpg,ok,"logo separado de bloque ancho x[15:115] | frente/espalda fusionados, separados en x=397",543x352,ok-saved,si,si
AIM-P007-373.jpg,ok,"logo separado de bloque ancho x[15:116] | frente/espalda fusionados, separados en x=396",552x352,ok-saved,si,si
AIM-P007-374.jpg,ok,"logo separado de bloque ancho x[15:116] | frente/espalda fusionados, separados en x=397",547x352,ok-saved,si,si
AIM-P007-375.jpg,ok,"logo separado de bloque ancho x[15:116] | frente/espalda fusionados, separados en x=400",547x352,ok-saved,si,si
AIM-P007-376.jpg,ok,"logo separado de bloque ancho x[0:98] | frente/espalda fusionados, separados en x=400",584x379,ok-saved,si,si
AIM-P007-377.jpg,ok,"logo separado de bloque ancho x[15:115] | frente/espalda fusionados, separados en x=397",549x352,ok-saved,si,si
AIM-P007-378.jpg,ok,"logo separado de bloque ancho x[91:703] | frente/espalda fusionados, separados en x=2407",700x453,ok-saved,si,si
AIM-P007-379.jpg,ok,"logo separado de bloque ancho x[15:115] | frente/espalda fusionados, separados en x=396",547x353,ok-saved,si,si
AIM-P007-380.jpg,ok,"logo separado de bloque ancho x[15:115] | frente/espalda fusionados, separados en x=397",543x352,ok-saved,si,si
AIM-P007-381.jpg,ok,"logo separado de bloque ancho x[14:116] | frente/espalda fusionados, separados en x=398",547x354,ok-saved,si,si
AIM-P007-382.jpg,ok,"logo separado de bloque ancho x[15:115] | frente/espalda fusionados, separados en x=398",547x352,ok-saved,si,si
AIM-P007-383.jpg,ok,"logo separado de bloque ancho x[19:119] | frente/espalda fusionados, separados en x=397",548x350,ok-saved,si,si
AIM-P007-384.jpg,ok,"logo separado de bloque ancho x[15:115] | frente/espalda fusionados, separados en x=396",548x353,ok-saved,si,si
AIM-P007-385.jpg,ok,"logo separado de bloque ancho x[15:115] | frente/espalda fusionados, separados en x=397",546x352,ok-saved,si,si
AIM-P007-386.jpg,ok,"logo separado de bloque ancho x[15:115] | frente/espalda fusionados, separados en x=397",550x352,ok-saved,si,si
AIM-P007-387.jpg,ok,"logo separado de bloque ancho x[15:116] | frente/espalda fusionados, separados en x=397",556x354,ok-saved,si,si
AIM-P007-388.jpg,ok,"logo separado de bloque ancho x[15:116] | frente/espalda fusionados, separados en x=398",545x352,ok-saved,si,si
AIM-P007-389.jpg,ok,"logo separado de bloque ancho x[4:108] | frente/espalda fusionados, separados en x=341",558x364,ok-saved,si,si
AIM-P007-390.jpg,ok,"logo separado de bloque ancho x[14:116] | frente/espalda fusionados, separados en x=398",546x354,ok-saved,si,si
AIM-P007-391.jpg,ok,"logo separado de bloque ancho x[15:115] | frente/espalda fusionados, separados en x=396",543x352,ok-saved,si,si
AIM-P007-392.jpg,ok,"logo separado de bloque ancho x[15:115] | frente/espalda fusionados, separados en x=397",543x352,ok-saved,si,si
AIM-P007-393.jpg,ok,"logo separado de bloque ancho x[15:116] | frente/espalda fusionados, separados en x=400",556x358,ok-saved,si,si
AIM-P007-394.jpg,ok,"logo separado de bloque ancho x[15:116] | frente/espalda fusionados, separados en x=397",547x353,ok-saved,si,si
AIM-P007-395.jpg,ok,"logo separado de bloque ancho x[15:115] | frente/espalda fusionados, separados en x=397",546x352,ok-saved,si,si
AIM-P007-396.jpg,ok,"logo separado de bloque ancho x[15:115] | frente/espalda fusionados, separados en x=397",550x352,ok-saved,si,si
AIM-P007-397.jpg,ok,"logo separado de bloque ancho x[15:115] | frente/espalda fusionados, separados en x=394",545x352,ok-saved,si,si
AIM-P007-398.jpg,ok,"logo separado de bloque ancho x[15:115] | frente/espalda fusionados, separados en x=397",550x352,ok-saved,si,si
AIM-P007-399.jpg,ok,"logo separado de bloque ancho x[15:116] | frente/espalda fusionados, separados en x=400",543x352,ok-saved,si,si
AIM-P007-400.jpg,ok,"logo separado de bloque ancho x[14:116] | frente/espalda fusionados, separados en x=400",543x354,ok-saved,si,si
AIM-P007-401.jpg,ok,"logo separado de bloque ancho x[15:115] | frente/espalda fusionados, separados en x=397",543x352,ok-saved,si,si
AIM-P007-402.jpg,ok,"logo separado de bloque ancho x[15:115] | frente/espalda fusionados, separados en x=397",546x353,ok-saved,si,si
AIM-P007-403.jpg,ok,"logo separado de bloque ancho x[15:116] | frente/espalda fusionados, separados en x=400",545x354,ok-saved,si,si
AIM-P007-404.jpg,ok,"logo separado de bloque ancho x[7:109] | frente/espalda fusionados, separados en x=393",550x357,ok-saved,si,si
AIM-P007-405.jpg,ok,"logo separado de bloque ancho x[15:115] | frente/espalda fusionados, separados en x=397",546x352,ok-saved,si,si
AIM-P007-406.jpg,ok,"logo separado de bloque ancho x[15:115] | frente/espalda fusionados, separados en x=397",544x352,ok-saved,si,si
AIM-P007-407.jpg,ok,"logo separado de bloque ancho x[16:132] | frente/espalda fusionados, separados en x=453",617x402,ok-saved,si,si
AIM-P007-408.jpg,ok,"logo separado de bloque ancho x[15:116] | frente/espalda fusionados, separados en x=398",549x353,ok-saved,si,si
AIM-P007-409.jpg,ok,"logo separado de bloque ancho x[17:117] | frente/espalda fusionados, separados en x=397",540x350,ok-saved,si,si
AIM-P007-410.jpg,ok,"logo separado de bloque ancho x[15:116] | frente/espalda fusionados, separados en x=397",549x352,ok-saved,si,si
AIM-P007-411.jpg,ok,"logo separado de bloque ancho x[15:116] | frente/espalda fusionados, separados en x=233",540x352,ok-saved,si,si
AIM-P007-412.jpg,ok,"logo separado de bloque ancho x[15:115] | frente/espalda fusionados, separados en x=400",545x353,ok-saved,si,si
AIM-P007-413.jpg,ok,"logo separado de bloque ancho x[15:116] | frente/espalda fusionados, separados en x=397",553x352,ok-saved,si,si
AIM-P007-414.jpg,ok,"logo separado de bloque ancho x[14:118] | frente/espalda fusionados, separados en x=317",555x356,ok-saved,si,si
AIM-P007-415.jpg,ok,"logo separado de bloque ancho x[15:116] | frente/espalda fusionados, separados en x=399",549x352,ok-saved,si,si
AIM-P007-416.jpg,ok,"logo separado de bloque ancho x[16:133] | frente/espalda fusionados, separados en x=453",628x403,ok-saved,si,si
AIM-P007-417.jpg,ok,"logo separado de bloque ancho x[14:116] | frente/espalda fusionados, separados en x=398",544x353,ok-saved,si,si
AIM-P007-418.jpg,ok,"logo separado de bloque ancho x[15:115] | frente/espalda fusionados, separados en x=397",543x353,ok-saved,si,si
AIM-P007-419.jpg,ok,"logo separado de bloque ancho x[17:117] | frente/espalda fusionados, separados en x=399",542x350,ok-saved,si,si
AIM-P007-420.jpg,ok,logo separado de bloque ancho x[15:115],529x333,ok-saved,si,si
AIM-P008-421.jpg,ok,"logo separado de bloque ancho x[17:117] | frente/espalda fusionados, separados en x=396",542x350,ok-saved,si,si
AIM-P008-422.jpg,ok,"logo separado de bloque ancho x[15:115] | frente/espalda fusionados, separados en x=400",565x355,ok-saved,si,si
AIM-P008-423.jpg,ok,"logo separado de bloque ancho x[15:115] | frente/espalda fusionados, separados en x=397",543x352,ok-saved,si,si
AIM-P008-424.jpg,ok,"logo separado de bloque ancho x[16:132] | frente/espalda fusionados, separados en x=456",625x402,ok-saved,si,si
AIM-P008-425.jpg,ok,"logo separado de bloque ancho x[15:115] | frente/espalda fusionados, separados en x=397",546x353,ok-saved,si,si
AIM-P008-426.jpg,ok,"logo separado de bloque ancho x[15:115] | frente/espalda fusionados, separados en x=397",543x352,ok-saved,si,si
AIM-P008-427.jpg,ok,"logo separado de bloque ancho x[15:116] | frente/espalda fusionados, separados en x=397",543x352,ok-saved,si,si
AIM-P008-428.jpg,ok,"logo separado de bloque ancho x[5:108] | frente/espalda fusionados, separados en x=398",560x363,ok-saved,si,si
AIM-P008-429.jpg,ok,"logo separado de bloque ancho x[15:115] | frente/espalda fusionados, separados en x=397",543x352,ok-saved,si,si
AIM-P008-430.jpg,ok,"logo separado de bloque ancho x[15:115] | frente/espalda fusionados, separados en x=397",543x352,ok-saved,si,si
AIM-P008-431.jpg,ok,"logo separado de bloque ancho x[91:703] | frente/espalda fusionados, separados en x=2407",700x453,ok-saved,si,si
AIM-P008-432.jpg,ok,"logo separado de bloque ancho x[15:116] | frente/espalda fusionados, separados en x=400",556x353,ok-saved,si,si
AIM-P008-433.jpg,ok,"logo separado de bloque ancho x[15:116] | frente/espalda fusionados, separados en x=397",550x353,ok-saved,si,si
AIM-P008-434.jpg,ok,"logo separado de bloque ancho x[15:116] | frente/espalda fusionados, separados en x=397",543x352,ok-saved,si,si
AIM-P008-435.jpg,ok,"logo separado de bloque ancho x[14:116] | frente/espalda fusionados, separados en x=399",546x356,ok-saved,si,si
AIM-P008-436.jpg,ok,"logo separado de bloque ancho x[16:132] | frente/espalda fusionados, separados en x=453",617x402,ok-saved,si,si
AIM-P008-437.jpg,ok,"logo separado de bloque ancho x[15:115] | frente/espalda fusionados, separados en x=397",543x352,ok-saved,si,si
AIM-P008-438.jpg,ok,"logo separado de bloque ancho x[16:132] | frente/espalda fusionados, separados en x=453",617x397,ok-saved,si,si
AIM-P008-439.jpg,ok,"logo separado de bloque ancho x[0:105] | frente/espalda fusionados, separados en x=401",571x370,ok-saved,si,si
AIM-P008-440.jpg,ok,"logo separado de bloque ancho x[15:115] | frente/espalda fusionados, separados en x=397",546x352,ok-saved,si,si
AIM-P008-441.jpg,ok,"logo separado de bloque ancho x[15:115] | frente/espalda fusionados, separados en x=397",543x352,ok-saved,si,si
AIM-P008-442.jpg,ok,"logo separado de bloque ancho x[15:115] | frente/espalda fusionados, separados en x=395",546x352,ok-saved,si,si
AIM-P008-443.jpg,ok,"logo separado de bloque ancho x[15:115] | frente/espalda fusionados, separados en x=398",551x353,ok-saved,si,si
AIM-P008-444.jpg,ok,"logo separado de bloque ancho x[15:116] | frente/espalda fusionados, separados en x=398",545x352,ok-saved,si,si
AIM-P008-445.jpg,ok,"logo separado de bloque ancho x[33:264] | frente/espalda fusionados, separados en x=906",700x455,ok-saved,si,si
AIM-P008-446.jpg,ok,"logo separado de bloque ancho x[16:132] | frente/espalda fusionados, separados en x=453",617x402,ok-saved,si,si
AIM-P008-447.jpg,ok,"logo separado de bloque ancho x[15:116] | frente/espalda fusionados, separados en x=399",553x352,ok-saved,si,si
AIM-P008-448.jpg,ok,"logo separado de bloque ancho x[17:117] | frente/espalda fusionados, separados en x=401",545x352,ok-saved,si,si
AIM-P008-449.jpg,ok,"logo separado de bloque ancho x[15:116] | frente/espalda fusionados, separados en x=400",544x352,ok-saved,si,si
AIM-P008-450.jpg,ok,"logo separado de bloque ancho x[16:132] | frente/espalda fusionados, separados en x=453",617x402,ok-saved,si,si
AIM-P008-451.jpg,ok,"logo separado de bloque ancho x[17:117] | frente/espalda fusionados, separados en x=397",543x350,ok-saved,si,si
AIM-P008-452.jpg,ok,"logo separado de bloque ancho x[15:116] | frente/espalda fusionados, separados en x=400",545x354,ok-saved,si,si
AIM-P008-453.jpg,ok,"logo separado de bloque ancho x[15:115] | frente/espalda fusionados, separados en x=397",546x352,ok-saved,si,si
AIM-P008-454.jpg,ok,"logo separado de bloque ancho x[17:117] | frente/espalda fusionados, separados en x=398",541x351,ok-saved,si,si
AIM-P008-455.jpg,ok,"logo separado de bloque ancho x[17:117] | frente/espalda fusionados, separados en x=395",544x350,ok-saved,si,si
AIM-P008-456.jpg,ok,"logo separado de bloque ancho x[15:116] | frente/espalda fusionados, separados en x=400",555x353,ok-saved,si,si
AIM-P008-457.jpg,ok,"logo separado de bloque ancho x[15:115] | frente/espalda fusionados, separados en x=399",547x353,ok-saved,si,si
AIM-P008-458.jpg,ok,"logo separado de bloque ancho x[16:132] | frente/espalda fusionados, separados en x=453",617x402,ok-saved,si,si
AIM-P008-459.jpg,ok,"logo separado de bloque ancho x[15:115] | frente/espalda fusionados, separados en x=399",546x352,ok-saved,si,si
AIM-P008-460.jpg,ok,"logo separado de bloque ancho x[54:423] | frente/espalda fusionados, separados en x=1447",700x455,ok-saved,si,si
AIM-P008-461.jpg,ok,"logo separado de bloque ancho x[15:115] | frente/espalda fusionados, separados en x=396",549x353,ok-saved,si,si
AIM-P008-462.jpg,ok,"logo separado de bloque ancho x[15:115] | frente/espalda fusionados, separados en x=398",545x352,ok-saved,si,si
AIM-P008-463.jpg,ok,"logo separado de bloque ancho x[15:115] | frente/espalda fusionados, separados en x=397",543x352,ok-saved,si,si
AIM-P008-464.jpg,ok,"logo separado de bloque ancho x[0:98] | frente/espalda fusionados, separados en x=400",584x379,ok-saved,si,si
AIM-P008-465.jpg,ok,"logo separado de bloque ancho x[17:117] | frente/espalda fusionados, separados en x=398",522x351,ok-saved,si,si
AIM-P008-466.jpg,ok,"logo separado de bloque ancho x[15:115] | frente/espalda fusionados, separados en x=397",543x352,ok-saved,si,si
AIM-P008-467.jpg,ok,"logo separado de bloque ancho x[15:116] | frente/espalda fusionados, separados en x=400",556x352,ok-saved,si,si
AIM-P008-468.jpg,ok,"logo separado de bloque ancho x[15:115] | frente/espalda fusionados, separados en x=396",542x352,ok-saved,si,si
AIM-P008-469.jpg,ok,"logo separado de bloque ancho x[15:116] | frente/espalda fusionados, separados en x=399",551x352,ok-saved,si,si
AIM-P008-470.jpg,ok,"logo separado de bloque ancho x[16:132] | frente/espalda fusionados, separados en x=453",617x402,ok-saved,si,si
AIM-P008-471.jpg,ok,"logo separado de bloque ancho x[15:115] | frente/espalda fusionados, separados en x=400",564x354,ok-saved,si,si
AIM-P008-472.jpg,ok,"logo separado de bloque ancho x[16:132] | frente/espalda fusionados, separados en x=453",617x402,ok-saved,si,si
AIM-P008-473.jpg,ok,"logo separado de bloque ancho x[15:115] | frente/espalda fusionados, separados en x=397",542x353,ok-saved,si,si
AIM-P008-474.jpg,ok,"logo separado de bloque ancho x[17:117] | frente/espalda fusionados, separados en x=398",542x352,ok-saved,si,si
AIM-P008-475.jpg,ok,"logo separado de bloque ancho x[15:116] | frente/espalda fusionados, separados en x=398",548x352,ok-saved,si,si
AIM-P008-476.jpg,ok,"logo separado de bloque ancho x[15:115] | frente/espalda fusionados, separados en x=400",565x355,ok-saved,si,si
AIM-P008-477.jpg,ok,"logo separado de bloque ancho x[17:117] | frente/espalda fusionados, separados en x=396",543x350,ok-saved,si,si
AIM-P008-478.jpg,ok,"logo separado de bloque ancho x[15:116] | frente/espalda fusionados, separados en x=400",556x352,ok-saved,si,si
AIM-P008-479.jpg,ok,"logo separado de bloque ancho x[15:115] | frente/espalda fusionados, separados en x=397",543x352,ok-saved,si,si
AIM-P008-480.jpg,ok,"logo separado de bloque ancho x[15:115] | frente/espalda fusionados, separados en x=400",562x354,ok-saved,si,si
AIM-P009-481.jpg,ok,"logo separado de bloque ancho x[15:115] | frente/espalda fusionados, separados en x=397",545x353,ok-saved,si,si
AIM-P009-482.jpg,ok,"logo separado de bloque ancho x[54:423] | frente/espalda fusionados, separados en x=1438",700x451,ok-saved,si,si
AIM-P009-483.jpg,ok,"logo separado de bloque ancho x[17:117] | frente/espalda fusionados, separados en x=398",542x351,ok-saved,si,si
AIM-P009-484.jpg,ok,"logo separado de bloque ancho x[15:116] | frente/espalda fusionados, separados en x=397",550x353,ok-saved,si,si
AIM-P009-485.jpg,ok,"logo separado de bloque ancho x[15:116] | frente/espalda fusionados, separados en x=396",548x353,ok-saved,si,si
AIM-P009-486.jpg,ok,"logo separado de bloque ancho x[15:115] | frente/espalda fusionados, separados en x=400",555x353,ok-saved,si,si
AIM-P009-487.jpg,dudoso,logo separado de bloque ancho x[17:23] | espalda no distinguible del fondo (revisar) | recorte pequeno 121x353,121x353,ok-saved,si,no
AIM-P009-488.jpg,ok,"logo separado de bloque ancho x[15:115] | frente/espalda fusionados, separados en x=397",551x352,ok-saved,si,si
AIM-P009-489.jpg,ok,"logo separado de bloque ancho x[15:115] | frente/espalda fusionados, separados en x=397",543x352,ok-saved,si,si
AIM-P009-490.jpg,ok,"logo separado de bloque ancho x[15:115] | frente/espalda fusionados, separados en x=397",543x352,ok-saved,si,si
AIM-P009-491.jpg,ok,"logo separado de bloque ancho x[15:115] | frente/espalda fusionados, separados en x=397",543x352,ok-saved,si,si
AIM-P009-492.jpg,ok,"logo separado de bloque ancho x[15:116] | frente/espalda fusionados, separados en x=400",550x352,ok-saved,si,si
AIM-P009-493.jpg,ok,"logo separado de bloque ancho x[15:116] | frente/espalda fusionados, separados en x=397",547x352,ok-saved,si,si
AIM-P009-494.jpg,ok,"logo separado de bloque ancho x[15:116] | frente/espalda fusionados, separados en x=397",544x352,ok-saved,si,si
AIM-P009-495.jpg,ok,"logo separado de bloque ancho x[17:117] | frente/espalda fusionados, separados en x=397",544x351,ok-saved,si,si
AIM-P009-496.jpg,ok,"logo separado de bloque ancho x[15:116] | frente/espalda fusionados, separados en x=397",547x353,ok-saved,si,si
AIM-P009-497.jpg,ok,"logo separado de bloque ancho x[15:115] | frente/espalda fusionados, separados en x=400",562x353,ok-saved,si,si
AIM-P009-498.jpg,ok,"logo separado de bloque ancho x[15:115] | frente/espalda fusionados, separados en x=400",562x354,ok-saved,si,si
AIM-P009-499.jpg,dudoso,logo separado de bloque ancho x[15:116] | espalda no distinguible del fondo (revisar),226x352,ok-saved,si,no
AIM-P009-500.jpg,ok,"logo separado de bloque ancho x[15:116] | frente/espalda fusionados, separados en x=394",556x353,ok-saved,si,si
AIM-P009-501.jpg,ok,"logo separado de bloque ancho x[17:117] | frente/espalda fusionados, separados en x=398",543x351,ok-saved,si,si
AIM-P009-502.jpg,ok,"logo separado de bloque ancho x[54:423] | frente/espalda fusionados, separados en x=1450",700x457,ok-saved,si,si
AIM-P009-503.jpg,ok,"logo separado de bloque ancho x[15:115] | frente/espalda fusionados, separados en x=397",552x352,ok-saved,si,si
AIM-P009-504.jpg,ok,"logo separado de bloque ancho x[16:132] | frente/espalda fusionados, separados en x=453",617x402,ok-saved,si,si
AIM-P009-505.jpg,ok,"logo separado de bloque ancho x[15:115] | frente/espalda fusionados, separados en x=397",543x352,ok-saved,si,si
AIM-P009-506.jpg,ok,"logo separado de bloque ancho x[15:115] | frente/espalda fusionados, separados en x=400",565x353,ok-saved,si,si
AIM-P009-507.jpg,ok,"logo separado de bloque ancho x[15:115] | frente/espalda fusionados, separados en x=399",549x353,ok-saved,si,si
AIM-P009-508.jpg,ok,"logo separado de bloque ancho x[15:115] | frente/espalda fusionados, separados en x=386",558x352,ok-saved,si,si
AIM-P009-509.jpg,ok,"logo separado de bloque ancho x[15:115] | frente/espalda fusionados, separados en x=397",543x352,ok-saved,si,si
AIM-P009-510.jpg,ok,"logo separado de bloque ancho x[15:115] | frente/espalda fusionados, separados en x=400",565x355,ok-saved,si,si
AIM-P009-511.jpg,ok,"logo separado de bloque ancho x[6:110] | frente/espalda fusionados, separados en x=399",559x363,ok-saved,si,si
AIM-P009-512.jpg,ok,"logo separado de bloque ancho x[15:115] | frente/espalda fusionados, separados en x=397",543x352,ok-saved,si,si
AIM-P009-513.jpg,ok,"logo separado de bloque ancho x[55:425] | frente/espalda fusionados, separados en x=1432",700x450,ok-saved,si,si
AIM-P009-514.jpg,ok,"logo separado de bloque ancho x[17:117] | frente/espalda fusionados, separados en x=399",540x352,ok-saved,si,si
AIM-P009-515.jpg,ok,"logo separado de bloque ancho x[15:115] | frente/espalda fusionados, separados en x=397",547x352,ok-saved,si,si
AIM-P009-516.jpg,ok,"logo separado de bloque ancho x[15:116] | frente/espalda fusionados, separados en x=397",550x352,ok-saved,si,si
AIM-P009-517.jpg,ok,"logo separado de bloque ancho x[15:116] | frente/espalda fusionados, separados en x=400",555x352,ok-saved,si,si
AIM-P009-518.jpg,ok,"logo separado de bloque ancho x[15:115] | frente/espalda fusionados, separados en x=400",553x353,ok-saved,si,si
AIM-P009-519.jpg,ok,logo separado de bloque ancho x[15:21],605x352,ok-saved,si,si
AIM-P009-520.jpg,ok,"logo separado de bloque ancho x[17:117] | frente/espalda fusionados, separados en x=398",544x351,ok-saved,si,si
AIM-P009-521.jpg,ok,"logo separado de bloque ancho x[16:132] | frente/espalda fusionados, separados en x=453",617x402,ok-saved,si,si
AIM-P009-522.jpg,ok,"logo separado de bloque ancho x[15:115] | frente/espalda fusionados, separados en x=397",547x352,ok-saved,si,si
AIM-P009-523.jpg,ok,"logo separado de bloque ancho x[54:423] | frente/espalda fusionados, separados en x=1449",700x456,ok-saved,si,si
AIM-P009-524.jpg,ok,logo descartado x[15:125],524x353,ok-saved,si,si
AIM-P009-525.jpg,ok,"logo separado de bloque ancho x[15:115] | frente/espalda fusionados, separados en x=400",562x354,ok-saved,si,si
AIM-P009-526.jpg,ok,"logo separado de bloque ancho x[15:115] | frente/espalda fusionados, separados en x=397",546x341,ok-saved,si,si
AIM-P009-527.jpg,ok,"logo separado de bloque ancho x[15:116] | frente/espalda fusionados, separados en x=399",551x352,ok-saved,si,si
AIM-P009-528.jpg,ok,"logo separado de bloque ancho x[15:115] | frente/espalda fusionados, separados en x=397",557x353,ok-saved,si,si
AIM-P009-529.jpg,ok,"logo separado de bloque ancho x[15:116] | frente/espalda fusionados, separados en x=398",546x352,ok-saved,si,si
AIM-P009-530.jpg,ok,"logo separado de bloque ancho x[15:117] | frente/espalda fusionados, separados en x=400",547x353,ok-saved,si,si
AIM-P009-531.jpg,ok,"logo separado de bloque ancho x[15:115] | frente/espalda fusionados, separados en x=398",554x353,ok-saved,si,si
AIM-P009-532.jpg,ok,"logo separado de bloque ancho x[17:117] | frente/espalda fusionados, separados en x=399",540x354,ok-saved,si,si
AIM-P009-533.jpg,dudoso,"2 bandas (se esperaban 3) | frente/espalda fusionados, separados en x=412",679x472,ok-saved,si,si
AIM-P009-534.jpg,ok,"logo separado de bloque ancho x[15:115] | frente/espalda fusionados, separados en x=400",562x353,ok-saved,si,si
AIM-P009-535.jpg,ok,"logo separado de bloque ancho x[5:109] | frente/espalda fusionados, separados en x=401",564x366,ok-saved,si,si
AIM-P009-536.jpg,ok,"logo separado de bloque ancho x[17:117] | frente/espalda fusionados, separados en x=397",544x350,ok-saved,si,si
AIM-P009-537.jpg,ok,"logo separado de bloque ancho x[15:115] | frente/espalda fusionados, separados en x=397",545x353,ok-saved,si,si
AIM-P009-538.jpg,ok,"logo separado de bloque ancho x[15:115] | frente/espalda fusionados, separados en x=397",543x352,ok-saved,si,si
AIM-P009-539.jpg,ok,"logo separado de bloque ancho x[15:115] | frente/espalda fusionados, separados en x=397",543x352,ok-saved,si,si
AIM-P009-540.jpg,ok,"logo separado de bloque ancho x[15:115] | frente/espalda fusionados, separados en x=398",554x352,ok-saved,si,si
AIM-P010-541.jpg,ok,logo descartado x[15:125],525x329,ok-saved,si,si
AIM-P010-542.jpg,ok,"logo separado de bloque ancho x[15:115] | frente/espalda fusionados, separados en x=397",550x352,ok-saved,si,si
AIM-P010-543.jpg,ok,"logo separado de bloque ancho x[15:115] | frente/espalda fusionados, separados en x=397",543x352,ok-saved,si,si
AIM-P010-544.jpg,ok,"logo separado de bloque ancho x[17:117] | frente/espalda fusionados, separados en x=399",539x352,ok-saved,si,si
AIM-P010-545.jpg,ok,"logo separado de bloque ancho x[15:115] | frente/espalda fusionados, separados en x=400",555x352,ok-saved,si,si
AIM-P010-546.jpg,ok,"logo separado de bloque ancho x[15:115] | frente/espalda fusionados, separados en x=398",548x353,ok-saved,si,si
AIM-P010-547.jpg,ok,"logo separado de bloque ancho x[15:116] | frente/espalda fusionados, separados en x=400",564x353,ok-saved,si,si
AIM-P010-548.jpg,ok,"logo separado de bloque ancho x[6:110] | frente/espalda fusionados, separados en x=401",561x365,ok-saved,si,si
AIM-P010-549.jpg,ok,"logo separado de bloque ancho x[15:115] | frente/espalda fusionados, separados en x=397",543x352,ok-saved,si,si
AIM-P010-550.jpg,ok,"logo separado de bloque ancho x[17:117] | frente/espalda fusionados, separados en x=399",544x350,ok-saved,si,si
AIM-P010-551.jpg,ok,"logo separado de bloque ancho x[15:115] | frente/espalda fusionados, separados en x=397",543x352,ok-saved,si,si
AIM-P010-552.jpg,ok,"logo separado de bloque ancho x[15:116] | frente/espalda fusionados, separados en x=398",546x352,ok-saved,si,si
AIM-P010-553.jpg,ok,"logo separado de bloque ancho x[16:132] | frente/espalda fusionados, separados en x=453",617x402,ok-saved,si,si
AIM-P010-554.jpg,ok,"logo separado de bloque ancho x[15:115] | frente/espalda fusionados, separados en x=398",548x352,ok-saved,si,si
AIM-P010-555.jpg,ok,"logo separado de bloque ancho x[15:115] | frente/espalda fusionados, separados en x=400",546x353,ok-saved,si,si
AIM-P010-556.jpg,ok,"logo separado de bloque ancho x[15:115] | frente/espalda fusionados, separados en x=399",546x352,ok-saved,si,si
AIM-P010-557.jpg,ok,"logo separado de bloque ancho x[15:116] | frente/espalda fusionados, separados en x=397",548x353,ok-saved,si,si
AIM-P010-558.jpg,ok,"logo separado de bloque ancho x[15:115] | frente/espalda fusionados, separados en x=399",543x352,ok-saved,si,si
AIM-P010-559.jpg,ok,"logo separado de bloque ancho x[15:115] | frente/espalda fusionados, separados en x=397",548x352,ok-saved,si,si
AIM-P010-560.jpg,ok,"logo separado de bloque ancho x[15:116] | frente/espalda fusionados, separados en x=399",552x353,ok-saved,si,si
AIM-P010-561.jpg,ok,"logo separado de bloque ancho x[15:116] | frente/espalda fusionados, separados en x=400",555x353,ok-saved,si,si
AIM-P010-562.jpg,ok,"logo separado de bloque ancho x[15:115] | frente/espalda fusionados, separados en x=397",543x352,ok-saved,si,si
AIM-P010-563.jpg,ok,"logo separado de bloque ancho x[15:115] | frente/espalda fusionados, separados en x=397",544x352,ok-saved,si,si
AIM-P010-564.jpg,ok,"logo separado de bloque ancho x[12:114] | frente/espalda fusionados, separados en x=398",547x352,ok-saved,si,si
AIM-P010-565.jpg,ok,"logo separado de bloque ancho x[15:115] | frente/espalda fusionados, separados en x=327",543x352,ok-saved,si,si
AIM-P010-566.jpg,ok,"logo separado de bloque ancho x[15:115] | frente/espalda fusionados, separados en x=399",548x352,ok-saved,si,si
AIM-P010-567.jpg,ok,"logo separado de bloque ancho x[17:117] | frente/espalda fusionados, separados en x=399",539x351,ok-saved,si,si
AIM-P010-568.jpg,ok,"logo separado de bloque ancho x[15:115] | frente/espalda fusionados, separados en x=400",562x354,ok-saved,si,si
AIM-P010-569.jpg,ok,"logo separado de bloque ancho x[17:117] | frente/espalda fusionados, separados en x=398",542x350,ok-saved,si,si
AIM-P010-570.jpg,ok,"logo separado de bloque ancho x[15:115] | frente/espalda fusionados, separados en x=397",552x352,ok-saved,si,si
AIM-P010-571.jpg,ok,"logo separado de bloque ancho x[15:115] | frente/espalda fusionados, separados en x=400",554x352,ok-saved,si,si
AIM-P010-572.jpg,ok,"logo separado de bloque ancho x[15:115] | frente/espalda fusionados, separados en x=397",543x352,ok-saved,si,si
AIM-P010-573.jpg,ok,"logo separado de bloque ancho x[17:117] | frente/espalda fusionados, separados en x=397",542x351,ok-saved,si,si
AIM-P010-574.jpg,ok,"logo separado de bloque ancho x[15:116] | frente/espalda fusionados, separados en x=400",556x352,ok-saved,si,si
AIM-P010-575.jpg,ok,"logo separado de bloque ancho x[54:423] | frente/espalda fusionados, separados en x=1450",700x457,ok-saved,si,si
AIM-P010-576.jpg,ok,"logo separado de bloque ancho x[15:116] | frente/espalda fusionados, separados en x=398",547x352,ok-saved,si,si
AIM-P010-577.jpg,ok,"logo separado de bloque ancho x[17:117] | frente/espalda fusionados, separados en x=400",538x350,ok-saved,si,si
AIM-P010-578.jpg,ok,"logo separado de bloque ancho x[15:115] | frente/espalda fusionados, separados en x=397",546x352,ok-saved,si,si
AIM-P010-579.jpg,ok,"logo separado de bloque ancho x[15:115] | frente/espalda fusionados, separados en x=397",543x352,ok-saved,si,si
AIM-P010-580.jpg,ok,"logo separado de bloque ancho x[15:115] | frente/espalda fusionados, separados en x=397",548x352,ok-saved,si,si
AIM-P010-581.jpg,ok,"logo separado de bloque ancho x[15:115] | frente/espalda fusionados, separados en x=397",543x352,ok-saved,si,si
AIM-P010-582.jpg,ok,"logo separado de bloque ancho x[15:116] | frente/espalda fusionados, separados en x=397",548x352,ok-saved,si,si
AIM-P010-583.jpg,ok,"logo separado de bloque ancho x[15:115] | frente/espalda fusionados, separados en x=400",550x352,ok-saved,si,si
AIM-P010-584.jpg,ok,"logo separado de bloque ancho x[15:116] | frente/espalda fusionados, separados en x=397",547x353,ok-saved,si,si
AIM-P010-585.jpg,ok,"logo separado de bloque ancho x[15:115] | frente/espalda fusionados, separados en x=397",547x352,ok-saved,si,si
AIM-P010-586.jpg,ok,"logo separado de bloque ancho x[15:115] | frente/espalda fusionados, separados en x=397",550x352,ok-saved,si,si
AIM-P010-587.jpg,ok,"logo separado de bloque ancho x[15:116] | frente/espalda fusionados, separados en x=397",548x352,ok-saved,si,si
AIM-P010-588.jpg,ok,"logo separado de bloque ancho x[15:115] | frente/espalda fusionados, separados en x=397",543x352,ok-saved,si,si
AIM-P010-589.jpg,ok,"logo separado de bloque ancho x[15:115] | frente/espalda fusionados, separados en x=400",548x352,ok-saved,si,si
AIM-P010-590.jpg,ok,"logo separado de bloque ancho x[15:115] | frente/espalda fusionados, separados en x=399",546x352,ok-saved,si,si
AIM-P010-591.jpg,ok,"logo separado de bloque ancho x[15:115] | frente/espalda fusionados, separados en x=400",562x355,ok-saved,si,si
AIM-P010-592.jpg,ok,"logo separado de bloque ancho x[15:116] | frente/espalda fusionados, separados en x=398",564x352,ok-saved,si,si
AIM-P010-593.jpg,ok,"logo separado de bloque ancho x[1:106] | frente/espalda fusionados, separados en x=398",566x367,ok-saved,si,si
AIM-P010-594.jpg,ok,"logo separado de bloque ancho x[15:115] | frente/espalda fusionados, separados en x=400",556x353,ok-saved,si,si
AIM-P010-595.jpg,ok,"logo separado de bloque ancho x[15:115] | frente/espalda fusionados, separados en x=397",546x352,ok-saved,si,si
AIM-P010-596.jpg,ok,"logo separado de bloque ancho x[15:115] | frente/espalda fusionados, separados en x=397",543x352,ok-saved,si,si
AIM-P010-597.jpg,ok,"logo separado de bloque ancho x[15:116] | frente/espalda fusionados, separados en x=397",545x352,ok-saved,si,si
AIM-P010-598.jpg,ok,"logo separado de bloque ancho x[15:116] | frente/espalda fusionados, separados en x=397",550x353,ok-saved,si,si
AIM-P010-599.jpg,ok,"logo separado de bloque ancho x[17:117] | frente/espalda fusionados, separados en x=396",541x351,ok-saved,si,si
AIM-P010-600.jpg,ok,"logo separado de bloque ancho x[15:115] | frente/espalda fusionados, separados en x=397",548x352,ok-saved,si,si
AIM-P011-601.jpg,ok,"logo separado de bloque ancho x[15:115] | frente/espalda fusionados, separados en x=397",543x352,ok-saved,si,si
AIM-P011-602.jpg,dudoso,logo separado de bloque ancho x[15:116] | espalda no distinguible del fondo (revisar),305x352,ok-saved,si,no
AIM-P011-603.jpg,dudoso,"2 bandas (se esperaban 3) | logo separado de bloque ancho x[17:131] | frente/espalda fusionados, separados en x=304",541x432,ok-saved,si,si
AIM-P011-604.jpg,ok,"logo separado de bloque ancho x[17:117] | frente/espalda fusionados, separados en x=396",540x350,ok-saved,si,si
AIM-P011-605.jpg,ok,"logo separado de bloque ancho x[15:115] | frente/espalda fusionados, separados en x=397",548x352,ok-saved,si,si
AIM-P011-606.jpg,ok,"logo separado de bloque ancho x[54:423] | frente/espalda fusionados, separados en x=1450",700x456,ok-saved,si,si
AIM-P011-607.jpg,dudoso,logo separado de bloque ancho x[12:20] | espalda no distinguible del fondo (revisar) | recorte pequeno 145x359,145x359,ok-saved,si,no
AIM-P011-608.jpg,ok,"logo separado de bloque ancho x[15:115] | frente/espalda fusionados, separados en x=397",543x352,ok-saved,si,si
AIM-P011-609.jpg,ok,"logo separado de bloque ancho x[15:115] | frente/espalda fusionados, separados en x=400",546x352,ok-saved,si,si
AIM-P011-610.jpg,ok,"logo separado de bloque ancho x[17:117] | frente/espalda fusionados, separados en x=397",541x350,ok-saved,si,si
AIM-P011-611.jpg,ok,"logo separado de bloque ancho x[15:116] | frente/espalda fusionados, separados en x=400",544x352,ok-saved,si,si
AIM-P011-612.jpg,ok,"logo separado de bloque ancho x[15:116] | frente/espalda fusionados, separados en x=399",556x352,ok-saved,si,si
AIM-P011-613.jpg,ok,"logo separado de bloque ancho x[15:115] | frente/espalda fusionados, separados en x=397",543x352,ok-saved,si,si
AIM-P011-614.jpg,ok,"logo separado de bloque ancho x[15:115] | frente/espalda fusionados, separados en x=397",546x352,ok-saved,si,si
AIM-P011-615.jpg,ok,"logo separado de bloque ancho x[15:115] | frente/espalda fusionados, separados en x=397",548x352,ok-saved,si,si
AIM-P011-616.jpg,ok,"logo separado de bloque ancho x[15:115] | frente/espalda fusionados, separados en x=397",548x352,ok-saved,si,si
AIM-P011-617.jpg,ok,"logo separado de bloque ancho x[17:117] | frente/espalda fusionados, separados en x=402",542x350,ok-saved,si,si
AIM-P011-618.jpg,ok,"logo separado de bloque ancho x[15:115] | frente/espalda fusionados, separados en x=396",546x353,ok-saved,si,si
AIM-P011-619.jpg,ok,"logo separado de bloque ancho x[15:115] | frente/espalda fusionados, separados en x=400",562x353,ok-saved,si,si
AIM-P011-620.jpg,ok,"logo separado de bloque ancho x[15:116] | frente/espalda fusionados, separados en x=397",548x352,ok-saved,si,si
AIM-P011-621.jpg,ok,"logo separado de bloque ancho x[15:116] | frente/espalda fusionados, separados en x=397",546x352,ok-saved,si,si
AIM-P011-622.jpg,ok,"logo separado de bloque ancho x[9:112] | frente/espalda fusionados, separados en x=399",554x361,ok-saved,si,si
AIM-P011-623.jpg,ok,"logo separado de bloque ancho x[15:116] | frente/espalda fusionados, separados en x=400",563x354,ok-saved,si,si
AIM-P011-624.jpg,ok,"logo separado de bloque ancho x[15:115] | frente/espalda fusionados, separados en x=397",543x352,ok-saved,si,si
AIM-P011-625.jpg,ok,"logo separado de bloque ancho x[15:115] | frente/espalda fusionados, separados en x=400",562x353,ok-saved,si,si
AIM-P011-626.jpg,ok,"logo separado de bloque ancho x[14:116] | frente/espalda fusionados, separados en x=398",556x354,ok-saved,si,si
AIM-P011-627.jpg,ok,"logo separado de bloque ancho x[17:117] | frente/espalda fusionados, separados en x=394",543x350,ok-saved,si,si
AIM-P011-628.jpg,ok,"logo separado de bloque ancho x[15:116] | frente/espalda fusionados, separados en x=397",543x352,ok-saved,si,si
AIM-P011-629.jpg,ok,"logo descartado x[15:125] | frente/espalda fusionados, separados en x=271",442x360,ok-saved,si,si
AIM-P011-630.jpg,ok,"logo separado de bloque ancho x[17:117] | frente/espalda fusionados, separados en x=397",543x350,ok-saved,si,si
AIM-P011-631.jpg,ok,"logo separado de bloque ancho x[54:423] | frente/espalda fusionados, separados en x=1450",700x455,ok-saved,si,si
AIM-P011-632.jpg,ok,"logo separado de bloque ancho x[15:115] | frente/espalda fusionados, separados en x=397",544x352,ok-saved,si,si
AIM-P011-633.jpg,ok,"logo separado de bloque ancho x[17:117] | frente/espalda fusionados, separados en x=400",538x351,ok-saved,si,si
AIM-P011-634.jpg,ok,"logo descartado x[15:125] | frente/espalda fusionados, separados en x=397",481x352,ok-saved,si,si
AIM-P011-635.jpg,ok,"logo separado de bloque ancho x[15:115] | frente/espalda fusionados, separados en x=397",543x352,ok-saved,si,si
AIM-P011-636.jpg,ok,"logo separado de bloque ancho x[15:115] | frente/espalda fusionados, separados en x=397",547x352,ok-saved,si,si
AIM-P011-637.jpg,ok,"logo separado de bloque ancho x[15:116] | frente/espalda fusionados, separados en x=399",556x353,ok-saved,si,si
AIM-P011-638.jpg,ok,logo separado de bloque ancho x[15:116],511x352,ok-saved,si,si
AIM-P011-639.jpg,ok,"logo separado de bloque ancho x[6:109] | frente/espalda fusionados, separados en x=395",551x358,ok-saved,si,si
AIM-P011-640.jpg,ok,"logo separado de bloque ancho x[15:116] | frente/espalda fusionados, separados en x=398",547x352,ok-saved,si,si
AIM-P011-641.jpg,ok,"logo separado de bloque ancho x[15:116] | frente/espalda fusionados, separados en x=400",553x352,ok-saved,si,si
AIM-P011-642.jpg,ok,"logo separado de bloque ancho x[15:116] | frente/espalda fusionados, separados en x=400",551x352,ok-saved,si,si
AIM-P011-643.jpg,ok,"logo separado de bloque ancho x[15:115] | frente/espalda fusionados, separados en x=397",543x352,ok-saved,si,si
AIM-P011-644.jpg,ok,"logo separado de bloque ancho x[17:117] | frente/espalda fusionados, separados en x=400",547x351,ok-saved,si,si
AIM-P011-645.jpg,ok,"logo separado de bloque ancho x[15:116] | frente/espalda fusionados, separados en x=399",552x352,ok-saved,si,si
AIM-P011-646.jpg,ok,"logo separado de bloque ancho x[15:116] | frente/espalda fusionados, separados en x=397",543x352,ok-saved,si,si
AIM-P011-647.jpg,ok,"logo separado de bloque ancho x[15:115] | frente/espalda fusionados, separados en x=397",546x353,ok-saved,si,si
AIM-P011-648.jpg,dudoso,logo separado de bloque ancho x[15:115] | espalda no distinguible del fondo (revisar),461x352,ok-saved,si,no
AIM-P011-649.jpg,ok,"logo separado de bloque ancho x[15:116] | frente/espalda fusionados, separados en x=397",543x352,ok-saved,si,si
AIM-P011-650.jpg,ok,"logo separado de bloque ancho x[15:115] | frente/espalda fusionados, separados en x=398",553x353,ok-saved,si,si
AIM-P011-651.jpg,ok,"logo separado de bloque ancho x[10:114] | frente/espalda fusionados, separados en x=401",554x361,ok-saved,si,si
AIM-P011-652.jpg,ok,"logo separado de bloque ancho x[15:115] | frente/espalda fusionados, separados en x=401",562x355,ok-saved,si,si
AIM-P011-653.jpg,ok,"logo separado de bloque ancho x[15:117] | frente/espalda fusionados, separados en x=400",555x354,ok-saved,si,si
AIM-P011-654.jpg,ok,"logo separado de bloque ancho x[15:116] | frente/espalda fusionados, separados en x=397",550x352,ok-saved,si,si
AIM-P011-655.jpg,ok,"logo separado de bloque ancho x[17:117] | frente/espalda fusionados, separados en x=395",544x351,ok-saved,si,si
AIM-P011-656.jpg,ok,"logo separado de bloque ancho x[15:116] | frente/espalda fusionados, separados en x=397",547x353,ok-saved,si,si
AIM-P011-657.jpg,ok,"logo separado de bloque ancho x[54:423] | frente/espalda fusionados, separados en x=1450",700x455,ok-saved,si,si
AIM-P011-658.jpg,ok,"logo separado de bloque ancho x[17:116] | frente/espalda fusionados, separados en x=396",543x352,ok-saved,si,si
AIM-P011-659.jpg,ok,"logo separado de bloque ancho x[15:115] | frente/espalda fusionados, separados en x=400",565x354,ok-saved,si,si
AIM-P011-660.jpg,ok,"logo separado de bloque ancho x[6:109] | frente/espalda fusionados, separados en x=394",552x358,ok-saved,si,si
AIM-P012-661.jpg,ok,"logo separado de bloque ancho x[15:115] | frente/espalda fusionados, separados en x=399",547x352,ok-saved,si,si
AIM-P012-662.jpg,ok,"logo separado de bloque ancho x[15:115] | frente/espalda fusionados, separados en x=400",562x353,ok-saved,si,si
AIM-P012-663.jpg,ok,"logo separado de bloque ancho x[15:115] | frente/espalda fusionados, separados en x=400",553x352,ok-saved,si,si
AIM-P012-664.jpg,ok,"logo separado de bloque ancho x[15:115] | frente/espalda fusionados, separados en x=397",544x352,ok-saved,si,si
AIM-P012-665.jpg,ok,"logo separado de bloque ancho x[15:115] | frente/espalda fusionados, separados en x=397",546x352,ok-saved,si,si
AIM-P012-666.jpg,ok,"logo separado de bloque ancho x[15:115] | frente/espalda fusionados, separados en x=400",565x354,ok-saved,si,si
AIM-P012-667.jpg,ok,"logo separado de bloque ancho x[15:116] | frente/espalda fusionados, separados en x=400",555x352,ok-saved,si,si
AIM-P012-668.jpg,ok,"logo separado de bloque ancho x[17:117] | frente/espalda fusionados, separados en x=400",542x350,ok-saved,si,si
AIM-P012-669.jpg,ok,"logo separado de bloque ancho x[15:116] | frente/espalda fusionados, separados en x=398",544x352,ok-saved,si,si
AIM-P012-670.jpg,ok,"logo separado de bloque ancho x[54:423] | frente/espalda fusionados, separados en x=1452",700x454,ok-saved,si,si
AIM-P012-671.jpg,ok,"logo separado de bloque ancho x[17:117] | frente/espalda fusionados, separados en x=396",541x352,ok-saved,si,si
AIM-P012-672.jpg,ok,"logo separado de bloque ancho x[15:115] | frente/espalda fusionados, separados en x=400",556x353,ok-saved,si,si
AIM-P012-673.jpg,ok,"logo separado de bloque ancho x[15:115] | frente/espalda fusionados, separados en x=397",543x352,ok-saved,si,si
AIM-P012-674.jpg,ok,"logo separado de bloque ancho x[5:108] | frente/espalda fusionados, separados en x=396",557x361,ok-saved,si,si
AIM-P012-675.jpg,ok,"logo separado de bloque ancho x[15:117] | frente/espalda fusionados, separados en x=397",547x352,ok-saved,si,si
AIM-P012-676.jpg,ok,"logo separado de bloque ancho x[54:423] | frente/espalda fusionados, separados en x=1429",700x451,ok-saved,si,si
AIM-P012-677.jpg,ok,"logo separado de bloque ancho x[15:115] | frente/espalda fusionados, separados en x=400",555x352,ok-saved,si,si
AIM-P012-678.jpg,ok,"logo separado de bloque ancho x[16:117] | frente/espalda fusionados, separados en x=400",551x353,ok-saved,si,si
AIM-P012-679.jpg,ok,"logo separado de bloque ancho x[17:117] | frente/espalda fusionados, separados en x=397",545x350,ok-saved,si,si
AIM-P012-680.jpg,ok,"logo separado de bloque ancho x[17:117] | frente/espalda fusionados, separados en x=396",542x351,ok-saved,si,si
AIM-P012-681.jpg,ok,"logo separado de bloque ancho x[15:115] | frente/espalda fusionados, separados en x=397",546x352,ok-saved,si,si
AIM-P012-682.jpg,dudoso,logo separado de bloque ancho x[15:116] | espalda no distinguible del fondo (revisar),289x352,ok-saved,si,no
AIM-P012-683.jpg,ok,"logo separado de bloque ancho x[15:116] | frente/espalda fusionados, separados en x=398",548x353,ok-saved,si,si
AIM-P012-684.jpg,ok,"logo separado de bloque ancho x[15:115] | frente/espalda fusionados, separados en x=397",546x352,ok-saved,si,si
AIM-P012-685.jpg,ok,"logo separado de bloque ancho x[17:117] | frente/espalda fusionados, separados en x=397",540x350,ok-saved,si,si
AIM-P012-686.jpg,ok,"logo separado de bloque ancho x[16:132] | frente/espalda fusionados, separados en x=453",617x402,ok-saved,si,si
AIM-P012-687.jpg,ok,"logo separado de bloque ancho x[17:117] | frente/espalda fusionados, separados en x=397",542x352,ok-saved,si,si
AIM-P012-688.jpg,ok,"logo separado de bloque ancho x[15:115] | frente/espalda fusionados, separados en x=400",562x355,ok-saved,si,si
AIM-P012-689.jpg,ok,"logo separado de bloque ancho x[15:115] | frente/espalda fusionados, separados en x=397",543x352,ok-saved,si,si
AIM-P012-690.jpg,ok,"logo separado de bloque ancho x[15:115] | frente/espalda fusionados, separados en x=399",543x352,ok-saved,si,si
AIM-P012-691.jpg,ok,"logo separado de bloque ancho x[15:116] | frente/espalda fusionados, separados en x=397",547x352,ok-saved,si,si
AIM-P012-692.jpg,ok,"logo separado de bloque ancho x[15:115] | frente/espalda fusionados, separados en x=397",543x352,ok-saved,si,si
AIM-P012-693.jpg,ok,"logo separado de bloque ancho x[15:115] | frente/espalda fusionados, separados en x=397",543x352,ok-saved,si,si
AIM-P012-694.jpg,ok,"logo separado de bloque ancho x[15:115] | frente/espalda fusionados, separados en x=397",546x352,ok-saved,si,si
AIM-P012-695.jpg,ok,"logo separado de bloque ancho x[17:117] | frente/espalda fusionados, separados en x=397",541x352,ok-saved,si,si
AIM-P012-696.jpg,ok,"logo separado de bloque ancho x[15:116] | frente/espalda fusionados, separados en x=400",547x352,ok-saved,si,si
AIM-P012-697.jpg,ok,"logo separado de bloque ancho x[16:132] | frente/espalda fusionados, separados en x=453",617x402,ok-saved,si,si
AIM-P012-698.jpg,ok,"logo separado de bloque ancho x[15:115] | frente/espalda fusionados, separados en x=397",543x352,ok-saved,si,si
AIM-P012-699.jpg,ok,"logo separado de bloque ancho x[17:117] | frente/espalda fusionados, separados en x=395",542x351,ok-saved,si,si
AIM-P012-700.jpg,ok,"logo separado de bloque ancho x[15:115] | frente/espalda fusionados, separados en x=400",562x354,ok-saved,si,si
AIM-P012-701.jpg,ok,"logo separado de bloque ancho x[14:116] | frente/espalda fusionados, separados en x=397",562x353,ok-saved,si,si
AIM-P012-702.jpg,ok,"logo separado de bloque ancho x[15:115] | frente/espalda fusionados, separados en x=397",550x352,ok-saved,si,si
AIM-P012-703.jpg,ok,"logo separado de bloque ancho x[15:115] | frente/espalda fusionados, separados en x=397",543x352,ok-saved,si,si
AIM-P012-704.jpg,ok,logo separado de bloque ancho x[15:116],473x352,ok-saved,si,si
AIM-P012-705.jpg,ok,"logo separado de bloque ancho x[15:115] | frente/espalda fusionados, separados en x=400",562x354,ok-saved,si,si
AIM-P012-706.jpg,ok,logo separado de bloque ancho x[15:116],546x352,ok-saved,si,si
AIM-P012-707.jpg,ok,"logo separado de bloque ancho x[17:117] | frente/espalda fusionados, separados en x=394",546x353,ok-saved,si,si
AIM-P012-708.jpg,ok,"logo separado de bloque ancho x[15:115] | frente/espalda fusionados, separados en x=397",548x352,ok-saved,si,si
AIM-P012-709.jpg,ok,"logo separado de bloque ancho x[14:116] | frente/espalda fusionados, separados en x=400",555x354,ok-saved,si,si
AIM-P012-710.jpg,ok,"logo separado de bloque ancho x[15:115] | frente/espalda fusionados, separados en x=397",551x352,ok-saved,si,si
AIM-P012-711.jpg,ok,"logo separado de bloque ancho x[17:117] | frente/espalda fusionados, separados en x=395",545x352,ok-saved,si,si
AIM-P012-712.jpg,ok,"logo separado de bloque ancho x[15:115] | frente/espalda fusionados, separados en x=399",540x352,ok-saved,si,si
AIM-P012-713.jpg,ok,"logo separado de bloque ancho x[15:116] | frente/espalda fusionados, separados en x=396",550x352,ok-saved,si,si
AIM-P012-714.jpg,ok,"logo separado de bloque ancho x[15:115] | frente/espalda fusionados, separados en x=397",543x352,ok-saved,si,si
AIM-P012-715.jpg,ok,"logo separado de bloque ancho x[15:116] | frente/espalda fusionados, separados en x=398",551x352,ok-saved,si,si
AIM-P012-716.jpg,ok,"logo separado de bloque ancho x[6:109] | frente/espalda fusionados, separados en x=397",556x361,ok-saved,si,si
AIM-P012-717.jpg,ok,"logo separado de bloque ancho x[4:108] | frente/espalda fusionados, separados en x=397",560x363,ok-saved,si,si
AIM-P012-718.jpg,ok,"logo separado de bloque ancho x[15:116] | frente/espalda fusionados, separados en x=400",556x353,ok-saved,si,si
AIM-P012-719.jpg,ok,"logo separado de bloque ancho x[15:116] | frente/espalda fusionados, separados en x=398",548x352,ok-saved,si,si
AIM-P012-720.jpg,ok,"logo separado de bloque ancho x[15:115] | frente/espalda fusionados, separados en x=395",547x352,ok-saved,si,si
AIM-P013-721.jpg,ok,"logo separado de bloque ancho x[15:116] | frente/espalda fusionados, separados en x=397",544x352,ok-saved,si,si
AIM-P013-722.jpg,ok,logo separado de bloque ancho x[14:115],467x350,ok-saved,si,si
AIM-P013-723.jpg,ok,"logo separado de bloque ancho x[15:115] | frente/espalda fusionados, separados en x=393",546x352,ok-saved,si,si
AIM-P013-724.jpg,ok,"logo separado de bloque ancho x[54:423] | frente/espalda fusionados, separados en x=1455",700x453,ok-saved,si,si
AIM-P013-725.jpg,ok,"logo separado de bloque ancho x[15:115] | frente/espalda fusionados, separados en x=397",550x352,ok-saved,si,si
AIM-P013-726.jpg,ok,"logo separado de bloque ancho x[16:132] | frente/espalda fusionados, separados en x=453",617x402,ok-saved,si,si
AIM-P013-727.jpg,ok,"logo separado de bloque ancho x[15:116] | frente/espalda fusionados, separados en x=399",545x352,ok-saved,si,si
AIM-P013-728.jpg,ok,"logo separado de bloque ancho x[14:116] | frente/espalda fusionados, separados en x=398",551x353,ok-saved,si,si
AIM-P013-729.jpg,ok,"logo separado de bloque ancho x[15:115] | frente/espalda fusionados, separados en x=397",547x352,ok-saved,si,si
AIM-P013-730.jpg,ok,logo separado de bloque ancho x[17:23],347x352,ok-saved,si,si
AIM-P013-731.jpg,ok,"logo separado de bloque ancho x[17:118] | frente/espalda fusionados, separados en x=398",541x350,ok-saved,si,si
AIM-P013-732.jpg,ok,"logo separado de bloque ancho x[54:423] | frente/espalda fusionados, separados en x=1450",700x458,ok-saved,si,si
AIM-P013-733.jpg,ok,"logo separado de bloque ancho x[15:115] | frente/espalda fusionados, separados en x=397",548x352,ok-saved,si,si
AIM-P013-734.jpg,ok,"logo separado de bloque ancho x[15:115] | frente/espalda fusionados, separados en x=397",543x352,ok-saved,si,si
AIM-P013-735.jpg,ok,"logo separado de bloque ancho x[15:116] | frente/espalda fusionados, separados en x=400",555x352,ok-saved,si,si
AIM-P013-736.jpg,ok,"logo separado de bloque ancho x[16:132] | frente/espalda fusionados, separados en x=450",620x402,ok-saved,si,si
AIM-P013-737.jpg,ok,"logo separado de bloque ancho x[17:117] | frente/espalda fusionados, separados en x=397",542x351,ok-saved,si,si
AIM-P013-738.jpg,ok,"logo separado de bloque ancho x[15:115] | frente/espalda fusionados, separados en x=397",550x352,ok-saved,si,si
AIM-P013-739.jpg,ok,"logo separado de bloque ancho x[15:115] | frente/espalda fusionados, separados en x=400",562x354,ok-saved,si,si
AIM-P013-740.jpg,ok,"logo separado de bloque ancho x[15:115] | frente/espalda fusionados, separados en x=400",562x354,ok-saved,si,si
AIM-P013-741.jpg,ok,"logo separado de bloque ancho x[15:116] | frente/espalda fusionados, separados en x=398",543x352,ok-saved,si,si
AIM-P013-742.jpg,ok,"logo separado de bloque ancho x[54:423] | frente/espalda fusionados, separados en x=1450",700x453,ok-saved,si,si
AIM-P013-743.jpg,ok,"logo separado de bloque ancho x[17:117] | frente/espalda fusionados, separados en x=397",542x351,ok-saved,si,si
AIM-P013-744.jpg,ok,"logo separado de bloque ancho x[15:115] | frente/espalda fusionados, separados en x=399",547x352,ok-saved,si,si
AIM-P013-745.jpg,ok,"logo separado de bloque ancho x[15:116] | frente/espalda fusionados, separados en x=398",544x352,ok-saved,si,si
AIM-P013-746.jpg,ok,"logo separado de bloque ancho x[15:115] | frente/espalda fusionados, separados en x=397",543x352,ok-saved,si,si
AIM-P013-747.jpg,ok,"logo separado de bloque ancho x[15:115] | frente/espalda fusionados, separados en x=400",550x353,ok-saved,si,si
AIM-P013-748.jpg,ok,"logo separado de bloque ancho x[15:116] | frente/espalda fusionados, separados en x=398",544x352,ok-saved,si,si
AIM-P013-749.jpg,ok,"logo separado de bloque ancho x[17:117] | frente/espalda fusionados, separados en x=396",541x350,ok-saved,si,si
AIM-P013-750.jpg,ok,"logo separado de bloque ancho x[17:117] | frente/espalda fusionados, separados en x=395",543x351,ok-saved,si,si
AIM-P013-751.jpg,ok,"logo separado de bloque ancho x[15:115] | frente/espalda fusionados, separados en x=397",547x352,ok-saved,si,si
AIM-P013-752.jpg,ok,"logo separado de bloque ancho x[15:116] | frente/espalda fusionados, separados en x=400",551x352,ok-saved,si,si
AIM-P013-753.jpg,dudoso,logo separado de bloque ancho x[15:115] | espalda no distinguible del fondo (revisar),546x352,ok-saved,si,no
AIM-P013-754.jpg,ok,"logo separado de bloque ancho x[15:116] | frente/espalda fusionados, separados en x=397",547x352,ok-saved,si,si
AIM-P013-755.jpg,ok,"logo separado de bloque ancho x[12:114] | frente/espalda fusionados, separados en x=398",550x357,ok-saved,si,si
AIM-P013-756.jpg,ok,"logo separado de bloque ancho x[17:117] | frente/espalda fusionados, separados en x=396",540x350,ok-saved,si,si
AIM-P013-757.jpg,ok,"logo separado de bloque ancho x[17:117] | frente/espalda fusionados, separados en x=395",542x350,ok-saved,si,si
AIM-P013-758.jpg,ok,"logo separado de bloque ancho x[15:115] | frente/espalda fusionados, separados en x=395",547x352,ok-saved,si,si
AIM-P013-759.jpg,ok,"logo separado de bloque ancho x[15:116] | frente/espalda fusionados, separados en x=397",548x352,ok-saved,si,si
AIM-P013-760.jpg,ok,"logo separado de bloque ancho x[15:115] | frente/espalda fusionados, separados en x=397",549x352,ok-saved,si,si
AIM-P013-761.jpg,ok,"logo separado de bloque ancho x[15:115] | frente/espalda fusionados, separados en x=397",543x352,ok-saved,si,si
AIM-P013-762.jpg,ok,"logo separado de bloque ancho x[17:117] | frente/espalda fusionados, separados en x=400",543x350,ok-saved,si,si
AIM-P013-763.jpg,ok,"logo separado de bloque ancho x[15:115] | frente/espalda fusionados, separados en x=400",554x352,ok-saved,si,si
AIM-P013-764.jpg,ok,"logo separado de bloque ancho x[54:423] | frente/espalda fusionados, separados en x=1450",700x457,ok-saved,si,si
AIM-P013-765.jpg,ok,"logo separado de bloque ancho x[17:117] | frente/espalda fusionados, separados en x=395",544x350,ok-saved,si,si
AIM-P013-766.jpg,ok,"logo separado de bloque ancho x[15:115] | frente/espalda fusionados, separados en x=400",548x352,ok-saved,si,si
AIM-P013-767.jpg,ok,"logo separado de bloque ancho x[12:114] | frente/espalda fusionados, separados en x=396",560x355,ok-saved,si,si
AIM-P013-768.jpg,ok,"logo separado de bloque ancho x[15:115] | frente/espalda fusionados, separados en x=395",546x352,ok-saved,si,si
AIM-P013-769.jpg,ok,"logo separado de bloque ancho x[17:117] | frente/espalda fusionados, separados en x=400",543x350,ok-saved,si,si
AIM-P013-770.jpg,ok,"logo separado de bloque ancho x[15:115] | frente/espalda fusionados, separados en x=397",543x352,ok-saved,si,si
AIM-P013-771.jpg,ok,"logo separado de bloque ancho x[54:423] | frente/espalda fusionados, separados en x=1450",700x455,ok-saved,si,si
AIM-P013-772.jpg,ok,"logo separado de bloque ancho x[15:115] | frente/espalda fusionados, separados en x=400",564x354,ok-saved,si,si
AIM-P013-773.jpg,ok,"logo separado de bloque ancho x[15:115] | frente/espalda fusionados, separados en x=397",548x352,ok-saved,si,si
AIM-P013-774.jpg,ok,logo separado de bloque ancho x[15:21],319x352,ok-saved,si,si
AIM-P013-775.jpg,ok,"logo separado de bloque ancho x[15:115] | frente/espalda fusionados, separados en x=398",547x352,ok-saved,si,si
AIM-P013-776.jpg,ok,"logo separado de bloque ancho x[15:116] | frente/espalda fusionados, separados en x=400",564x358,ok-saved,si,si
AIM-P013-777.jpg,ok,"logo separado de bloque ancho x[17:117] | frente/espalda fusionados, separados en x=396",542x350,ok-saved,si,si
AIM-P013-778.jpg,ok,"logo separado de bloque ancho x[54:423] | frente/espalda fusionados, separados en x=1450",700x456,ok-saved,si,si
AIM-P013-779.jpg,ok,"logo separado de bloque ancho x[15:115] | frente/espalda fusionados, separados en x=397",548x352,ok-saved,si,si
AIM-P013-780.jpg,ok,"logo separado de bloque ancho x[16:132] | frente/espalda fusionados, separados en x=450",613x402,ok-saved,si,si
AIM-P014-781.jpg,ok,"logo separado de bloque ancho x[15:115] | frente/espalda fusionados, separados en x=397",548x353,ok-saved,si,si
AIM-P014-782.jpg,ok,"logo separado de bloque ancho x[15:115] | frente/espalda fusionados, separados en x=397",543x352,ok-saved,si,si
AIM-P014-783.jpg,ok,"logo separado de bloque ancho x[54:423] | frente/espalda fusionados, separados en x=1450",700x455,ok-saved,si,si
AIM-P014-784.jpg,ok,"logo separado de bloque ancho x[15:115] | frente/espalda fusionados, separados en x=398",553x352,ok-saved,si,si
AIM-P014-785.jpg,ok,"logo separado de bloque ancho x[15:116] | frente/espalda fusionados, separados en x=398",549x352,ok-saved,si,si
AIM-P014-786.jpg,ok,"logo separado de bloque ancho x[17:117] | frente/espalda fusionados, separados en x=396",543x350,ok-saved,si,si
AIM-P014-787.jpg,ok,"logo separado de bloque ancho x[14:116] | frente/espalda fusionados, separados en x=400",552x354,ok-saved,si,si
AIM-P014-788.jpg,dudoso,2 bandas (se esperaban 3) | espalda no distinguible del fondo (revisar),655x455,ok-saved,si,no
AIM-P014-789.jpg,ok,"logo separado de bloque ancho x[15:116] | frente/espalda fusionados, separados en x=400",548x353,ok-saved,si,si
AIM-P014-790.jpg,ok,"logo separado de bloque ancho x[15:115] | frente/espalda fusionados, separados en x=396",547x352,ok-saved,si,si
AIM-P014-791.jpg,ok,"logo separado de bloque ancho x[15:115] | frente/espalda fusionados, separados en x=400",557x353,ok-saved,si,si
AIM-P014-792.jpg,ok,"logo separado de bloque ancho x[14:116] | frente/espalda fusionados, separados en x=397",553x353,ok-saved,si,si
AIM-P014-793.jpg,ok,"logo separado de bloque ancho x[15:115] | frente/espalda fusionados, separados en x=397",543x352,ok-saved,si,si
AIM-P014-794.jpg,ok,"logo separado de bloque ancho x[15:116] | frente/espalda fusionados, separados en x=398",564x354,ok-saved,si,si
AIM-P014-795.jpg,ok,"logo separado de bloque ancho x[17:117] | frente/espalda fusionados, separados en x=395",542x350,ok-saved,si,si
AIM-P014-796.jpg,ok,"logo separado de bloque ancho x[12:113] | frente/espalda fusionados, separados en x=397",551x353,ok-saved,si,si
AIM-P014-797.jpg,ok,"logo separado de bloque ancho x[16:132] | frente/espalda fusionados, separados en x=450",613x402,ok-saved,si,si
AIM-P014-798.jpg,ok,logo separado de bloque ancho x[15:115],543x352,ok-saved,si,si
AIM-P014-799.jpg,ok,"logo separado de bloque ancho x[17:117] | frente/espalda fusionados, separados en x=395",543x350,ok-saved,si,si
AIM-P014-800.jpg,ok,"logo separado de bloque ancho x[15:115] | frente/espalda fusionados, separados en x=397",543x352,ok-saved,si,si
AIM-P014-801.jpg,ok,"logo separado de bloque ancho x[15:115] | frente/espalda fusionados, separados en x=399",546x352,ok-saved,si,si
AIM-P014-802.jpg,ok,"logo separado de bloque ancho x[54:423] | frente/espalda fusionados, separados en x=1452",700x454,ok-saved,si,si
AIM-P014-803.jpg,ok,"logo separado de bloque ancho x[15:116] | frente/espalda fusionados, separados en x=397",548x353,ok-saved,si,si
AIM-P014-804.jpg,ok,logo separado de bloque ancho x[15:21],308x352,ok-saved,si,si
AIM-P014-805.jpg,ok,"logo separado de bloque ancho x[15:115] | frente/espalda fusionados, separados en x=397",543x352,ok-saved,si,si
AIM-P014-806.jpg,ok,"logo separado de bloque ancho x[15:115] | frente/espalda fusionados, separados en x=397",546x352,ok-saved,si,si
AIM-P014-807.jpg,ok,"logo separado de bloque ancho x[17:117] | frente/espalda fusionados, separados en x=395",543x351,ok-saved,si,si
AIM-P014-808.jpg,ok,"logo separado de bloque ancho x[15:116] | frente/espalda fusionados, separados en x=389",555x353,ok-saved,si,si
AIM-P014-809.jpg,ok,"logo separado de bloque ancho x[15:116] | frente/espalda fusionados, separados en x=400",547x352,ok-saved,si,si
AIM-P014-810.jpg,ok,"logo separado de bloque ancho x[15:115] | frente/espalda fusionados, separados en x=400",562x354,ok-saved,si,si
AIM-P014-811.jpg,ok,"logo separado de bloque ancho x[15:115] | frente/espalda fusionados, separados en x=397",547x352,ok-saved,si,si
AIM-P014-812.jpg,ok,logo descartado x[15:125],504x334,ok-saved,si,si
AIM-P014-813.jpg,ok,"logo separado de bloque ancho x[15:117] | frente/espalda fusionados, separados en x=397",562x355,ok-saved,si,si
AIM-P014-814.jpg,ok,"logo separado de bloque ancho x[15:115] | frente/espalda fusionados, separados en x=399",548x353,ok-saved,si,si
AIM-P014-815.jpg,ok,"logo separado de bloque ancho x[15:115] | frente/espalda fusionados, separados en x=400",564x354,ok-saved,si,si
AIM-P014-816.jpg,ok,"logo separado de bloque ancho x[15:116] | frente/espalda fusionados, separados en x=397",550x354,ok-saved,si,si
AIM-P014-817.jpg,ok,"logo separado de bloque ancho x[15:115] | frente/espalda fusionados, separados en x=399",554x352,ok-saved,si,si
AIM-P014-818.jpg,ok,"logo separado de bloque ancho x[16:132] | frente/espalda fusionados, separados en x=452",619x402,ok-saved,si,si
AIM-P014-819.jpg,ok,"logo separado de bloque ancho x[15:115] | frente/espalda fusionados, separados en x=397",553x352,ok-saved,si,si
AIM-P014-820.jpg,ok,"logo separado de bloque ancho x[15:115] | frente/espalda fusionados, separados en x=399",545x352,ok-saved,si,si
AIM-P014-821.jpg,ok,"logo separado de bloque ancho x[15:116] | frente/espalda fusionados, separados en x=400",545x352,ok-saved,si,si
AIM-P014-822.jpg,ok,"logo separado de bloque ancho x[17:117] | frente/espalda fusionados, separados en x=397",542x350,ok-saved,si,si
AIM-P014-823.jpg,ok,"logo separado de bloque ancho x[15:115] | frente/espalda fusionados, separados en x=397",543x352,ok-saved,si,si
AIM-P014-824.jpg,ok,"logo separado de bloque ancho x[15:115] | frente/espalda fusionados, separados en x=396",546x352,ok-saved,si,si
AIM-P014-825.jpg,ok,"logo separado de bloque ancho x[15:115] | frente/espalda fusionados, separados en x=400",556x352,ok-saved,si,si
AIM-P014-826.jpg,ok,"logo separado de bloque ancho x[15:116] | frente/espalda fusionados, separados en x=397",547x352,ok-saved,si,si
AIM-P014-827.jpg,ok,"logo separado de bloque ancho x[15:115] | frente/espalda fusionados, separados en x=396",549x353,ok-saved,si,si
AIM-P014-828.jpg,ok,"logo separado de bloque ancho x[15:115] | frente/espalda fusionados, separados en x=397",543x352,ok-saved,si,si
AIM-P014-829.jpg,ok,"logo separado de bloque ancho x[15:116] | frente/espalda fusionados, separados en x=397",544x352,ok-saved,si,si
AIM-P014-830.jpg,ok,"logo separado de bloque ancho x[15:115] | frente/espalda fusionados, separados en x=397",543x352,ok-saved,si,si
AIM-P014-831.jpg,ok,"logo separado de bloque ancho x[54:423] | frente/espalda fusionados, separados en x=1451",700x456,ok-saved,si,si
AIM-P014-832.jpg,ok,"logo separado de bloque ancho x[15:116] | frente/espalda fusionados, separados en x=400",556x353,ok-saved,si,si
AIM-P014-833.jpg,ok,"logo separado de bloque ancho x[15:115] | frente/espalda fusionados, separados en x=397",543x352,ok-saved,si,si
AIM-P014-834.jpg,ok,"logo separado de bloque ancho x[15:116] | frente/espalda fusionados, separados en x=400",554x352,ok-saved,si,si
AIM-P014-835.jpg,ok,"logo separado de bloque ancho x[15:115] | frente/espalda fusionados, separados en x=397",548x352,ok-saved,si,si
AIM-P014-836.jpg,ok,"logo separado de bloque ancho x[13:115] | frente/espalda fusionados, separados en x=401",552x359,ok-saved,si,si
AIM-P014-837.jpg,ok,"logo separado de bloque ancho x[54:423] | frente/espalda fusionados, separados en x=1450",700x454,ok-saved,si,si
AIM-P014-838.jpg,ok,"logo separado de bloque ancho x[15:115] | frente/espalda fusionados, separados en x=400",556x352,ok-saved,si,si
AIM-P014-839.jpg,ok,"logo separado de bloque ancho x[15:115] | frente/espalda fusionados, separados en x=399",543x352,ok-saved,si,si
AIM-P014-840.jpg,ok,"logo separado de bloque ancho x[15:116] | frente/espalda fusionados, separados en x=400",564x353,ok-saved,si,si
AIM-P015-841.jpg,ok,"logo separado de bloque ancho x[15:115] | frente/espalda fusionados, separados en x=397",548x352,ok-saved,si,si
AIM-P015-842.jpg,ok,"logo separado de bloque ancho x[15:116] | frente/espalda fusionados, separados en x=396",545x353,ok-saved,si,si
AIM-P015-843.jpg,ok,"logo separado de bloque ancho x[15:115] | frente/espalda fusionados, separados en x=400",562x354,ok-saved,si,si
AIM-P015-844.jpg,ok,"logo separado de bloque ancho x[15:116] | frente/espalda fusionados, separados en x=397",543x352,ok-saved,si,si
AIM-P015-845.jpg,ok,"logo separado de bloque ancho x[15:115] | frente/espalda fusionados, separados en x=397",543x352,ok-saved,si,si
AIM-P015-846.jpg,ok,"logo separado de bloque ancho x[17:117] | frente/espalda fusionados, separados en x=397",542x350,ok-saved,si,si
AIM-P015-847.jpg,ok,"logo separado de bloque ancho x[15:115] | frente/espalda fusionados, separados en x=397",543x352,ok-saved,si,si
AIM-P015-848.jpg,ok,"logo separado de bloque ancho x[15:115] | frente/espalda fusionados, separados en x=397",544x352,ok-saved,si,si
AIM-P015-849.jpg,ok,"logo separado de bloque ancho x[15:115] | frente/espalda fusionados, separados en x=397",546x353,ok-saved,si,si
AIM-P015-850.jpg,ok,"logo separado de bloque ancho x[15:115] | frente/espalda fusionados, separados en x=397",545x352,ok-saved,si,si
AIM-P015-851.jpg,ok,"logo separado de bloque ancho x[15:115] | frente/espalda fusionados, separados en x=389",555x352,ok-saved,si,si
AIM-P015-852.jpg,ok,"logo separado de bloque ancho x[17:117] | frente/espalda fusionados, separados en x=402",535x350,ok-saved,si,si
AIM-P015-853.jpg,ok,"logo separado de bloque ancho x[15:115] | frente/espalda fusionados, separados en x=397",546x352,ok-saved,si,si
AIM-P015-854.jpg,ok,"logo separado de bloque ancho x[15:116] | frente/espalda fusionados, separados en x=404",539x352,ok-saved,si,si
AIM-P015-855.jpg,ok,"logo separado de bloque ancho x[15:115] | frente/espalda fusionados, separados en x=397",549x352,ok-saved,si,si
AIM-P015-856.jpg,ok,"logo separado de bloque ancho x[15:115] | frente/espalda fusionados, separados en x=399",554x352,ok-saved,si,si
AIM-P015-857.jpg,ok,"logo separado de bloque ancho x[15:115] | frente/espalda fusionados, separados en x=400",565x355,ok-saved,si,si
AIM-P015-858.jpg,ok,"logo separado de bloque ancho x[15:115] | frente/espalda fusionados, separados en x=397",548x352,ok-saved,si,si
AIM-P015-859.jpg,ok,"logo separado de bloque ancho x[11:113] | frente/espalda fusionados, separados en x=397",548x356,ok-saved,si,si
AIM-P015-860.jpg,ok,"logo separado de bloque ancho x[15:116] | frente/espalda fusionados, separados en x=398",544x352,ok-saved,si,si
AIM-P015-861.jpg,ok,logo separado de bloque ancho x[15:115],468x352,ok-saved,si,si
AIM-P015-862.jpg,ok,"logo separado de bloque ancho x[15:116] | frente/espalda fusionados, separados en x=397",547x352,ok-saved,si,si
AIM-P015-863.jpg,ok,"logo separado de bloque ancho x[54:423] | frente/espalda fusionados, separados en x=1452",700x456,ok-saved,si,si
AIM-P015-864.jpg,ok,"logo separado de bloque ancho x[17:117] | frente/espalda fusionados, separados en x=397",540x350,ok-saved,si,si
AIM-P015-865.jpg,ok,"logo separado de bloque ancho x[15:115] | frente/espalda fusionados, separados en x=397",552x352,ok-saved,si,si
AIM-P015-866.jpg,ok,"logo separado de bloque ancho x[15:115] | frente/espalda fusionados, separados en x=402",564x355,ok-saved,si,si
AIM-P015-867.jpg,ok,"logo separado de bloque ancho x[15:116] | frente/espalda fusionados, separados en x=397",543x352,ok-saved,si,si
AIM-P015-868.jpg,ok,"logo separado de bloque ancho x[15:115] | frente/espalda fusionados, separados en x=400",556x348,ok-saved,si,si
AIM-P015-869.jpg,ok,"logo separado de bloque ancho x[17:117] | frente/espalda fusionados, separados en x=395",541x351,ok-saved,si,si
AIM-P015-870.jpg,ok,"logo separado de bloque ancho x[4:109] | frente/espalda fusionados, separados en x=401",565x367,ok-saved,si,si
AIM-P015-871.jpg,ok,"logo separado de bloque ancho x[54:423] | frente/espalda fusionados, separados en x=1450",700x457,ok-saved,si,si
AIM-P015-872.jpg,ok,"logo separado de bloque ancho x[15:116] | frente/espalda fusionados, separados en x=398",548x352,ok-saved,si,si
AIM-P015-873.jpg,ok,"logo separado de bloque ancho x[54:423] | frente/espalda fusionados, separados en x=1444",700x452,ok-saved,si,si
AIM-P015-874.jpg,ok,"logo separado de bloque ancho x[14:119] | frente/espalda fusionados, separados en x=397",554x354,ok-saved,si,si
AIM-P015-875.jpg,ok,"logo separado de bloque ancho x[15:115] | frente/espalda fusionados, separados en x=401",562x353,ok-saved,si,si
AIM-P015-876.jpg,ok,"logo separado de bloque ancho x[17:117] | frente/espalda fusionados, separados en x=396",543x350,ok-saved,si,si
AIM-P015-877.jpg,ok,"logo separado de bloque ancho x[15:115] | frente/espalda fusionados, separados en x=397",546x352,ok-saved,si,si
AIM-P015-878.jpg,ok,"logo separado de bloque ancho x[16:132] | frente/espalda fusionados, separados en x=452",618x403,ok-saved,si,si
AIM-P015-879.jpg,ok,"logo separado de bloque ancho x[15:115] | frente/espalda fusionados, separados en x=398",546x352,ok-saved,si,si
AIM-P015-880.jpg,ok,"logo separado de bloque ancho x[17:117] | frente/espalda fusionados, separados en x=396",543x350,ok-saved,si,si
AIM-P015-881.jpg,ok,"logo separado de bloque ancho x[15:116] | frente/espalda fusionados, separados en x=399",546x352,ok-saved,si,si
AIM-P015-882.jpg,ok,"logo separado de bloque ancho x[15:115] | frente/espalda fusionados, separados en x=397",543x352,ok-saved,si,si
AIM-P015-883.jpg,ok,"logo separado de bloque ancho x[15:115] | frente/espalda fusionados, separados en x=397",543x352,ok-saved,si,si
AIM-P015-884.jpg,ok,"logo separado de bloque ancho x[15:115] | frente/espalda fusionados, separados en x=395",553x352,ok-saved,si,si
AIM-P015-885.jpg,ok,"logo separado de bloque ancho x[54:423] | frente/espalda fusionados, separados en x=1446",700x454,ok-saved,si,si
AIM-P015-886.jpg,ok,"logo separado de bloque ancho x[15:115] | frente/espalda fusionados, separados en x=397",543x352,ok-saved,si,si
AIM-P015-887.jpg,ok,"logo separado de bloque ancho x[15:115] | frente/espalda fusionados, separados en x=398",547x353,ok-saved,si,si
AIM-P015-888.jpg,ok,"logo separado de bloque ancho x[14:116] | frente/espalda fusionados, separados en x=397",560x353,ok-saved,si,si
AIM-P015-889.jpg,ok,"logo separado de bloque ancho x[54:423] | frente/espalda fusionados, separados en x=1452",700x453,ok-saved,si,si
AIM-P015-890.jpg,ok,"logo separado de bloque ancho x[15:116] | frente/espalda fusionados, separados en x=397",548x352,ok-saved,si,si
AIM-P015-891.jpg,ok,"logo separado de bloque ancho x[15:116] | frente/espalda fusionados, separados en x=398",564x353,ok-saved,si,si
AIM-P015-892.jpg,ok,"logo separado de bloque ancho x[5:107] | frente/espalda fusionados, separados en x=393",547x360,ok-saved,si,si
AIM-P015-893.jpg,ok,"logo separado de bloque ancho x[17:117] | frente/espalda fusionados, separados en x=396",541x350,ok-saved,si,si
AIM-P015-894.jpg,dudoso,logo separado de bloque ancho x[15:115] | espalda no distinguible del fondo (revisar),404x353,ok-saved,si,no
AIM-P015-895.jpg,ok,"logo separado de bloque ancho x[15:115] | frente/espalda fusionados, separados en x=397",550x353,ok-saved,si,si
AIM-P015-896.jpg,dudoso,1 bandas (se esperaban 3) | sin cabecera ni pie (formato atipico) | logo separado de bloque ancho x[15:130] | espalda no distinguible del fondo (revisar),546x528,ok-saved,si,no
AIM-P015-897.jpg,ok,"logo separado de bloque ancho x[54:423] | frente/espalda fusionados, separados en x=1420",700x449,ok-saved,si,si
AIM-P015-898.jpg,ok,"logo separado de bloque ancho x[15:115] | frente/espalda fusionados, separados en x=400",565x355,ok-saved,si,si
AIM-P015-899.jpg,ok,"logo separado de bloque ancho x[15:115] | frente/espalda fusionados, separados en x=399",553x352,ok-saved,si,si
AIM-P015-900.jpg,ok,"logo separado de bloque ancho x[15:115] | frente/espalda fusionados, separados en x=397",544x352,ok-saved,si,si
AIM-P016-901.jpg,ok,"logo separado de bloque ancho x[15:115] | frente/espalda fusionados, separados en x=398",547x352,ok-saved,si,si
AIM-P016-902.jpg,ok,"logo separado de bloque ancho x[15:115] | frente/espalda fusionados, separados en x=397",543x352,ok-saved,si,si
AIM-P016-903.jpg,ok,"logo separado de bloque ancho x[17:117] | frente/espalda fusionados, separados en x=400",546x350,ok-saved,si,si
AIM-P016-904.jpg,ok,"logo separado de bloque ancho x[15:115] | frente/espalda fusionados, separados en x=400",550x353,ok-saved,si,si
AIM-P016-905.jpg,ok,"logo separado de bloque ancho x[15:115] | frente/espalda fusionados, separados en x=398",550x352,ok-saved,si,si
AIM-P016-906.jpg,ok,"logo separado de bloque ancho x[15:115] | frente/espalda fusionados, separados en x=397",543x352,ok-saved,si,si
AIM-P016-907.jpg,ok,logo separado de bloque ancho x[5:107],554x362,ok-saved,si,si
AIM-P016-908.jpg,ok,"logo separado de bloque ancho x[15:116] | frente/espalda fusionados, separados en x=400",548x352,ok-saved,si,si
AIM-P016-909.jpg,ok,"logo separado de bloque ancho x[15:116] | frente/espalda fusionados, separados en x=397",548x352,ok-saved,si,si
AIM-P016-910.jpg,ok,"logo separado de bloque ancho x[16:132] | frente/espalda fusionados, separados en x=452",618x402,ok-saved,si,si
AIM-P016-911.jpg,ok,"logo separado de bloque ancho x[15:115] | frente/espalda fusionados, separados en x=397",543x352,ok-saved,si,si
AIM-P016-912.jpg,ok,logo separado de bloque ancho x[17:117],538x350,ok-saved,si,si
AIM-P016-913.jpg,ok,"logo separado de bloque ancho x[54:423] | frente/espalda fusionados, separados en x=1454",700x457,ok-saved,si,si
AIM-P016-914.jpg,ok,"logo separado de bloque ancho x[16:132] | frente/espalda fusionados, separados en x=452",618x403,ok-saved,si,si
AIM-P016-915.jpg,ok,"logo separado de bloque ancho x[15:115] | frente/espalda fusionados, separados en x=397",549x352,ok-saved,si,si
AIM-P016-916.jpg,ok,"logo separado de bloque ancho x[16:132] | frente/espalda fusionados, separados en x=452",618x402,ok-saved,si,si
AIM-P016-917.jpg,ok,"logo separado de bloque ancho x[15:116] | frente/espalda fusionados, separados en x=400",552x352,ok-saved,si,si
AIM-P016-918.jpg,ok,"logo separado de bloque ancho x[15:116] | frente/espalda fusionados, separados en x=399",543x352,ok-saved,si,si
AIM-P016-919.jpg,ok,"logo separado de bloque ancho x[15:116] | frente/espalda fusionados, separados en x=397",547x352,ok-saved,si,si
AIM-P016-920.jpg,ok,"logo separado de bloque ancho x[15:115] | frente/espalda fusionados, separados en x=397",543x352,ok-saved,si,si
AIM-P016-921.jpg,ok,"logo separado de bloque ancho x[15:115] | frente/espalda fusionados, separados en x=400",550x353,ok-saved,si,si
AIM-P016-922.jpg,ok,"logo separado de bloque ancho x[15:116] | frente/espalda fusionados, separados en x=399",543x352,ok-saved,si,si
AIM-P016-923.jpg,ok,"logo separado de bloque ancho x[15:116] | frente/espalda fusionados, separados en x=400",556x353,ok-saved,si,si
AIM-P016-924.jpg,ok,"logo separado de bloque ancho x[5:107] | frente/espalda fusionados, separados en x=389",551x360,ok-saved,si,si
AIM-P016-925.jpg,ok,"logo separado de bloque ancho x[15:116] | frente/espalda fusionados, separados en x=400",554x352,ok-saved,si,si
AIM-P016-926.jpg,ok,"logo separado de bloque ancho x[15:116] | frente/espalda fusionados, separados en x=397",543x352,ok-saved,si,si
AIM-P016-927.jpg,ok,"logo separado de bloque ancho x[15:115] | frente/espalda fusionados, separados en x=398",552x352,ok-saved,si,si
AIM-P016-928.jpg,ok,"logo separado de bloque ancho x[16:132] | frente/espalda fusionados, separados en x=454",617x402,ok-saved,si,si
AIM-P016-929.jpg,ok,"logo separado de bloque ancho x[15:116] | frente/espalda fusionados, separados en x=397",549x353,ok-saved,si,si
AIM-P016-930.jpg,ok,"logo separado de bloque ancho x[3:107] | frente/espalda fusionados, separados en x=400",565x367,ok-saved,si,si
AIM-P016-931.jpg,ok,"logo separado de bloque ancho x[15:115] | frente/espalda fusionados, separados en x=399",541x352,ok-saved,si,si
AIM-P016-932.jpg,ok,logo descartado x[15:125],516x353,ok-saved,si,si
AIM-P016-933.jpg,ok,"logo separado de bloque ancho x[15:115] | frente/espalda fusionados, separados en x=397",543x352,ok-saved,si,si
AIM-P016-934.jpg,ok,"logo separado de bloque ancho x[15:116] | frente/espalda fusionados, separados en x=398",546x352,ok-saved,si,si
AIM-P016-935.jpg,ok,"logo separado de bloque ancho x[15:115] | frente/espalda fusionados, separados en x=400",562x355,ok-saved,si,si
AIM-P016-936.jpg,ok,"logo separado de bloque ancho x[14:117] | frente/espalda fusionados, separados en x=400",555x354,ok-saved,si,si
AIM-P016-937.jpg,ok,"logo separado de bloque ancho x[15:116] | frente/espalda fusionados, separados en x=398",544x352,ok-saved,si,si
AIM-P016-938.jpg,ok,"logo separado de bloque ancho x[15:115] | frente/espalda fusionados, separados en x=400",555x352,ok-saved,si,si
AIM-P016-939.jpg,ok,"logo separado de bloque ancho x[15:115] | frente/espalda fusionados, separados en x=400",546x352,ok-saved,si,si
AIM-P016-940.jpg,ok,"logo separado de bloque ancho x[17:117] | frente/espalda fusionados, separados en x=399",542x350,ok-saved,si,si
AIM-P016-941.jpg,ok,"logo separado de bloque ancho x[11:112] | frente/espalda fusionados, separados en x=391",542x359,ok-saved,si,si
AIM-P016-942.jpg,ok,"logo separado de bloque ancho x[15:115] | frente/espalda fusionados, separados en x=400",546x352,ok-saved,si,si
AIM-P016-943.jpg,ok,"logo separado de bloque ancho x[15:116] | frente/espalda fusionados, separados en x=398",550x352,ok-saved,si,si
AIM-P016-944.jpg,ok,"logo separado de bloque ancho x[54:423] | frente/espalda fusionados, separados en x=1450",700x455,ok-saved,si,si
AIM-P016-945.jpg,ok,logo separado de bloque ancho x[15:21],339x352,ok-saved,si,si
AIM-P016-946.jpg,ok,"logo separado de bloque ancho x[16:132] | frente/espalda fusionados, separados en x=452",618x402,ok-saved,si,si
AIM-P016-947.jpg,ok,"logo separado de bloque ancho x[12:113] | frente/espalda fusionados, separados en x=400",550x353,ok-saved,si,si
AIM-P016-948.jpg,ok,"logo separado de bloque ancho x[15:115] | frente/espalda fusionados, separados en x=400",557x288,ok-saved,si,si
AIM-P016-949.jpg,ok,"logo separado de bloque ancho x[15:115] | frente/espalda fusionados, separados en x=400",565x355,ok-saved,si,si
AIM-P016-950.jpg,ok,"logo separado de bloque ancho x[11:112] | frente/espalda fusionados, separados en x=391",541x357,ok-saved,si,si
AIM-P016-951.jpg,ok,"logo separado de bloque ancho x[15:115] | frente/espalda fusionados, separados en x=399",546x352,ok-saved,si,si
AIM-P016-952.jpg,ok,"logo separado de bloque ancho x[15:115] | frente/espalda fusionados, separados en x=397",543x346,ok-saved,si,si
AIM-P016-953.jpg,ok,"logo separado de bloque ancho x[15:116] | frente/espalda fusionados, separados en x=397",556x352,ok-saved,si,si
AIM-P016-954.jpg,ok,"logo separado de bloque ancho x[15:115] | frente/espalda fusionados, separados en x=397",543x352,ok-saved,si,si
AIM-P016-955.jpg,ok,"logo separado de bloque ancho x[15:116] | frente/espalda fusionados, separados en x=397",546x352,ok-saved,si,si
AIM-P016-956.jpg,ok,"logo separado de bloque ancho x[15:115] | frente/espalda fusionados, separados en x=397",543x352,ok-saved,si,si
AIM-P016-957.jpg,ok,"logo separado de bloque ancho x[15:116] | frente/espalda fusionados, separados en x=398",552x352,ok-saved,si,si
AIM-P016-958.jpg,ok,"logo separado de bloque ancho x[15:115] | frente/espalda fusionados, separados en x=397",547x353,ok-saved,si,si
AIM-P016-959.jpg,ok,"logo separado de bloque ancho x[15:116] | frente/espalda fusionados, separados en x=397",543x352,ok-saved,si,si
AIM-P016-960.jpg,ok,"logo separado de bloque ancho x[15:115] | frente/espalda fusionados, separados en x=396",547x352,ok-saved,si,si
AIM-P017-1000.jpg,ok,logo descartado x[11:122],501x353,ok-saved,si,si
AIM-P017-961.jpg,ok,"logo separado de bloque ancho x[15:116] | frente/espalda fusionados, separados en x=397",546x352,ok-saved,si,si
AIM-P017-962.jpg,ok,"logo separado de bloque ancho x[15:115] | frente/espalda fusionados, separados en x=397",543x352,ok-saved,si,si
AIM-P017-963.jpg,ok,"logo separado de bloque ancho x[15:116] | frente/espalda fusionados, separados en x=397",548x352,ok-saved,si,si
AIM-P017-964.jpg,ok,"logo separado de bloque ancho x[15:116] | frente/espalda fusionados, separados en x=397",548x352,ok-saved,si,si
AIM-P017-965.jpg,ok,"logo separado de bloque ancho x[15:116] | frente/espalda fusionados, separados en x=397",548x352,ok-saved,si,si
AIM-P017-966.jpg,ok,"logo separado de bloque ancho x[15:115] | frente/espalda fusionados, separados en x=397",543x352,ok-saved,si,si
AIM-P017-967.jpg,ok,"logo separado de bloque ancho x[16:132] | frente/espalda fusionados, separados en x=451",619x402,ok-saved,si,si
AIM-P017-968.jpg,ok,"logo separado de bloque ancho x[54:423] | frente/espalda fusionados, separados en x=1435",700x452,ok-saved,si,si
AIM-P017-969.jpg,ok,"logo separado de bloque ancho x[17:117] | frente/espalda fusionados, separados en x=396",543x350,ok-saved,si,si
AIM-P017-970.jpg,ok,"logo separado de bloque ancho x[11:112] | frente/espalda fusionados, separados en x=394",541x356,ok-saved,si,si
AIM-P017-971.jpg,ok,"logo separado de bloque ancho x[15:116] | frente/espalda fusionados, separados en x=397",548x352,ok-saved,si,si
AIM-P017-972.jpg,ok,"logo separado de bloque ancho x[15:115] | frente/espalda fusionados, separados en x=396",543x352,ok-saved,si,si
AIM-P017-973.jpg,ok,"logo separado de bloque ancho x[16:132] | frente/espalda fusionados, separados en x=454",616x402,ok-saved,si,si
AIM-P017-974.jpg,ok,"logo separado de bloque ancho x[15:116] | frente/espalda fusionados, separados en x=397",547x352,ok-saved,si,si
AIM-P017-975.jpg,ok,"logo separado de bloque ancho x[15:115] | frente/espalda fusionados, separados en x=397",543x352,ok-saved,si,si
AIM-P017-976.jpg,ok,"logo separado de bloque ancho x[15:115] | frente/espalda fusionados, separados en x=399",555x352,ok-saved,si,si
AIM-P017-977.jpg,ok,"logo separado de bloque ancho x[15:115] | frente/espalda fusionados, separados en x=397",543x352,ok-saved,si,si
AIM-P017-978.jpg,ok,"logo separado de bloque ancho x[15:116] | frente/espalda fusionados, separados en x=399",546x353,ok-saved,si,si
AIM-P017-979.jpg,ok,"logo separado de bloque ancho x[9:112] | frente/espalda fusionados, separados en x=398",553x359,ok-saved,si,si
AIM-P017-980.jpg,ok,"logo separado de bloque ancho x[15:116] | frente/espalda fusionados, separados en x=400",556x352,ok-saved,si,si
AIM-P017-981.jpg,ok,"logo separado de bloque ancho x[16:132] | frente/espalda fusionados, separados en x=452",618x402,ok-saved,si,si
AIM-P017-982.jpg,ok,"logo separado de bloque ancho x[15:115] | frente/espalda fusionados, separados en x=397",543x352,ok-saved,si,si
AIM-P017-983.jpg,ok,"logo separado de bloque ancho x[15:115] | frente/espalda fusionados, separados en x=398",544x352,ok-saved,si,si
AIM-P017-984.jpg,ok,"logo separado de bloque ancho x[15:115] | frente/espalda fusionados, separados en x=390",539x353,ok-saved,si,si
AIM-P017-985.jpg,ok,"logo separado de bloque ancho x[15:115] | frente/espalda fusionados, separados en x=400",547x352,ok-saved,si,si
AIM-P017-986.jpg,ok,"logo separado de bloque ancho x[15:115] | frente/espalda fusionados, separados en x=397",554x352,ok-saved,si,si
AIM-P017-987.jpg,ok,logo separado de bloque ancho x[54:423],700x480,ok-saved,si,si
AIM-P017-988.jpg,ok,"logo separado de bloque ancho x[17:117] | frente/espalda fusionados, separados en x=397",543x350,ok-saved,si,si
AIM-P017-989.jpg,ok,"logo separado de bloque ancho x[11:112] | frente/espalda fusionados, separados en x=393",541x353,ok-saved,si,si
AIM-P017-990.jpg,ok,"logo separado de bloque ancho x[15:115] | frente/espalda fusionados, separados en x=399",548x352,ok-saved,si,si
AIM-P017-991.jpg,ok,"logo separado de bloque ancho x[15:115] | frente/espalda fusionados, separados en x=400",547x352,ok-saved,si,si
AIM-P017-992.jpg,ok,"logo separado de bloque ancho x[15:115] | frente/espalda fusionados, separados en x=400",565x355,ok-saved,si,si
AIM-P017-993.jpg,ok,"logo separado de bloque ancho x[4:109] | frente/espalda fusionados, separados en x=399",562x364,ok-saved,si,si
AIM-P017-994.jpg,ok,"logo separado de bloque ancho x[15:116] | frente/espalda fusionados, separados en x=397",543x352,ok-saved,si,si
AIM-P017-995.jpg,ok,"logo separado de bloque ancho x[15:116] | frente/espalda fusionados, separados en x=399",547x352,ok-saved,si,si
AIM-P017-996.jpg,ok,"logo separado de bloque ancho x[15:116] | frente/espalda fusionados, separados en x=398",549x353,ok-saved,si,si
AIM-P017-997.jpg,ok,"logo separado de bloque ancho x[6:110] | frente/espalda fusionados, separados en x=400",561x365,ok-saved,si,si
AIM-P017-998.jpg,ok,"logo separado de bloque ancho x[15:115] | frente/espalda fusionados, separados en x=400",562x355,ok-saved,si,si
AIM-P017-999.jpg,ok,"logo separado de bloque ancho x[15:116] | frente/espalda fusionados, separados en x=400",555x352,ok-saved,si,si
